
=== RiftEngine build started: 2026-08-29T03:03:25+00:00 ===
ROOT=/workspaces/.riftengine/WebkitWasm
LOG=/workspaces/.riftengine/riftengine-build.log
=== RiftEngine persistent bootstrap ===
==> checking host prerequisites
==> pinning WebKit @ aec9d2ad95
    port patch already applied (or needs manual reconcile — see BUILD.md)
==> installing + activating Emscripten 6.0.0
Resolving SDK version '6.0.0' to 'sdk-releases-772bb4648be4a897ca062d6adc65bc70223d2703-64bit'
Installing SDK 'sdk-releases-772bb4648be4a897ca062d6adc65bc70223d2703-64bit'..
Skipped installing node-24.19.0-64bit, already installed.
Skipped installing releases-772bb4648be4a897ca062d6adc65bc70223d2703-64bit, already installed.
All SDK components already installed: 'sdk-releases-772bb4648be4a897ca062d6adc65bc70223d2703-64bit'.
Resolving SDK version '6.0.0' to 'sdk-releases-772bb4648be4a897ca062d6adc65bc70223d2703-64bit'
Setting the following tools as active:
   node-24.19.0-64bit
   releases-772bb4648be4a897ca062d6adc65bc70223d2703-64bit

Next steps:
- To conveniently access emsdk tools from the command line,
  consider adding the following directories to your PATH:
    /workspaces/.riftengine/WebkitWasm/third_party/emsdk
    /workspaces/.riftengine/WebkitWasm/third_party/emsdk/upstream/emscripten
- This can be done for the current shell by running:
    source "/workspaces/.riftengine/WebkitWasm/third_party/emsdk/emsdk_env.sh"
- Configure emsdk in your shell startup scripts by running:
    echo 'source "/workspaces/.riftengine/WebkitWasm/third_party/emsdk/emsdk_env.sh"' >> $HOME/.bash_profile
==> building wasm deps  (icu -> webcore-deps -> curl-tier; each idempotent)
=== stage: fetch ===
=== stage: host build (tools for cross-compile) ===
=== stage: wasm build ===
=== done ===
drwxrwxrwx+ 3 vscode vscode    4096 Aug 29 03:03 icu
-rw-r--r--  1 vscode vscode    4042 Aug 29 02:50 libharfbuzz-icu.a
-rwxr-xr-x  1 vscode vscode     626 Aug 29 03:03 libicudata.a
-rwxr-xr-x  1 vscode vscode 4799802 Aug 29 03:03 libicui18n.a
-rwxr-xr-x  1 vscode vscode   53192 Aug 29 03:03 libicuio.a
-rwxr-xr-x  1 vscode vscode 2686602 Aug 29 03:03 libicuuc.a
ICU release-77-1 installed to /workspaces/.riftengine/WebkitWasm/third_party/wasm-sysroot
=== zlib ===
=== libpng ===
=== libjpeg-turbo ===
=== libwebp ===
=== brotli prebuild for freetype WOFF2 ===
=== freetype (no harfbuzz first pass) ===
=== harfbuzz ===
=== libxml2 ===
=== sqlite3 ===
=== DONE — sysroot contents ===
cmake
icu
libbrotlicommon.a
libbrotlidec.a
libbrotlienc.a
libcrypto.a
libcurl.a
libcurl.la
libfreetype.a
libharfbuzz.a
libharfbuzz-icu.a
libharfbuzz-subset.a
libicudata.a
libicui18n.a
libicuio.a
libicuuc.a
libjpeg.a
libnghttp2.a
libpng
libpng16.a
libpng.a
libpsl.a
libpsl.la
libsharpyuv.a
libsqlite3.a
libssl.a
libwebp.a
libwebpdecoder.a
libwebpdemux.a
libwebpmux.a
libxml2.a
libz.a
pkgconfig
=== OpenSSL ===
=== nghttp2 ===
=== brotli ===
=== libpsl ===
=== curl ===
=== zlib.pc shim ===
=== fontconfig ===
  % Total    % Received % Xferd  Average Speed   Time    Time     Time  Current
                                 Dload  Upload   Total   Spent    Left  Speed
  0     0    0     0    0     0      0      0 --:--:-- --:--:-- --:--:--     0  0     0    0     0    0     0      0      0 --:--:-- --:--:-- --:--:--     0
curl: (22) The requested URL returned error: 418

FAILED: RiftEngine build exited with code 22

=== Recent dependency/build logs ===

===== third_party/build-deps/curl-build.log =====
make[1]: Leaving directory '/workspaces/.riftengine/WebkitWasm/third_party/build-deps/curl/src'
Making install in scripts
make[1]: Entering directory '/workspaces/.riftengine/WebkitWasm/third_party/build-deps/curl/scripts'
make[2]: Entering directory '/workspaces/.riftengine/WebkitWasm/third_party/build-deps/curl/scripts'
make[2]: Nothing to be done for 'install-data-am'.
 /usr/bin/mkdir -p '/workspaces/.riftengine/WebkitWasm/third_party/wasm-sysroot/bin'
 /usr/bin/install -c wcurl '/workspaces/.riftengine/WebkitWasm/third_party/wasm-sysroot/bin'
make[2]: Leaving directory '/workspaces/.riftengine/WebkitWasm/third_party/build-deps/curl/scripts'
make[1]: Leaving directory '/workspaces/.riftengine/WebkitWasm/third_party/build-deps/curl/scripts'
make[1]: Entering directory '/workspaces/.riftengine/WebkitWasm/third_party/build-deps/curl'
make[2]: Entering directory '/workspaces/.riftengine/WebkitWasm/third_party/build-deps/curl'
 /usr/bin/mkdir -p '/workspaces/.riftengine/WebkitWasm/third_party/wasm-sysroot/bin'
 /usr/bin/mkdir -p '/workspaces/.riftengine/WebkitWasm/third_party/wasm-sysroot/lib/pkgconfig'
 /usr/bin/install -c curl-config '/workspaces/.riftengine/WebkitWasm/third_party/wasm-sysroot/bin'
 /usr/bin/install -c -m 644 libcurl.pc '/workspaces/.riftengine/WebkitWasm/third_party/wasm-sysroot/lib/pkgconfig'
make  install-data-hook
make[3]: Entering directory '/workspaces/.riftengine/WebkitWasm/third_party/build-deps/curl'
(cd include && make install)
make[4]: Entering directory '/workspaces/.riftengine/WebkitWasm/third_party/build-deps/curl/include'
Making install in curl
make[5]: Entering directory '/workspaces/.riftengine/WebkitWasm/third_party/build-deps/curl/include/curl'
make[6]: Entering directory '/workspaces/.riftengine/WebkitWasm/third_party/build-deps/curl/include/curl'
make[6]: Nothing to be done for 'install-exec-am'.
 /usr/bin/mkdir -p '/workspaces/.riftengine/WebkitWasm/third_party/wasm-sysroot/include/curl'
 /usr/bin/install -c -m 644 curl.h curlver.h easy.h mprintf.h stdcheaders.h multi.h typecheck-gcc.h system.h urlapi.h options.h header.h websockets.h '/workspaces/.riftengine/WebkitWasm/third_party/wasm-sysroot/include/curl'
make[6]: Leaving directory '/workspaces/.riftengine/WebkitWasm/third_party/build-deps/curl/include/curl'
make[5]: Leaving directory '/workspaces/.riftengine/WebkitWasm/third_party/build-deps/curl/include/curl'
make[5]: Entering directory '/workspaces/.riftengine/WebkitWasm/third_party/build-deps/curl/include'
make[6]: Entering directory '/workspaces/.riftengine/WebkitWasm/third_party/build-deps/curl/include'
make[6]: Nothing to be done for 'install-exec-am'.
make[6]: Nothing to be done for 'install-data-am'.
make[6]: Leaving directory '/workspaces/.riftengine/WebkitWasm/third_party/build-deps/curl/include'
make[5]: Leaving directory '/workspaces/.riftengine/WebkitWasm/third_party/build-deps/curl/include'
make[4]: Leaving directory '/workspaces/.riftengine/WebkitWasm/third_party/build-deps/curl/include'
(cd docs && make install)
make[4]: Entering directory '/workspaces/.riftengine/WebkitWasm/third_party/build-deps/curl/docs'
Making install in .
make[5]: Entering directory '/workspaces/.riftengine/WebkitWasm/third_party/build-deps/curl/docs'
make[6]: Entering directory '/workspaces/.riftengine/WebkitWasm/third_party/build-deps/curl/docs'
make[6]: Nothing to be done for 'install-exec-am'.
 /usr/bin/mkdir -p '/workspaces/.riftengine/WebkitWasm/third_party/wasm-sysroot/share/man/man1'
 /usr/bin/install -c -m 644 curl-config.1 wcurl.1 '/workspaces/.riftengine/WebkitWasm/third_party/wasm-sysroot/share/man/man1'
make[6]: Leaving directory '/workspaces/.riftengine/WebkitWasm/third_party/build-deps/curl/docs'
make[5]: Leaving directory '/workspaces/.riftengine/WebkitWasm/third_party/build-deps/curl/docs'
Making install in cmdline-opts
make[5]: Entering directory '/workspaces/.riftengine/WebkitWasm/third_party/build-deps/curl/docs/cmdline-opts'
make[6]: Entering directory '/workspaces/.riftengine/WebkitWasm/third_party/build-deps/curl/docs/cmdline-opts'
make[6]: Nothing to be done for 'install-exec-am'.
 /usr/bin/mkdir -p '/workspaces/.riftengine/WebkitWasm/third_party/wasm-sysroot/share/man/man1'
 /usr/bin/install -c -m 644 curl.1 '/workspaces/.riftengine/WebkitWasm/third_party/wasm-sysroot/share/man/man1'
make[6]: Leaving directory '/workspaces/.riftengine/WebkitWasm/third_party/build-deps/curl/docs/cmdline-opts'
make[5]: Leaving directory '/workspaces/.riftengine/WebkitWasm/third_party/build-deps/curl/docs/cmdline-opts'
Making install in libcurl
make[5]: Entering directory '/workspaces/.riftengine/WebkitWasm/third_party/build-deps/curl/docs/libcurl'
Making install in opts
make[6]: Entering directory '/workspaces/.riftengine/WebkitWasm/third_party/build-deps/curl/docs/libcurl/opts'
make[7]: Entering directory '/workspaces/.riftengine/WebkitWasm/third_party/build-deps/curl/docs/libcurl/opts'
make[7]: Nothing to be done for 'install-exec-am'.
 /usr/bin/mkdir -p '/workspaces/.riftengine/WebkitWasm/third_party/wasm-sysroot/share/man/man3'
 /usr/bin/install -c -m 644 CURLINFO_ACTIVESOCKET.3 CURLINFO_APPCONNECT_TIME.3 CURLINFO_APPCONNECT_TIME_T.3 CURLINFO_CAINFO.3 CURLINFO_CAPATH.3 CURLINFO_CERTINFO.3 CURLINFO_CONDITION_UNMET.3 CURLINFO_CONNECT_TIME.3 CURLINFO_CONN_ID.3 CURLINFO_CONNECT_TIME_T.3 CURLINFO_CONTENT_LENGTH_DOWNLOAD.3 CURLINFO_CONTENT_LENGTH_DOWNLOAD_T.3 CURLINFO_CONTENT_LENGTH_UPLOAD.3 CURLINFO_CONTENT_LENGTH_UPLOAD_T.3 CURLINFO_CONTENT_TYPE.3 CURLINFO_COOKIELIST.3 CURLINFO_EARLYDATA_SENT_T.3 CURLINFO_EFFECTIVE_METHOD.3 CURLINFO_EFFECTIVE_URL.3 CURLINFO_FILETIME.3 CURLINFO_FILETIME_T.3 CURLINFO_FTP_ENTRY_PATH.3 CURLINFO_HEADER_SIZE.3 CURLINFO_HTTP_CONNECTCODE.3 CURLINFO_HTTP_VERSION.3 CURLINFO_HTTPAUTH_AVAIL.3 CURLINFO_HTTPAUTH_USED.3 CURLINFO_LASTSOCKET.3 CURLINFO_LOCAL_IP.3 CURLINFO_LOCAL_PORT.3 CURLINFO_NAMELOOKUP_TIME.3 CURLINFO_NAMELOOKUP_TIME_T.3 CURLINFO_NUM_CONNECTS.3 CURLINFO_OS_ERRNO.3 CURLINFO_PRETRANSFER_TIME.3 CURLINFO_PRETRANSFER_TIME_T.3 CURLINFO_POSTTRANSFER_TIME_T.3 CURLINFO_PRIMARY_IP.3 CURLINFO_PRIMARY_PORT.3 CURLINFO_PRIVATE.3 '/workspaces/.riftengine/WebkitWasm/third_party/wasm-sysroot/share/man/man3'
 /usr/bin/install -c -m 644 CURLINFO_PROTOCOL.3 CURLINFO_PROXY_ERROR.3 CURLINFO_PROXY_SSL_VERIFYRESULT.3 CURLINFO_PROXYAUTH_AVAIL.3 CURLINFO_PROXYAUTH_USED.3 CURLINFO_QUEUE_TIME_T.3 CURLINFO_REDIRECT_COUNT.3 CURLINFO_REDIRECT_TIME.3 CURLINFO_REDIRECT_TIME_T.3 CURLINFO_REDIRECT_URL.3 CURLINFO_REFERER.3 CURLINFO_REQUEST_SIZE.3 CURLINFO_RESPONSE_CODE.3 CURLINFO_RETRY_AFTER.3 CURLINFO_RTSP_CLIENT_CSEQ.3 CURLINFO_RTSP_CSEQ_RECV.3 CURLINFO_RTSP_SERVER_CSEQ.3 CURLINFO_RTSP_SESSION_ID.3 CURLINFO_SCHEME.3 CURLINFO_SIZE_DOWNLOAD.3 CURLINFO_SIZE_DOWNLOAD_T.3 CURLINFO_SIZE_UPLOAD.3 CURLINFO_SIZE_UPLOAD_T.3 CURLINFO_SPEED_DOWNLOAD.3 CURLINFO_SPEED_DOWNLOAD_T.3 CURLINFO_SPEED_UPLOAD.3 CURLINFO_SPEED_UPLOAD_T.3 CURLINFO_SSL_ENGINES.3 CURLINFO_SSL_VERIFYRESULT.3 CURLINFO_STARTTRANSFER_TIME.3 CURLINFO_STARTTRANSFER_TIME_T.3 CURLINFO_TLS_SESSION.3 CURLINFO_TLS_SSL_PTR.3 CURLINFO_TOTAL_TIME.3 CURLINFO_TOTAL_TIME_T.3 CURLINFO_USED_PROXY.3 CURLINFO_XFER_ID.3 CURLMINFO_XFERS_ADDED.3 CURLMINFO_XFERS_CURRENT.3 CURLMINFO_XFERS_DONE.3 '/workspaces/.riftengine/WebkitWasm/third_party/wasm-sysroot/share/man/man3'
 /usr/bin/install -c -m 644 CURLMINFO_XFERS_PENDING.3 CURLMINFO_XFERS_RUNNING.3 CURLMOPT_CHUNK_LENGTH_PENALTY_SIZE.3 CURLMOPT_CONTENT_LENGTH_PENALTY_SIZE.3 CURLMOPT_MAX_CONCURRENT_STREAMS.3 CURLMOPT_MAX_HOST_CONNECTIONS.3 CURLMOPT_MAX_PIPELINE_LENGTH.3 CURLMOPT_MAX_TOTAL_CONNECTIONS.3 CURLMOPT_MAXCONNECTS.3 CURLMOPT_NETWORK_CHANGED.3 CURLMOPT_NOTIFYDATA.3 CURLMOPT_NOTIFYFUNCTION.3 CURLMOPT_PIPELINING.3 CURLMOPT_PIPELINING_SERVER_BL.3 CURLMOPT_PIPELINING_SITE_BL.3 CURLMOPT_PUSHDATA.3 CURLMOPT_PUSHFUNCTION.3 CURLMOPT_SOCKETDATA.3 CURLMOPT_SOCKETFUNCTION.3 CURLMOPT_TIMERDATA.3 CURLMOPT_TIMERFUNCTION.3 CURLOPT_ABSTRACT_UNIX_SOCKET.3 CURLOPT_ACCEPT_ENCODING.3 CURLOPT_ACCEPTTIMEOUT_MS.3 CURLOPT_ADDRESS_SCOPE.3 CURLOPT_ALTSVC.3 CURLOPT_ALTSVC_CTRL.3 CURLOPT_APPEND.3 CURLOPT_AUTOREFERER.3 CURLOPT_AWS_SIGV4.3 CURLOPT_BUFFERSIZE.3 CURLOPT_CAINFO.3 CURLOPT_CAINFO_BLOB.3 CURLOPT_CAPATH.3 CURLOPT_CA_CACHE_TIMEOUT.3 CURLOPT_CERTINFO.3 CURLOPT_CHUNK_BGN_FUNCTION.3 CURLOPT_CHUNK_DATA.3 CURLOPT_CHUNK_END_FUNCTION.3 CURLOPT_CLOSESOCKETDATA.3 '/workspaces/.riftengine/WebkitWasm/third_party/wasm-sysroot/share/man/man3'
 /usr/bin/install -c -m 644 CURLOPT_CLOSESOCKETFUNCTION.3 CURLOPT_CONNECT_ONLY.3 CURLOPT_CONNECT_TO.3 CURLOPT_CONNECTTIMEOUT.3 CURLOPT_CONNECTTIMEOUT_MS.3 CURLOPT_CONV_FROM_NETWORK_FUNCTION.3 CURLOPT_CONV_FROM_UTF8_FUNCTION.3 CURLOPT_CONV_TO_NETWORK_FUNCTION.3 CURLOPT_COOKIE.3 CURLOPT_COOKIEFILE.3 CURLOPT_COOKIEJAR.3 CURLOPT_COOKIELIST.3 CURLOPT_COOKIESESSION.3 CURLOPT_COPYPOSTFIELDS.3 CURLOPT_CRLF.3 CURLOPT_CRLFILE.3 CURLOPT_CURLU.3 CURLOPT_CUSTOMREQUEST.3 CURLOPT_DEBUGDATA.3 CURLOPT_DEBUGFUNCTION.3 CURLOPT_DEFAULT_PROTOCOL.3 CURLOPT_DIRLISTONLY.3 CURLOPT_DISALLOW_USERNAME_IN_URL.3 CURLOPT_DNS_CACHE_TIMEOUT.3 CURLOPT_DNS_INTERFACE.3 CURLOPT_DNS_LOCAL_IP4.3 CURLOPT_DNS_LOCAL_IP6.3 CURLOPT_DNS_SERVERS.3 CURLOPT_DNS_SHUFFLE_ADDRESSES.3 CURLOPT_DNS_USE_GLOBAL_CACHE.3 CURLOPT_DOH_SSL_VERIFYHOST.3 CURLOPT_DOH_SSL_VERIFYPEER.3 CURLOPT_DOH_SSL_VERIFYSTATUS.3 CURLOPT_DOH_URL.3 CURLOPT_ECH.3 CURLOPT_EGDSOCKET.3 CURLOPT_ERRORBUFFER.3 CURLOPT_EXPECT_100_TIMEOUT_MS.3 CURLOPT_FAILONERROR.3 CURLOPT_FILETIME.3 '/workspaces/.riftengine/WebkitWasm/third_party/wasm-sysroot/share/man/man3'
 /usr/bin/install -c -m 644 CURLOPT_FNMATCH_DATA.3 CURLOPT_FNMATCH_FUNCTION.3 CURLOPT_FOLLOWLOCATION.3 CURLOPT_FORBID_REUSE.3 CURLOPT_FRESH_CONNECT.3 CURLOPT_FTP_ACCOUNT.3 CURLOPT_FTP_ALTERNATIVE_TO_USER.3 CURLOPT_FTP_CREATE_MISSING_DIRS.3 CURLOPT_FTP_FILEMETHOD.3 CURLOPT_FTP_SKIP_PASV_IP.3 CURLOPT_FTP_SSL_CCC.3 CURLOPT_FTP_USE_EPRT.3 CURLOPT_FTP_USE_EPSV.3 CURLOPT_FTP_USE_PRET.3 CURLOPT_FTPPORT.3 CURLOPT_FTPSSLAUTH.3 CURLOPT_GSSAPI_DELEGATION.3 CURLOPT_HAPPY_EYEBALLS_TIMEOUT_MS.3 CURLOPT_HAPROXYPROTOCOL.3 CURLOPT_HAPROXY_CLIENT_IP.3 CURLOPT_HEADER.3 CURLOPT_HEADERDATA.3 CURLOPT_HEADERFUNCTION.3 CURLOPT_HEADEROPT.3 CURLOPT_HSTS.3 CURLOPT_HSTS_CTRL.3 CURLOPT_HSTSREADDATA.3 CURLOPT_HSTSREADFUNCTION.3 CURLOPT_HSTSWRITEDATA.3 CURLOPT_HSTSWRITEFUNCTION.3 CURLOPT_HTTP09_ALLOWED.3 CURLOPT_HTTP200ALIASES.3 CURLOPT_HTTP_CONTENT_DECODING.3 CURLOPT_HTTP_TRANSFER_DECODING.3 CURLOPT_HTTP_VERSION.3 CURLOPT_HTTPAUTH.3 CURLOPT_HTTPGET.3 CURLOPT_HTTPHEADER.3 CURLOPT_HTTPPOST.3 CURLOPT_HTTPPROXYTUNNEL.3 '/workspaces/.riftengine/WebkitWasm/third_party/wasm-sysroot/share/man/man3'
 /usr/bin/install -c -m 644 CURLOPT_IGNORE_CONTENT_LENGTH.3 CURLOPT_INFILESIZE.3 CURLOPT_INFILESIZE_LARGE.3 CURLOPT_INTERFACE.3 CURLOPT_INTERLEAVEDATA.3 CURLOPT_INTERLEAVEFUNCTION.3 CURLOPT_IOCTLDATA.3 CURLOPT_IOCTLFUNCTION.3 CURLOPT_IPRESOLVE.3 CURLOPT_ISSUERCERT.3 CURLOPT_ISSUERCERT_BLOB.3 CURLOPT_KEEP_SENDING_ON_ERROR.3 CURLOPT_KEYPASSWD.3 CURLOPT_KRBLEVEL.3 CURLOPT_LOCALPORT.3 CURLOPT_LOCALPORTRANGE.3 CURLOPT_LOGIN_OPTIONS.3 CURLOPT_LOW_SPEED_LIMIT.3 CURLOPT_LOW_SPEED_TIME.3 CURLOPT_MAIL_AUTH.3 CURLOPT_MAIL_FROM.3 CURLOPT_MAIL_RCPT.3 CURLOPT_MAIL_RCPT_ALLOWFAILS.3 CURLOPT_MAX_RECV_SPEED_LARGE.3 CURLOPT_MAX_SEND_SPEED_LARGE.3 CURLOPT_MAXAGE_CONN.3 CURLOPT_MAXCONNECTS.3 CURLOPT_MAXFILESIZE.3 CURLOPT_MAXFILESIZE_LARGE.3 CURLOPT_MAXLIFETIME_CONN.3 CURLOPT_MAXREDIRS.3 CURLOPT_MIME_OPTIONS.3 CURLOPT_MIMEPOST.3 CURLOPT_NETRC.3 CURLOPT_NETRC_FILE.3 CURLOPT_NEW_DIRECTORY_PERMS.3 CURLOPT_NEW_FILE_PERMS.3 CURLOPT_NOBODY.3 CURLOPT_NOPROGRESS.3 CURLOPT_NOPROXY.3 '/workspaces/.riftengine/WebkitWasm/third_party/wasm-sysroot/share/man/man3'
 /usr/bin/install -c -m 644 CURLOPT_NOSIGNAL.3 CURLOPT_OPENSOCKETDATA.3 CURLOPT_OPENSOCKETFUNCTION.3 CURLOPT_PASSWORD.3 CURLOPT_PATH_AS_IS.3 CURLOPT_PINNEDPUBLICKEY.3 CURLOPT_PIPEWAIT.3 CURLOPT_PORT.3 CURLOPT_POST.3 CURLOPT_POSTFIELDS.3 CURLOPT_POSTFIELDSIZE.3 CURLOPT_POSTFIELDSIZE_LARGE.3 CURLOPT_POSTQUOTE.3 CURLOPT_POSTREDIR.3 CURLOPT_PRE_PROXY.3 CURLOPT_PREQUOTE.3 CURLOPT_PREREQDATA.3 CURLOPT_PREREQFUNCTION.3 CURLOPT_PRIVATE.3 CURLOPT_PROGRESSDATA.3 CURLOPT_PROGRESSFUNCTION.3 CURLOPT_PROTOCOLS.3 CURLOPT_PROTOCOLS_STR.3 CURLOPT_PROXY.3 CURLOPT_PROXY_CAINFO.3 CURLOPT_PROXY_CAINFO_BLOB.3 CURLOPT_PROXY_CAPATH.3 CURLOPT_PROXY_CRLFILE.3 CURLOPT_PROXY_ISSUERCERT.3 CURLOPT_PROXY_ISSUERCERT_BLOB.3 CURLOPT_PROXY_KEYPASSWD.3 CURLOPT_PROXY_PINNEDPUBLICKEY.3 CURLOPT_PROXY_SERVICE_NAME.3 CURLOPT_PROXY_SSL_CIPHER_LIST.3 CURLOPT_PROXY_SSL_OPTIONS.3 CURLOPT_PROXY_SSL_VERIFYHOST.3 CURLOPT_PROXY_SSL_VERIFYPEER.3 CURLOPT_PROXY_SSLCERT.3 CURLOPT_PROXY_SSLCERT_BLOB.3 CURLOPT_PROXY_SSLCERTTYPE.3 '/workspaces/.riftengine/WebkitWasm/third_party/wasm-sysroot/share/man/man3'
 /usr/bin/install -c -m 644 CURLOPT_PROXY_SSLKEY.3 CURLOPT_PROXY_SSLKEY_BLOB.3 CURLOPT_PROXY_SSLKEYTYPE.3 CURLOPT_PROXY_SSLVERSION.3 CURLOPT_PROXY_TLS13_CIPHERS.3 CURLOPT_PROXY_TLSAUTH_PASSWORD.3 CURLOPT_PROXY_TLSAUTH_TYPE.3 CURLOPT_PROXY_TLSAUTH_USERNAME.3 CURLOPT_PROXY_TRANSFER_MODE.3 CURLOPT_PROXYAUTH.3 CURLOPT_PROXYHEADER.3 CURLOPT_PROXYPASSWORD.3 CURLOPT_PROXYPORT.3 CURLOPT_PROXYTYPE.3 CURLOPT_PROXYUSERNAME.3 CURLOPT_PROXYUSERPWD.3 CURLOPT_PUT.3 CURLOPT_QUICK_EXIT.3 CURLOPT_QUOTE.3 CURLOPT_RANDOM_FILE.3 CURLOPT_RANGE.3 CURLOPT_READDATA.3 CURLOPT_READFUNCTION.3 CURLOPT_REDIR_PROTOCOLS.3 CURLOPT_REDIR_PROTOCOLS_STR.3 CURLOPT_REFERER.3 CURLOPT_REQUEST_TARGET.3 CURLOPT_RESOLVE.3 CURLOPT_RESOLVER_START_DATA.3 CURLOPT_RESOLVER_START_FUNCTION.3 CURLOPT_RESUME_FROM.3 CURLOPT_RESUME_FROM_LARGE.3 CURLOPT_RTSP_CLIENT_CSEQ.3 CURLOPT_RTSP_REQUEST.3 CURLOPT_RTSP_SERVER_CSEQ.3 CURLOPT_RTSP_SESSION_ID.3 CURLOPT_RTSP_STREAM_URI.3 CURLOPT_RTSP_TRANSPORT.3 CURLOPT_SASL_AUTHZID.3 CURLOPT_SASL_IR.3 '/workspaces/.riftengine/WebkitWasm/third_party/wasm-sysroot/share/man/man3'
 /usr/bin/install -c -m 644 CURLOPT_SEEKDATA.3 CURLOPT_SEEKFUNCTION.3 CURLOPT_SERVER_RESPONSE_TIMEOUT.3 CURLOPT_SERVER_RESPONSE_TIMEOUT_MS.3 CURLOPT_SERVICE_NAME.3 CURLOPT_SHARE.3 CURLOPT_SOCKOPTDATA.3 CURLOPT_SOCKOPTFUNCTION.3 CURLOPT_SOCKS5_AUTH.3 CURLOPT_SOCKS5_GSSAPI_NEC.3 CURLOPT_SOCKS5_GSSAPI_SERVICE.3 CURLOPT_SSH_AUTH_TYPES.3 CURLOPT_SSH_COMPRESSION.3 CURLOPT_SSH_HOSTKEYDATA.3 CURLOPT_SSH_HOSTKEYFUNCTION.3 CURLOPT_SSH_HOST_PUBLIC_KEY_MD5.3 CURLOPT_SSH_HOST_PUBLIC_KEY_SHA256.3 CURLOPT_SSH_KEYDATA.3 CURLOPT_SSH_KEYFUNCTION.3 CURLOPT_SSH_KNOWNHOSTS.3 CURLOPT_SSH_PRIVATE_KEYFILE.3 CURLOPT_SSH_PUBLIC_KEYFILE.3 CURLOPT_SSL_CIPHER_LIST.3 CURLOPT_SSL_CTX_DATA.3 CURLOPT_SSL_CTX_FUNCTION.3 CURLOPT_SSL_EC_CURVES.3 CURLOPT_SSL_ENABLE_ALPN.3 CURLOPT_SSL_ENABLE_NPN.3 CURLOPT_SSL_FALSESTART.3 CURLOPT_SSL_OPTIONS.3 CURLOPT_SSL_SESSIONID_CACHE.3 CURLOPT_SSL_SIGNATURE_ALGORITHMS.3 CURLOPT_SSL_VERIFYHOST.3 CURLOPT_SSL_VERIFYPEER.3 CURLOPT_SSL_VERIFYSTATUS.3 CURLOPT_SSLCERT.3 CURLOPT_SSLCERT_BLOB.3 CURLOPT_SSLCERTTYPE.3 CURLOPT_SSLENGINE.3 CURLOPT_SSLENGINE_DEFAULT.3 '/workspaces/.riftengine/WebkitWasm/third_party/wasm-sysroot/share/man/man3'
 /usr/bin/install -c -m 644 CURLOPT_SSLKEY.3 CURLOPT_SSLKEY_BLOB.3 CURLOPT_SSLKEYTYPE.3 CURLOPT_SSLVERSION.3 CURLOPT_STDERR.3 CURLOPT_STREAM_DEPENDS.3 CURLOPT_STREAM_DEPENDS_E.3 CURLOPT_STREAM_WEIGHT.3 CURLOPT_SUPPRESS_CONNECT_HEADERS.3 CURLOPT_TCP_FASTOPEN.3 CURLOPT_TCP_KEEPALIVE.3 CURLOPT_TCP_KEEPIDLE.3 CURLOPT_TCP_KEEPINTVL.3 CURLOPT_TCP_KEEPCNT.3 CURLOPT_TCP_NODELAY.3 CURLOPT_TELNETOPTIONS.3 CURLOPT_TFTP_BLKSIZE.3 CURLOPT_TFTP_NO_OPTIONS.3 CURLOPT_TIMECONDITION.3 CURLOPT_TIMEOUT.3 CURLOPT_TIMEOUT_MS.3 CURLOPT_TIMEVALUE.3 CURLOPT_TIMEVALUE_LARGE.3 CURLOPT_TLS13_CIPHERS.3 CURLOPT_TLSAUTH_PASSWORD.3 CURLOPT_TLSAUTH_TYPE.3 CURLOPT_TLSAUTH_USERNAME.3 CURLOPT_TRAILERDATA.3 CURLOPT_TRAILERFUNCTION.3 CURLOPT_TRANSFER_ENCODING.3 CURLOPT_TRANSFERTEXT.3 CURLOPT_UNIX_SOCKET_PATH.3 CURLOPT_UNRESTRICTED_AUTH.3 CURLOPT_UPKEEP_INTERVAL_MS.3 CURLOPT_UPLOAD.3 CURLOPT_UPLOAD_BUFFERSIZE.3 CURLOPT_UPLOAD_FLAGS.3 CURLOPT_URL.3 CURLOPT_USE_SSL.3 CURLOPT_USERAGENT.3 '/workspaces/.riftengine/WebkitWasm/third_party/wasm-sysroot/share/man/man3'
 /usr/bin/install -c -m 644 CURLOPT_USERNAME.3 CURLOPT_USERPWD.3 CURLOPT_VERBOSE.3 CURLOPT_WILDCARDMATCH.3 CURLOPT_WRITEDATA.3 CURLOPT_WRITEFUNCTION.3 CURLOPT_WS_OPTIONS.3 CURLOPT_XFERINFODATA.3 CURLOPT_XFERINFOFUNCTION.3 CURLOPT_XOAUTH2_BEARER.3 CURLSHOPT_LOCKFUNC.3 CURLSHOPT_SHARE.3 CURLSHOPT_UNLOCKFUNC.3 CURLSHOPT_UNSHARE.3 CURLSHOPT_USERDATA.3 '/workspaces/.riftengine/WebkitWasm/third_party/wasm-sysroot/share/man/man3'
make[7]: Leaving directory '/workspaces/.riftengine/WebkitWasm/third_party/build-deps/curl/docs/libcurl/opts'
make[6]: Leaving directory '/workspaces/.riftengine/WebkitWasm/third_party/build-deps/curl/docs/libcurl/opts'
make[6]: Entering directory '/workspaces/.riftengine/WebkitWasm/third_party/build-deps/curl/docs/libcurl'
make[7]: Entering directory '/workspaces/.riftengine/WebkitWasm/third_party/build-deps/curl/docs/libcurl'
make[7]: Nothing to be done for 'install-exec-am'.
 /usr/bin/mkdir -p '/workspaces/.riftengine/WebkitWasm/third_party/wasm-sysroot/share/aclocal'
 /usr/bin/mkdir -p '/workspaces/.riftengine/WebkitWasm/third_party/wasm-sysroot/share/man/man3'
 /usr/bin/install -c -m 644 libcurl.m4 '/workspaces/.riftengine/WebkitWasm/third_party/wasm-sysroot/share/aclocal'
 /usr/bin/install -c -m 644 curl_easy_cleanup.3 curl_easy_duphandle.3 curl_easy_escape.3 curl_easy_getinfo.3 curl_easy_header.3 curl_easy_init.3 curl_easy_nextheader.3 curl_easy_option_by_id.3 curl_easy_option_by_name.3 curl_easy_option_next.3 curl_easy_pause.3 curl_easy_perform.3 curl_easy_recv.3 curl_easy_reset.3 curl_easy_send.3 curl_easy_setopt.3 curl_easy_ssls_export.3 curl_easy_ssls_import.3 curl_easy_strerror.3 curl_easy_unescape.3 curl_easy_upkeep.3 curl_escape.3 curl_formadd.3 curl_formfree.3 curl_formget.3 curl_free.3 curl_getdate.3 curl_getenv.3 curl_global_cleanup.3 curl_global_init.3 curl_global_init_mem.3 curl_global_sslset.3 curl_global_trace.3 curl_mime_addpart.3 curl_mime_data.3 curl_mime_data_cb.3 curl_mime_encoder.3 curl_mime_filedata.3 curl_mime_filename.3 curl_mime_free.3 '/workspaces/.riftengine/WebkitWasm/third_party/wasm-sysroot/share/man/man3'
 /usr/bin/install -c -m 644 curl_mime_headers.3 curl_mime_init.3 curl_mime_name.3 curl_mime_subparts.3 curl_mime_type.3 curl_mprintf.3 curl_multi_add_handle.3 curl_multi_assign.3 curl_multi_cleanup.3 curl_multi_fdset.3 curl_multi_get_handles.3 curl_multi_get_offt.3 curl_multi_info_read.3 curl_multi_init.3 curl_multi_notify_disable.3 curl_multi_notify_enable.3 curl_multi_perform.3 curl_multi_poll.3 curl_multi_remove_handle.3 curl_multi_setopt.3 curl_multi_socket.3 curl_multi_socket_action.3 curl_multi_socket_all.3 curl_multi_strerror.3 curl_multi_timeout.3 curl_multi_wait.3 curl_multi_waitfds.3 curl_multi_wakeup.3 curl_pushheader_byname.3 curl_pushheader_bynum.3 curl_share_cleanup.3 curl_share_init.3 curl_share_setopt.3 curl_share_strerror.3 curl_slist_append.3 curl_slist_free_all.3 curl_strequal.3 curl_strnequal.3 curl_unescape.3 curl_url.3 '/workspaces/.riftengine/WebkitWasm/third_party/wasm-sysroot/share/man/man3'
 /usr/bin/install -c -m 644 curl_url_cleanup.3 curl_url_dup.3 curl_url_get.3 curl_url_set.3 curl_url_strerror.3 curl_version.3 curl_version_info.3 curl_ws_meta.3 curl_ws_recv.3 curl_ws_send.3 curl_ws_start_frame.3 libcurl-easy.3 libcurl-env-dbg.3 libcurl-env.3 libcurl-errors.3 libcurl-multi.3 libcurl-security.3 libcurl-share.3 libcurl-symbols.3 libcurl-thread.3 libcurl-tutorial.3 libcurl-url.3 libcurl-ws.3 libcurl.3 '/workspaces/.riftengine/WebkitWasm/third_party/wasm-sysroot/share/man/man3'
make[7]: Leaving directory '/workspaces/.riftengine/WebkitWasm/third_party/build-deps/curl/docs/libcurl'
make[6]: Leaving directory '/workspaces/.riftengine/WebkitWasm/third_party/build-deps/curl/docs/libcurl'
make[5]: Leaving directory '/workspaces/.riftengine/WebkitWasm/third_party/build-deps/curl/docs/libcurl'
make[4]: Leaving directory '/workspaces/.riftengine/WebkitWasm/third_party/build-deps/curl/docs'
(cd docs/libcurl && make install)
make[4]: Entering directory '/workspaces/.riftengine/WebkitWasm/third_party/build-deps/curl/docs/libcurl'
Making install in opts
make[5]: Entering directory '/workspaces/.riftengine/WebkitWasm/third_party/build-deps/curl/docs/libcurl/opts'
make[6]: Entering directory '/workspaces/.riftengine/WebkitWasm/third_party/build-deps/curl/docs/libcurl/opts'
make[6]: Nothing to be done for 'install-exec-am'.
 /usr/bin/mkdir -p '/workspaces/.riftengine/WebkitWasm/third_party/wasm-sysroot/share/man/man3'
 /usr/bin/install -c -m 644 CURLINFO_ACTIVESOCKET.3 CURLINFO_APPCONNECT_TIME.3 CURLINFO_APPCONNECT_TIME_T.3 CURLINFO_CAINFO.3 CURLINFO_CAPATH.3 CURLINFO_CERTINFO.3 CURLINFO_CONDITION_UNMET.3 CURLINFO_CONNECT_TIME.3 CURLINFO_CONN_ID.3 CURLINFO_CONNECT_TIME_T.3 CURLINFO_CONTENT_LENGTH_DOWNLOAD.3 CURLINFO_CONTENT_LENGTH_DOWNLOAD_T.3 CURLINFO_CONTENT_LENGTH_UPLOAD.3 CURLINFO_CONTENT_LENGTH_UPLOAD_T.3 CURLINFO_CONTENT_TYPE.3 CURLINFO_COOKIELIST.3 CURLINFO_EARLYDATA_SENT_T.3 CURLINFO_EFFECTIVE_METHOD.3 CURLINFO_EFFECTIVE_URL.3 CURLINFO_FILETIME.3 CURLINFO_FILETIME_T.3 CURLINFO_FTP_ENTRY_PATH.3 CURLINFO_HEADER_SIZE.3 CURLINFO_HTTP_CONNECTCODE.3 CURLINFO_HTTP_VERSION.3 CURLINFO_HTTPAUTH_AVAIL.3 CURLINFO_HTTPAUTH_USED.3 CURLINFO_LASTSOCKET.3 CURLINFO_LOCAL_IP.3 CURLINFO_LOCAL_PORT.3 CURLINFO_NAMELOOKUP_TIME.3 CURLINFO_NAMELOOKUP_TIME_T.3 CURLINFO_NUM_CONNECTS.3 CURLINFO_OS_ERRNO.3 CURLINFO_PRETRANSFER_TIME.3 CURLINFO_PRETRANSFER_TIME_T.3 CURLINFO_POSTTRANSFER_TIME_T.3 CURLINFO_PRIMARY_IP.3 CURLINFO_PRIMARY_PORT.3 CURLINFO_PRIVATE.3 '/workspaces/.riftengine/WebkitWasm/third_party/wasm-sysroot/share/man/man3'
 /usr/bin/install -c -m 644 CURLINFO_PROTOCOL.3 CURLINFO_PROXY_ERROR.3 CURLINFO_PROXY_SSL_VERIFYRESULT.3 CURLINFO_PROXYAUTH_AVAIL.3 CURLINFO_PROXYAUTH_USED.3 CURLINFO_QUEUE_TIME_T.3 CURLINFO_REDIRECT_COUNT.3 CURLINFO_REDIRECT_TIME.3 CURLINFO_REDIRECT_TIME_T.3 CURLINFO_REDIRECT_URL.3 CURLINFO_REFERER.3 CURLINFO_REQUEST_SIZE.3 CURLINFO_RESPONSE_CODE.3 CURLINFO_RETRY_AFTER.3 CURLINFO_RTSP_CLIENT_CSEQ.3 CURLINFO_RTSP_CSEQ_RECV.3 CURLINFO_RTSP_SERVER_CSEQ.3 CURLINFO_RTSP_SESSION_ID.3 CURLINFO_SCHEME.3 CURLINFO_SIZE_DOWNLOAD.3 CURLINFO_SIZE_DOWNLOAD_T.3 CURLINFO_SIZE_UPLOAD.3 CURLINFO_SIZE_UPLOAD_T.3 CURLINFO_SPEED_DOWNLOAD.3 CURLINFO_SPEED_DOWNLOAD_T.3 CURLINFO_SPEED_UPLOAD.3 CURLINFO_SPEED_UPLOAD_T.3 CURLINFO_SSL_ENGINES.3 CURLINFO_SSL_VERIFYRESULT.3 CURLINFO_STARTTRANSFER_TIME.3 CURLINFO_STARTTRANSFER_TIME_T.3 CURLINFO_TLS_SESSION.3 CURLINFO_TLS_SSL_PTR.3 CURLINFO_TOTAL_TIME.3 CURLINFO_TOTAL_TIME_T.3 CURLINFO_USED_PROXY.3 CURLINFO_XFER_ID.3 CURLMINFO_XFERS_ADDED.3 CURLMINFO_XFERS_CURRENT.3 CURLMINFO_XFERS_DONE.3 '/workspaces/.riftengine/WebkitWasm/third_party/wasm-sysroot/share/man/man3'
 /usr/bin/install -c -m 644 CURLMINFO_XFERS_PENDING.3 CURLMINFO_XFERS_RUNNING.3 CURLMOPT_CHUNK_LENGTH_PENALTY_SIZE.3 CURLMOPT_CONTENT_LENGTH_PENALTY_SIZE.3 CURLMOPT_MAX_CONCURRENT_STREAMS.3 CURLMOPT_MAX_HOST_CONNECTIONS.3 CURLMOPT_MAX_PIPELINE_LENGTH.3 CURLMOPT_MAX_TOTAL_CONNECTIONS.3 CURLMOPT_MAXCONNECTS.3 CURLMOPT_NETWORK_CHANGED.3 CURLMOPT_NOTIFYDATA.3 CURLMOPT_NOTIFYFUNCTION.3 CURLMOPT_PIPELINING.3 CURLMOPT_PIPELINING_SERVER_BL.3 CURLMOPT_PIPELINING_SITE_BL.3 CURLMOPT_PUSHDATA.3 CURLMOPT_PUSHFUNCTION.3 CURLMOPT_SOCKETDATA.3 CURLMOPT_SOCKETFUNCTION.3 CURLMOPT_TIMERDATA.3 CURLMOPT_TIMERFUNCTION.3 CURLOPT_ABSTRACT_UNIX_SOCKET.3 CURLOPT_ACCEPT_ENCODING.3 CURLOPT_ACCEPTTIMEOUT_MS.3 CURLOPT_ADDRESS_SCOPE.3 CURLOPT_ALTSVC.3 CURLOPT_ALTSVC_CTRL.3 CURLOPT_APPEND.3 CURLOPT_AUTOREFERER.3 CURLOPT_AWS_SIGV4.3 CURLOPT_BUFFERSIZE.3 CURLOPT_CAINFO.3 CURLOPT_CAINFO_BLOB.3 CURLOPT_CAPATH.3 CURLOPT_CA_CACHE_TIMEOUT.3 CURLOPT_CERTINFO.3 CURLOPT_CHUNK_BGN_FUNCTION.3 CURLOPT_CHUNK_DATA.3 CURLOPT_CHUNK_END_FUNCTION.3 CURLOPT_CLOSESOCKETDATA.3 '/workspaces/.riftengine/WebkitWasm/third_party/wasm-sysroot/share/man/man3'
 /usr/bin/install -c -m 644 CURLOPT_CLOSESOCKETFUNCTION.3 CURLOPT_CONNECT_ONLY.3 CURLOPT_CONNECT_TO.3 CURLOPT_CONNECTTIMEOUT.3 CURLOPT_CONNECTTIMEOUT_MS.3 CURLOPT_CONV_FROM_NETWORK_FUNCTION.3 CURLOPT_CONV_FROM_UTF8_FUNCTION.3 CURLOPT_CONV_TO_NETWORK_FUNCTION.3 CURLOPT_COOKIE.3 CURLOPT_COOKIEFILE.3 CURLOPT_COOKIEJAR.3 CURLOPT_COOKIELIST.3 CURLOPT_COOKIESESSION.3 CURLOPT_COPYPOSTFIELDS.3 CURLOPT_CRLF.3 CURLOPT_CRLFILE.3 CURLOPT_CURLU.3 CURLOPT_CUSTOMREQUEST.3 CURLOPT_DEBUGDATA.3 CURLOPT_DEBUGFUNCTION.3 CURLOPT_DEFAULT_PROTOCOL.3 CURLOPT_DIRLISTONLY.3 CURLOPT_DISALLOW_USERNAME_IN_URL.3 CURLOPT_DNS_CACHE_TIMEOUT.3 CURLOPT_DNS_INTERFACE.3 CURLOPT_DNS_LOCAL_IP4.3 CURLOPT_DNS_LOCAL_IP6.3 CURLOPT_DNS_SERVERS.3 CURLOPT_DNS_SHUFFLE_ADDRESSES.3 CURLOPT_DNS_USE_GLOBAL_CACHE.3 CURLOPT_DOH_SSL_VERIFYHOST.3 CURLOPT_DOH_SSL_VERIFYPEER.3 CURLOPT_DOH_SSL_VERIFYSTATUS.3 CURLOPT_DOH_URL.3 CURLOPT_ECH.3 CURLOPT_EGDSOCKET.3 CURLOPT_ERRORBUFFER.3 CURLOPT_EXPECT_100_TIMEOUT_MS.3 CURLOPT_FAILONERROR.3 CURLOPT_FILETIME.3 '/workspaces/.riftengine/WebkitWasm/third_party/wasm-sysroot/share/man/man3'
 /usr/bin/install -c -m 644 CURLOPT_FNMATCH_DATA.3 CURLOPT_FNMATCH_FUNCTION.3 CURLOPT_FOLLOWLOCATION.3 CURLOPT_FORBID_REUSE.3 CURLOPT_FRESH_CONNECT.3 CURLOPT_FTP_ACCOUNT.3 CURLOPT_FTP_ALTERNATIVE_TO_USER.3 CURLOPT_FTP_CREATE_MISSING_DIRS.3 CURLOPT_FTP_FILEMETHOD.3 CURLOPT_FTP_SKIP_PASV_IP.3 CURLOPT_FTP_SSL_CCC.3 CURLOPT_FTP_USE_EPRT.3 CURLOPT_FTP_USE_EPSV.3 CURLOPT_FTP_USE_PRET.3 CURLOPT_FTPPORT.3 CURLOPT_FTPSSLAUTH.3 CURLOPT_GSSAPI_DELEGATION.3 CURLOPT_HAPPY_EYEBALLS_TIMEOUT_MS.3 CURLOPT_HAPROXYPROTOCOL.3 CURLOPT_HAPROXY_CLIENT_IP.3 CURLOPT_HEADER.3 CURLOPT_HEADERDATA.3 CURLOPT_HEADERFUNCTION.3 CURLOPT_HEADEROPT.3 CURLOPT_HSTS.3 CURLOPT_HSTS_CTRL.3 CURLOPT_HSTSREADDATA.3 CURLOPT_HSTSREADFUNCTION.3 CURLOPT_HSTSWRITEDATA.3 CURLOPT_HSTSWRITEFUNCTION.3 CURLOPT_HTTP09_ALLOWED.3 CURLOPT_HTTP200ALIASES.3 CURLOPT_HTTP_CONTENT_DECODING.3 CURLOPT_HTTP_TRANSFER_DECODING.3 CURLOPT_HTTP_VERSION.3 CURLOPT_HTTPAUTH.3 CURLOPT_HTTPGET.3 CURLOPT_HTTPHEADER.3 CURLOPT_HTTPPOST.3 CURLOPT_HTTPPROXYTUNNEL.3 '/workspaces/.riftengine/WebkitWasm/third_party/wasm-sysroot/share/man/man3'
 /usr/bin/install -c -m 644 CURLOPT_IGNORE_CONTENT_LENGTH.3 CURLOPT_INFILESIZE.3 CURLOPT_INFILESIZE_LARGE.3 CURLOPT_INTERFACE.3 CURLOPT_INTERLEAVEDATA.3 CURLOPT_INTERLEAVEFUNCTION.3 CURLOPT_IOCTLDATA.3 CURLOPT_IOCTLFUNCTION.3 CURLOPT_IPRESOLVE.3 CURLOPT_ISSUERCERT.3 CURLOPT_ISSUERCERT_BLOB.3 CURLOPT_KEEP_SENDING_ON_ERROR.3 CURLOPT_KEYPASSWD.3 CURLOPT_KRBLEVEL.3 CURLOPT_LOCALPORT.3 CURLOPT_LOCALPORTRANGE.3 CURLOPT_LOGIN_OPTIONS.3 CURLOPT_LOW_SPEED_LIMIT.3 CURLOPT_LOW_SPEED_TIME.3 CURLOPT_MAIL_AUTH.3 CURLOPT_MAIL_FROM.3 CURLOPT_MAIL_RCPT.3 CURLOPT_MAIL_RCPT_ALLOWFAILS.3 CURLOPT_MAX_RECV_SPEED_LARGE.3 CURLOPT_MAX_SEND_SPEED_LARGE.3 CURLOPT_MAXAGE_CONN.3 CURLOPT_MAXCONNECTS.3 CURLOPT_MAXFILESIZE.3 CURLOPT_MAXFILESIZE_LARGE.3 CURLOPT_MAXLIFETIME_CONN.3 CURLOPT_MAXREDIRS.3 CURLOPT_MIME_OPTIONS.3 CURLOPT_MIMEPOST.3 CURLOPT_NETRC.3 CURLOPT_NETRC_FILE.3 CURLOPT_NEW_DIRECTORY_PERMS.3 CURLOPT_NEW_FILE_PERMS.3 CURLOPT_NOBODY.3 CURLOPT_NOPROGRESS.3 CURLOPT_NOPROXY.3 '/workspaces/.riftengine/WebkitWasm/third_party/wasm-sysroot/share/man/man3'
 /usr/bin/install -c -m 644 CURLOPT_NOSIGNAL.3 CURLOPT_OPENSOCKETDATA.3 CURLOPT_OPENSOCKETFUNCTION.3 CURLOPT_PASSWORD.3 CURLOPT_PATH_AS_IS.3 CURLOPT_PINNEDPUBLICKEY.3 CURLOPT_PIPEWAIT.3 CURLOPT_PORT.3 CURLOPT_POST.3 CURLOPT_POSTFIELDS.3 CURLOPT_POSTFIELDSIZE.3 CURLOPT_POSTFIELDSIZE_LARGE.3 CURLOPT_POSTQUOTE.3 CURLOPT_POSTREDIR.3 CURLOPT_PRE_PROXY.3 CURLOPT_PREQUOTE.3 CURLOPT_PREREQDATA.3 CURLOPT_PREREQFUNCTION.3 CURLOPT_PRIVATE.3 CURLOPT_PROGRESSDATA.3 CURLOPT_PROGRESSFUNCTION.3 CURLOPT_PROTOCOLS.3 CURLOPT_PROTOCOLS_STR.3 CURLOPT_PROXY.3 CURLOPT_PROXY_CAINFO.3 CURLOPT_PROXY_CAINFO_BLOB.3 CURLOPT_PROXY_CAPATH.3 CURLOPT_PROXY_CRLFILE.3 CURLOPT_PROXY_ISSUERCERT.3 CURLOPT_PROXY_ISSUERCERT_BLOB.3 CURLOPT_PROXY_KEYPASSWD.3 CURLOPT_PROXY_PINNEDPUBLICKEY.3 CURLOPT_PROXY_SERVICE_NAME.3 CURLOPT_PROXY_SSL_CIPHER_LIST.3 CURLOPT_PROXY_SSL_OPTIONS.3 CURLOPT_PROXY_SSL_VERIFYHOST.3 CURLOPT_PROXY_SSL_VERIFYPEER.3 CURLOPT_PROXY_SSLCERT.3 CURLOPT_PROXY_SSLCERT_BLOB.3 CURLOPT_PROXY_SSLCERTTYPE.3 '/workspaces/.riftengine/WebkitWasm/third_party/wasm-sysroot/share/man/man3'
 /usr/bin/install -c -m 644 CURLOPT_PROXY_SSLKEY.3 CURLOPT_PROXY_SSLKEY_BLOB.3 CURLOPT_PROXY_SSLKEYTYPE.3 CURLOPT_PROXY_SSLVERSION.3 CURLOPT_PROXY_TLS13_CIPHERS.3 CURLOPT_PROXY_TLSAUTH_PASSWORD.3 CURLOPT_PROXY_TLSAUTH_TYPE.3 CURLOPT_PROXY_TLSAUTH_USERNAME.3 CURLOPT_PROXY_TRANSFER_MODE.3 CURLOPT_PROXYAUTH.3 CURLOPT_PROXYHEADER.3 CURLOPT_PROXYPASSWORD.3 CURLOPT_PROXYPORT.3 CURLOPT_PROXYTYPE.3 CURLOPT_PROXYUSERNAME.3 CURLOPT_PROXYUSERPWD.3 CURLOPT_PUT.3 CURLOPT_QUICK_EXIT.3 CURLOPT_QUOTE.3 CURLOPT_RANDOM_FILE.3 CURLOPT_RANGE.3 CURLOPT_READDATA.3 CURLOPT_READFUNCTION.3 CURLOPT_REDIR_PROTOCOLS.3 CURLOPT_REDIR_PROTOCOLS_STR.3 CURLOPT_REFERER.3 CURLOPT_REQUEST_TARGET.3 CURLOPT_RESOLVE.3 CURLOPT_RESOLVER_START_DATA.3 CURLOPT_RESOLVER_START_FUNCTION.3 CURLOPT_RESUME_FROM.3 CURLOPT_RESUME_FROM_LARGE.3 CURLOPT_RTSP_CLIENT_CSEQ.3 CURLOPT_RTSP_REQUEST.3 CURLOPT_RTSP_SERVER_CSEQ.3 CURLOPT_RTSP_SESSION_ID.3 CURLOPT_RTSP_STREAM_URI.3 CURLOPT_RTSP_TRANSPORT.3 CURLOPT_SASL_AUTHZID.3 CURLOPT_SASL_IR.3 '/workspaces/.riftengine/WebkitWasm/third_party/wasm-sysroot/share/man/man3'
 /usr/bin/install -c -m 644 CURLOPT_SEEKDATA.3 CURLOPT_SEEKFUNCTION.3 CURLOPT_SERVER_RESPONSE_TIMEOUT.3 CURLOPT_SERVER_RESPONSE_TIMEOUT_MS.3 CURLOPT_SERVICE_NAME.3 CURLOPT_SHARE.3 CURLOPT_SOCKOPTDATA.3 CURLOPT_SOCKOPTFUNCTION.3 CURLOPT_SOCKS5_AUTH.3 CURLOPT_SOCKS5_GSSAPI_NEC.3 CURLOPT_SOCKS5_GSSAPI_SERVICE.3 CURLOPT_SSH_AUTH_TYPES.3 CURLOPT_SSH_COMPRESSION.3 CURLOPT_SSH_HOSTKEYDATA.3 CURLOPT_SSH_HOSTKEYFUNCTION.3 CURLOPT_SSH_HOST_PUBLIC_KEY_MD5.3 CURLOPT_SSH_HOST_PUBLIC_KEY_SHA256.3 CURLOPT_SSH_KEYDATA.3 CURLOPT_SSH_KEYFUNCTION.3 CURLOPT_SSH_KNOWNHOSTS.3 CURLOPT_SSH_PRIVATE_KEYFILE.3 CURLOPT_SSH_PUBLIC_KEYFILE.3 CURLOPT_SSL_CIPHER_LIST.3 CURLOPT_SSL_CTX_DATA.3 CURLOPT_SSL_CTX_FUNCTION.3 CURLOPT_SSL_EC_CURVES.3 CURLOPT_SSL_ENABLE_ALPN.3 CURLOPT_SSL_ENABLE_NPN.3 CURLOPT_SSL_FALSESTART.3 CURLOPT_SSL_OPTIONS.3 CURLOPT_SSL_SESSIONID_CACHE.3 CURLOPT_SSL_SIGNATURE_ALGORITHMS.3 CURLOPT_SSL_VERIFYHOST.3 CURLOPT_SSL_VERIFYPEER.3 CURLOPT_SSL_VERIFYSTATUS.3 CURLOPT_SSLCERT.3 CURLOPT_SSLCERT_BLOB.3 CURLOPT_SSLCERTTYPE.3 CURLOPT_SSLENGINE.3 CURLOPT_SSLENGINE_DEFAULT.3 '/workspaces/.riftengine/WebkitWasm/third_party/wasm-sysroot/share/man/man3'
 /usr/bin/install -c -m 644 CURLOPT_SSLKEY.3 CURLOPT_SSLKEY_BLOB.3 CURLOPT_SSLKEYTYPE.3 CURLOPT_SSLVERSION.3 CURLOPT_STDERR.3 CURLOPT_STREAM_DEPENDS.3 CURLOPT_STREAM_DEPENDS_E.3 CURLOPT_STREAM_WEIGHT.3 CURLOPT_SUPPRESS_CONNECT_HEADERS.3 CURLOPT_TCP_FASTOPEN.3 CURLOPT_TCP_KEEPALIVE.3 CURLOPT_TCP_KEEPIDLE.3 CURLOPT_TCP_KEEPINTVL.3 CURLOPT_TCP_KEEPCNT.3 CURLOPT_TCP_NODELAY.3 CURLOPT_TELNETOPTIONS.3 CURLOPT_TFTP_BLKSIZE.3 CURLOPT_TFTP_NO_OPTIONS.3 CURLOPT_TIMECONDITION.3 CURLOPT_TIMEOUT.3 CURLOPT_TIMEOUT_MS.3 CURLOPT_TIMEVALUE.3 CURLOPT_TIMEVALUE_LARGE.3 CURLOPT_TLS13_CIPHERS.3 CURLOPT_TLSAUTH_PASSWORD.3 CURLOPT_TLSAUTH_TYPE.3 CURLOPT_TLSAUTH_USERNAME.3 CURLOPT_TRAILERDATA.3 CURLOPT_TRAILERFUNCTION.3 CURLOPT_TRANSFER_ENCODING.3 CURLOPT_TRANSFERTEXT.3 CURLOPT_UNIX_SOCKET_PATH.3 CURLOPT_UNRESTRICTED_AUTH.3 CURLOPT_UPKEEP_INTERVAL_MS.3 CURLOPT_UPLOAD.3 CURLOPT_UPLOAD_BUFFERSIZE.3 CURLOPT_UPLOAD_FLAGS.3 CURLOPT_URL.3 CURLOPT_USE_SSL.3 CURLOPT_USERAGENT.3 '/workspaces/.riftengine/WebkitWasm/third_party/wasm-sysroot/share/man/man3'
 /usr/bin/install -c -m 644 CURLOPT_USERNAME.3 CURLOPT_USERPWD.3 CURLOPT_VERBOSE.3 CURLOPT_WILDCARDMATCH.3 CURLOPT_WRITEDATA.3 CURLOPT_WRITEFUNCTION.3 CURLOPT_WS_OPTIONS.3 CURLOPT_XFERINFODATA.3 CURLOPT_XFERINFOFUNCTION.3 CURLOPT_XOAUTH2_BEARER.3 CURLSHOPT_LOCKFUNC.3 CURLSHOPT_SHARE.3 CURLSHOPT_UNLOCKFUNC.3 CURLSHOPT_UNSHARE.3 CURLSHOPT_USERDATA.3 '/workspaces/.riftengine/WebkitWasm/third_party/wasm-sysroot/share/man/man3'
make[6]: Leaving directory '/workspaces/.riftengine/WebkitWasm/third_party/build-deps/curl/docs/libcurl/opts'
make[5]: Leaving directory '/workspaces/.riftengine/WebkitWasm/third_party/build-deps/curl/docs/libcurl/opts'
make[5]: Entering directory '/workspaces/.riftengine/WebkitWasm/third_party/build-deps/curl/docs/libcurl'
make[6]: Entering directory '/workspaces/.riftengine/WebkitWasm/third_party/build-deps/curl/docs/libcurl'
make[6]: Nothing to be done for 'install-exec-am'.
 /usr/bin/mkdir -p '/workspaces/.riftengine/WebkitWasm/third_party/wasm-sysroot/share/aclocal'
 /usr/bin/mkdir -p '/workspaces/.riftengine/WebkitWasm/third_party/wasm-sysroot/share/man/man3'
 /usr/bin/install -c -m 644 libcurl.m4 '/workspaces/.riftengine/WebkitWasm/third_party/wasm-sysroot/share/aclocal'
 /usr/bin/install -c -m 644 curl_easy_cleanup.3 curl_easy_duphandle.3 curl_easy_escape.3 curl_easy_getinfo.3 curl_easy_header.3 curl_easy_init.3 curl_easy_nextheader.3 curl_easy_option_by_id.3 curl_easy_option_by_name.3 curl_easy_option_next.3 curl_easy_pause.3 curl_easy_perform.3 curl_easy_recv.3 curl_easy_reset.3 curl_easy_send.3 curl_easy_setopt.3 curl_easy_ssls_export.3 curl_easy_ssls_import.3 curl_easy_strerror.3 curl_easy_unescape.3 curl_easy_upkeep.3 curl_escape.3 curl_formadd.3 curl_formfree.3 curl_formget.3 curl_free.3 curl_getdate.3 curl_getenv.3 curl_global_cleanup.3 curl_global_init.3 curl_global_init_mem.3 curl_global_sslset.3 curl_global_trace.3 curl_mime_addpart.3 curl_mime_data.3 curl_mime_data_cb.3 curl_mime_encoder.3 curl_mime_filedata.3 curl_mime_filename.3 curl_mime_free.3 '/workspaces/.riftengine/WebkitWasm/third_party/wasm-sysroot/share/man/man3'
 /usr/bin/install -c -m 644 curl_mime_headers.3 curl_mime_init.3 curl_mime_name.3 curl_mime_subparts.3 curl_mime_type.3 curl_mprintf.3 curl_multi_add_handle.3 curl_multi_assign.3 curl_multi_cleanup.3 curl_multi_fdset.3 curl_multi_get_handles.3 curl_multi_get_offt.3 curl_multi_info_read.3 curl_multi_init.3 curl_multi_notify_disable.3 curl_multi_notify_enable.3 curl_multi_perform.3 curl_multi_poll.3 curl_multi_remove_handle.3 curl_multi_setopt.3 curl_multi_socket.3 curl_multi_socket_action.3 curl_multi_socket_all.3 curl_multi_strerror.3 curl_multi_timeout.3 curl_multi_wait.3 curl_multi_waitfds.3 curl_multi_wakeup.3 curl_pushheader_byname.3 curl_pushheader_bynum.3 curl_share_cleanup.3 curl_share_init.3 curl_share_setopt.3 curl_share_strerror.3 curl_slist_append.3 curl_slist_free_all.3 curl_strequal.3 curl_strnequal.3 curl_unescape.3 curl_url.3 '/workspaces/.riftengine/WebkitWasm/third_party/wasm-sysroot/share/man/man3'
 /usr/bin/install -c -m 644 curl_url_cleanup.3 curl_url_dup.3 curl_url_get.3 curl_url_set.3 curl_url_strerror.3 curl_version.3 curl_version_info.3 curl_ws_meta.3 curl_ws_recv.3 curl_ws_send.3 curl_ws_start_frame.3 libcurl-easy.3 libcurl-env-dbg.3 libcurl-env.3 libcurl-errors.3 libcurl-multi.3 libcurl-security.3 libcurl-share.3 libcurl-symbols.3 libcurl-thread.3 libcurl-tutorial.3 libcurl-url.3 libcurl-ws.3 libcurl.3 '/workspaces/.riftengine/WebkitWasm/third_party/wasm-sysroot/share/man/man3'
make[6]: Leaving directory '/workspaces/.riftengine/WebkitWasm/third_party/build-deps/curl/docs/libcurl'
make[5]: Leaving directory '/workspaces/.riftengine/WebkitWasm/third_party/build-deps/curl/docs/libcurl'
make[4]: Leaving directory '/workspaces/.riftengine/WebkitWasm/third_party/build-deps/curl/docs/libcurl'
make[3]: Leaving directory '/workspaces/.riftengine/WebkitWasm/third_party/build-deps/curl'
make[2]: Leaving directory '/workspaces/.riftengine/WebkitWasm/third_party/build-deps/curl'
make[1]: Leaving directory '/workspaces/.riftengine/WebkitWasm/third_party/build-deps/curl'

===== third_party/build-deps/curl/config.log =====
#define HAVE_PWD_H 1
#define HAVE_UTIME_H 1
#define HAVE_SYS_POLL_H 1
#define HAVE_POLL_H 1
#define HAVE_SYS_RESOURCE_H 1
#define HAVE_LIBGEN_H 1
#define HAVE_LOCALE_H 1
#define HAVE_STDBOOL_H 1
#define HAVE_STDINT_H 1
#define HAVE_SYS_TYPES_H 1
#define HAVE_STRUCT_TIMEVAL 1
#define SIZEOF_SIZE_T 4
#define SIZEOF_LONG 4
#define SIZEOF_INT 4
#define SIZEOF_TIME_T 8
#define SIZEOF_OFF_T 8
#define SIZEOF_CURL_OFF_T 8
#define SIZEOF_CURL_SOCKET_T 4
#define HAVE_LONGLONG 1
#define HAVE_BOOL_T 1
#define HAVE_SA_FAMILY_T 1
#define HAVE_SUSECONDS_T 1
#define HAVE_STRUCT_SOCKADDR_STORAGE 1
#define HAVE_SYS_SELECT_H 1
#define HAVE_SELECT 1
#define HAVE_SYS_TYPES_H 1
#define HAVE_RECV 1
#define HAVE_SYS_TYPES_H 1
#define HAVE_SEND 1
#define HAVE_SYS_TYPES_H 1
#define HAVE_MSG_NOSIGNAL 1
#define HAVE_SYS_TYPES_H 1
#define HAVE_UNISTD_H 1
#define HAVE_ALARM 1
#define HAVE_SYS_TYPES_H 1
#define HAVE_STRINGS_H 1
#define HAVE_SYS_TYPES_H 1
#define HAVE_LIBGEN_H 1
#define HAVE_BASENAME 1
#define HAVE_SYS_TYPES_H 1
#define HAVE_SYS_TYPES_H 1
#define HAVE_UNISTD_H 1
#define HAVE_FCNTL_H 1
#define HAVE_FCNTL 1
#define HAVE_FCNTL_O_NONBLOCK 1
#define HAVE_SYS_TYPES_H 1
#define HAVE_NETDB_H 1
#define HAVE_FREEADDRINFO 1
#define HAVE_SYS_TYPES_H 1
#define HAVE_SYS_XATTR_H 1
#define HAVE_FTRUNCATE 1
#define HAVE_SYS_TYPES_H 1
#define HAVE_GETADDRINFO 1
#define HAVE_GETADDRINFO_THREADSAFE 1
#define HAVE_GETHOSTBYNAME_R 1
#define HAVE_GETHOSTBYNAME_R_6 1
#define GETHOSTNAME_TYPE_ARG2 size_t
#define HAVE_GETHOSTNAME 1
#define HAVE_SYS_TYPES_H 1
#define HAVE_NETINET_IN_H 1
#define HAVE_IFADDRS_H 1
#define HAVE_GETIFADDRS 1
#define HAVE_GETPEERNAME 1
#define HAVE_GETSOCKNAME 1
#define HAVE_SYS_TYPES_H 1
#define HAVE_GMTIME_R 1
#define HAVE_SYS_TYPES_H 1
#define HAVE_UNISTD_H 1
#define HAVE_SYS_IOCTL_H 1
#define HAVE_STROPTS_H 1
#define HAVE_IOCTL_FIONBIO 1
#define HAVE_IOCTL_SIOCGIFADDR 1
#define HAVE_SYS_TYPES_H 1
#define HAVE_SIGACTION 1
#define HAVE_SIGINTERRUPT 1
#define HAVE_SIGNAL 1
#define HAVE_SYS_TYPES_H 1
#define HAVE_SIGSETJMP 1
#define HAVE_SOCKET 1
#define HAVE_SOCKETPAIR 1
#define HAVE_STRDUP 1
#define HAVE_STRERROR_R 1
#define HAVE_POSIX_STRERROR_R 1
#define HAVE_ACCEPT4 1
#define HAVE_FNMATCH 1
#define HAVE_GETEUID 1
#define HAVE_GETPPID 1
#define HAVE_GETPWUID 1
#define HAVE_GETPWUID_R 1
#define HAVE_GETRLIMIT 1
#define HAVE_GETTIMEOFDAY 1
#define HAVE_PIPE 1
#define HAVE_PIPE2 1
#define HAVE_POLL 1
#define HAVE_SENDMMSG 1
#define HAVE_SENDMSG 1
#define HAVE_SETLOCALE 1
#define HAVE_SETRLIMIT 1
#define HAVE_SNPRINTF 1
#define HAVE_UTIME 1
#define HAVE_UTIMES 1
#define HAVE_IF_NAMETOINDEX 1
#define HAVE_REALPATH 1
#define HAVE_SCHED_YIELD 1
#define HAVE_SYS_TYPES_H 1
#define HAVE_NETINET_IN_H 1
#define HAVE_ARPA_INET_H 1
#define HAVE_INET_NTOP 1
#define HAVE_INET_PTON 1
#define HAVE_STRCASECMP 1
#define HAVE_FSEEKO 1
#define HAVE_DECL_FSEEKO 1
#define HAVE_DIRENT_H 1
#define HAVE_OPENDIR 1
#define CURL_DISABLE_NTLM 1
#define USE_TLS_SRP 1
#define HAVE_SSL_SET0_WBIO 1
#define CURL_EXTERN_SYMBOL __attribute__((__visibility__("default")))

configure: exit 0

===== third_party/build-deps/curl-configure.log =====
checking convert -I options to -isystem... yes
checking whether to enable verbose strings... yes
checking whether to enable SSPI support (Windows native builds only)... no
checking whether to enable basic authentication method... yes
checking whether to enable bearer authentication method... yes
checking whether to enable digest authentication method... yes
checking whether to enable kerberos authentication method... yes
checking whether to enable negotiate authentication method... yes
checking whether to enable aws sig methods... yes
checking whether to support NTLM... no
checking whether to enable TLS-SRP authentication... yes
checking whether to enable Unix domain sockets... no
checking whether to support cookies... yes
checking whether to support socketpair... yes
checking whether to support HTTP authentication... yes
checking whether to support DoH... yes
checking whether to support the MIME API... yes
checking whether to support binding connections locally... yes
checking whether to support the form API... yes
checking whether to support date parsing... yes
checking whether to support netrc parsing... yes
checking whether to support progress-meter... yes
checking whether to support the SHA-512/256 hash algorithm... yes
checking whether to support DNS shuffling... yes
checking whether to support curl_easy_option*... yes
checking whether to support alt-svc... yes
checking whether to support headers-api... yes
checking whether to support HSTS... yes
checking whether to enable HTTPS-RR support... no
checking for SSL_set0_wbio... yes
checking whether to support WebSockets... yes
checking whether hiding of library internal symbols will actually happen... yes
checking if this build supports HTTPS-proxy... yes
checking that generated files are newer than configure... done
configure: creating ./config.status
config.status: creating Makefile
config.status: creating docs/Makefile
config.status: creating docs/examples/Makefile
config.status: creating docs/libcurl/Makefile
config.status: creating docs/libcurl/opts/Makefile
config.status: creating docs/cmdline-opts/Makefile
config.status: creating include/Makefile
config.status: creating include/curl/Makefile
config.status: creating src/Makefile
config.status: creating lib/Makefile
config.status: creating scripts/Makefile
config.status: creating lib/libcurl.vers
config.status: creating tests/Makefile
config.status: creating tests/config
config.status: creating tests/configurehelp.pm
config.status: creating tests/certs/Makefile
config.status: creating tests/data/Makefile
config.status: creating tests/server/Makefile
config.status: creating tests/libtest/Makefile
config.status: creating tests/unit/Makefile
config.status: creating tests/tunit/Makefile
config.status: creating tests/http/config.ini
config.status: creating tests/http/Makefile
config.status: creating packages/Makefile
config.status: creating packages/vms/Makefile
config.status: creating libcurl.pc
config.status: creating curl-config
config.status: creating lib/curl_config.h
config.status: executing depfiles commands
config.status: executing libtool commands
configure: Configured to build curl/libcurl:

  Host setup:       wasm32-unknown-emscripten
  Install prefix:   /workspaces/.riftengine/WebkitWasm/third_party/wasm-sysroot
  Compiler:         /workspaces/.riftengine/WebkitWasm/third_party/emsdk/upstream/emscripten/emcc
   CFLAGS:          -O2 -pthread -Qunused-arguments -Werror-implicit-function-declaration
   CFLAGS extras:   
   CPPFLAGS:        -isystem /workspaces/.riftengine/WebkitWasm/third_party/wasm-sysroot/include -isystem /workspaces/.riftengine/WebkitWasm/third_party/wasm-sysroot/include -isystem /workspaces/.riftengine/WebkitWasm/third_party/wasm-sysroot/include -isystem /workspaces/.riftengine/WebkitWasm/third_party/wasm-sysroot/include -isystem /workspaces/.riftengine/WebkitWasm/third_party/wasm-sysroot/include
   LDFLAGS:         -L/workspaces/.riftengine/WebkitWasm/third_party/wasm-sysroot/lib -L/workspaces/.riftengine/WebkitWasm/third_party/wasm-sysroot/lib -L/workspaces/.riftengine/WebkitWasm/third_party/wasm-sysroot/lib -L/workspaces/.riftengine/WebkitWasm/third_party/wasm-sysroot/lib -L/workspaces/.riftengine/WebkitWasm/third_party/wasm-sysroot/lib
     curl-config:   -L/workspaces/.riftengine/WebkitWasm/third_party/wasm-sysroot/lib -L/workspaces/.riftengine/WebkitWasm/third_party/wasm-sysroot/lib -L/workspaces/.riftengine/WebkitWasm/third_party/wasm-sysroot/lib -L/workspaces/.riftengine/WebkitWasm/third_party/wasm-sysroot/lib
   LIBS:            -lnghttp2 -lpsl -lssl -lcrypto -lssl -lcrypto -lbrotlidec -lbrotlidec -lbrotlicommon -lz

  curl version:     8.17.0
  SSL:              enabled (OpenSSL v3+)
  SSH:              no      (--with-{libssh,libssh2})
  zlib:             enabled
  brotli:           enabled (libbrotlidec)
  zstd:             no      (--with-zstd)
  GSS-API:          no      (--with-gssapi)
  GSASL:            no      (--with-gsasl)
  TLS-SRP:          enabled
  resolver:         blocking (--enable-ares / --enable-threaded-resolver)
  IPv6:             no      (--enable-ipv6)
  Unix sockets:     no      (--enable-unix-sockets)
  IDN:              no      (--with-{libidn2,winidn})
  Build docs:       enabled (--disable-docs)
  Build libcurl:    Shared=no, Static=yes
  Built-in manual:  no      (--enable-manual)
  --libcurl option: enabled (--disable-libcurl-option)
  Verbose errors:   enabled (--disable-verbose)
  Code coverage:    disabled
  SSPI:             no      (--enable-sspi)
  ca native:        no
  ca cert bundle:   /etc/ssl/ca-bundle.crt   (warning: certs not found)
  ca cert path:     no
  ca cert embed:    no
  ca fallback:      no
  LDAP:             no      (--enable-ldap / --with-ldap-lib / --with-lber-lib)
  LDAPS:            no      (--enable-ldaps)
  IPFS/IPNS:        enabled
  RTSP:             no      (--enable-rtsp)
  RTMP:             no      (--with-librtmp)
  PSL:              enabled
  Alt-svc:          enabled (--disable-alt-svc)
  Headers API:      enabled (--disable-headers-api)
  HSTS:             enabled (--disable-hsts)
  HTTP1:            enabled (internal)
  HTTP2:            enabled (nghttp2)
  HTTP3:            no      (--with-ngtcp2 --with-nghttp3, --with-quiche, --with-openssl-quic)
  ECH:              no      (--enable-ech)
  HTTPS RR:         no      (--enable-httpsrr)
  SSLS-EXPORT:      no      (--enable-ssls-export)
  Protocols:        file http https ipfs ipns ws wss
  Features:         alt-svc brotli HSTS HTTP2 HTTPS-proxy Largefile libz PSL SSL threadsafe TLS-SRP


===== third_party/build-deps/freetype-build-build.log =====
ninja: Entering directory `freetype-build'
[1/44] Building C object CMakeFiles/freetype.dir/src/base/ftbdf.c.o
[2/44] Building C object CMakeFiles/freetype.dir/src/base/ftcid.c.o
[3/44] Building C object CMakeFiles/freetype.dir/src/base/ftfstype.c.o
[4/44] Building C object CMakeFiles/freetype.dir/src/base/ftbitmap.c.o
[5/44] Building C object CMakeFiles/freetype.dir/src/base/ftbbox.c.o
[6/44] Building C object CMakeFiles/freetype.dir/src/base/ftgasp.c.o
[7/44] Building C object CMakeFiles/freetype.dir/src/base/ftgxval.c.o
[8/44] Building C object CMakeFiles/freetype.dir/src/base/ftinit.c.o
[9/44] Building C object CMakeFiles/freetype.dir/src/base/ftglyph.c.o
[10/44] Building C object CMakeFiles/freetype.dir/src/base/ftotval.c.o
[11/44] Building C object CMakeFiles/freetype.dir/src/base/ftmm.c.o
[12/44] Building C object CMakeFiles/freetype.dir/src/base/ftpatent.c.o
[13/44] Building C object CMakeFiles/freetype.dir/src/base/ftpfr.c.o
[14/44] Building C object CMakeFiles/freetype.dir/src/base/ftsynth.c.o
[15/44] Building C object CMakeFiles/freetype.dir/src/base/fttype1.c.o
[16/44] Building C object CMakeFiles/freetype.dir/src/base/ftwinfnt.c.o
[17/44] Building C object CMakeFiles/freetype.dir/src/base/ftstroke.c.o
[18/44] Building C object CMakeFiles/freetype.dir/src/bzip2/ftbzip2.c.o
[19/44] Building C object CMakeFiles/freetype.dir/src/bdf/bdf.c.o
[20/44] Building C object CMakeFiles/freetype.dir/src/autofit/autofit.c.o
[21/44] Building C object CMakeFiles/freetype.dir/src/cache/ftcache.c.o
[22/44] Building C object CMakeFiles/freetype.dir/src/cid/type1cid.c.o
[23/44] Building C object CMakeFiles/freetype.dir/src/base/ftbase.c.o
[24/44] Building C object CMakeFiles/freetype.dir/src/gzip/ftgzip.c.o
[25/44] Building C object CMakeFiles/freetype.dir/src/lzw/ftlzw.c.o
[26/44] Building C object CMakeFiles/freetype.dir/src/cff/cff.c.o
[27/44] Building C object CMakeFiles/freetype.dir/src/pcf/pcf.c.o
[28/44] Building C object CMakeFiles/freetype.dir/src/pfr/pfr.c.o
[29/44] Building C object CMakeFiles/freetype.dir/src/psnames/psnames.c.o
[30/44] Building C object CMakeFiles/freetype.dir/src/pshinter/pshinter.c.o
[31/44] Building C object CMakeFiles/freetype.dir/src/svg/svg.c.o
[32/44] Building C object CMakeFiles/freetype.dir/src/raster/raster.c.o
[33/44] Building C object CMakeFiles/freetype.dir/src/smooth/smooth.c.o
[34/44] Building C object CMakeFiles/freetype.dir/src/sdf/sdf.c.o
[35/44] Building C object CMakeFiles/freetype.dir/src/type42/type42.c.o
[36/44] Building C object CMakeFiles/freetype.dir/src/winfonts/winfnt.c.o
[37/44] Building C object CMakeFiles/freetype.dir/builds/unix/ftsystem.c.o
[38/44] Building C object CMakeFiles/freetype.dir/src/base/ftdebug.c.o
[39/44] Building C object CMakeFiles/freetype.dir/src/psaux/psaux.c.o
[40/44] Building C object CMakeFiles/freetype.dir/src/type1/type1.c.o
[41/44] Building C object CMakeFiles/freetype.dir/src/truetype/truetype.c.o
[42/44] Building C object CMakeFiles/freetype.dir/src/sfnt/sfnt.c.o
[43/44] Linking C static library libfreetype.a
[43/44] Install the project...
-- Install configuration: "Release"
-- Installing: /workspaces/.riftengine/WebkitWasm/third_party/wasm-sysroot/include/freetype2
-- Installing: /workspaces/.riftengine/WebkitWasm/third_party/wasm-sysroot/include/freetype2/ft2build.h
-- Installing: /workspaces/.riftengine/WebkitWasm/third_party/wasm-sysroot/include/freetype2/freetype
-- Installing: /workspaces/.riftengine/WebkitWasm/third_party/wasm-sysroot/include/freetype2/freetype/ftbbox.h
-- Installing: /workspaces/.riftengine/WebkitWasm/third_party/wasm-sysroot/include/freetype2/freetype/ftcolor.h
-- Installing: /workspaces/.riftengine/WebkitWasm/third_party/wasm-sysroot/include/freetype2/freetype/ftlist.h
-- Installing: /workspaces/.riftengine/WebkitWasm/third_party/wasm-sysroot/include/freetype2/freetype/ftoutln.h
-- Installing: /workspaces/.riftengine/WebkitWasm/third_party/wasm-sysroot/include/freetype2/freetype/fttrigon.h
-- Installing: /workspaces/.riftengine/WebkitWasm/third_party/wasm-sysroot/include/freetype2/freetype/ftlogging.h
-- Installing: /workspaces/.riftengine/WebkitWasm/third_party/wasm-sysroot/include/freetype2/freetype/ftcid.h
-- Installing: /workspaces/.riftengine/WebkitWasm/third_party/wasm-sysroot/include/freetype2/freetype/ftwinfnt.h
-- Installing: /workspaces/.riftengine/WebkitWasm/third_party/wasm-sysroot/include/freetype2/freetype/ftchapters.h
-- Installing: /workspaces/.riftengine/WebkitWasm/third_party/wasm-sysroot/include/freetype2/freetype/ttnameid.h
-- Installing: /workspaces/.riftengine/WebkitWasm/third_party/wasm-sysroot/include/freetype2/freetype/ftbzip2.h
-- Installing: /workspaces/.riftengine/WebkitWasm/third_party/wasm-sysroot/include/freetype2/freetype/t1tables.h
-- Installing: /workspaces/.riftengine/WebkitWasm/third_party/wasm-sysroot/include/freetype2/freetype/otsvg.h
-- Installing: /workspaces/.riftengine/WebkitWasm/third_party/wasm-sysroot/include/freetype2/freetype/ftgasp.h
-- Installing: /workspaces/.riftengine/WebkitWasm/third_party/wasm-sysroot/include/freetype2/freetype/ftmodapi.h
-- Installing: /workspaces/.riftengine/WebkitWasm/third_party/wasm-sysroot/include/freetype2/freetype/freetype.h
-- Installing: /workspaces/.riftengine/WebkitWasm/third_party/wasm-sysroot/include/freetype2/freetype/ftpfr.h
-- Installing: /workspaces/.riftengine/WebkitWasm/third_party/wasm-sysroot/include/freetype2/freetype/ftsnames.h
-- Installing: /workspaces/.riftengine/WebkitWasm/third_party/wasm-sysroot/include/freetype2/freetype/ftgxval.h
-- Installing: /workspaces/.riftengine/WebkitWasm/third_party/wasm-sysroot/include/freetype2/freetype/ftmoderr.h
-- Installing: /workspaces/.riftengine/WebkitWasm/third_party/wasm-sysroot/include/freetype2/freetype/config
-- Installing: /workspaces/.riftengine/WebkitWasm/third_party/wasm-sysroot/include/freetype2/freetype/config/mac-support.h
-- Installing: /workspaces/.riftengine/WebkitWasm/third_party/wasm-sysroot/include/freetype2/freetype/config/integer-types.h
-- Installing: /workspaces/.riftengine/WebkitWasm/third_party/wasm-sysroot/include/freetype2/freetype/config/public-macros.h
-- Installing: /workspaces/.riftengine/WebkitWasm/third_party/wasm-sysroot/include/freetype2/freetype/config/ftstdlib.h
-- Installing: /workspaces/.riftengine/WebkitWasm/third_party/wasm-sysroot/include/freetype2/freetype/config/ftheader.h
-- Installing: /workspaces/.riftengine/WebkitWasm/third_party/wasm-sysroot/include/freetype2/freetype/config/ftmodule.h
-- Installing: /workspaces/.riftengine/WebkitWasm/third_party/wasm-sysroot/include/freetype2/freetype/fterrdef.h
-- Installing: /workspaces/.riftengine/WebkitWasm/third_party/wasm-sysroot/include/freetype2/freetype/ftmm.h
-- Installing: /workspaces/.riftengine/WebkitWasm/third_party/wasm-sysroot/include/freetype2/freetype/fterrors.h
-- Installing: /workspaces/.riftengine/WebkitWasm/third_party/wasm-sysroot/include/freetype2/freetype/ftmac.h
-- Installing: /workspaces/.riftengine/WebkitWasm/third_party/wasm-sysroot/include/freetype2/freetype/tttags.h
-- Installing: /workspaces/.riftengine/WebkitWasm/third_party/wasm-sysroot/include/freetype2/freetype/tttables.h
-- Installing: /workspaces/.riftengine/WebkitWasm/third_party/wasm-sysroot/include/freetype2/freetype/ftimage.h
-- Installing: /workspaces/.riftengine/WebkitWasm/third_party/wasm-sysroot/include/freetype2/freetype/ftgzip.h
-- Installing: /workspaces/.riftengine/WebkitWasm/third_party/wasm-sysroot/include/freetype2/freetype/fttypes.h
-- Installing: /workspaces/.riftengine/WebkitWasm/third_party/wasm-sysroot/include/freetype2/freetype/ftbitmap.h
-- Installing: /workspaces/.riftengine/WebkitWasm/third_party/wasm-sysroot/include/freetype2/freetype/ftadvanc.h
-- Installing: /workspaces/.riftengine/WebkitWasm/third_party/wasm-sysroot/include/freetype2/freetype/ftsystem.h
-- Installing: /workspaces/.riftengine/WebkitWasm/third_party/wasm-sysroot/include/freetype2/freetype/ftfntfmt.h
-- Installing: /workspaces/.riftengine/WebkitWasm/third_party/wasm-sysroot/include/freetype2/freetype/ftdriver.h
-- Installing: /workspaces/.riftengine/WebkitWasm/third_party/wasm-sysroot/include/freetype2/freetype/ftglyph.h
-- Installing: /workspaces/.riftengine/WebkitWasm/third_party/wasm-sysroot/include/freetype2/freetype/ftsizes.h
-- Installing: /workspaces/.riftengine/WebkitWasm/third_party/wasm-sysroot/include/freetype2/freetype/ftparams.h
-- Installing: /workspaces/.riftengine/WebkitWasm/third_party/wasm-sysroot/include/freetype2/freetype/ftbdf.h
-- Installing: /workspaces/.riftengine/WebkitWasm/third_party/wasm-sysroot/include/freetype2/freetype/ftlzw.h
-- Installing: /workspaces/.riftengine/WebkitWasm/third_party/wasm-sysroot/include/freetype2/freetype/ftincrem.h
-- Installing: /workspaces/.riftengine/WebkitWasm/third_party/wasm-sysroot/include/freetype2/freetype/ftlcdfil.h
-- Installing: /workspaces/.riftengine/WebkitWasm/third_party/wasm-sysroot/include/freetype2/freetype/ftsynth.h
-- Installing: /workspaces/.riftengine/WebkitWasm/third_party/wasm-sysroot/include/freetype2/freetype/ftotval.h
-- Installing: /workspaces/.riftengine/WebkitWasm/third_party/wasm-sysroot/include/freetype2/freetype/ftrender.h
-- Installing: /workspaces/.riftengine/WebkitWasm/third_party/wasm-sysroot/include/freetype2/freetype/ftcache.h
-- Installing: /workspaces/.riftengine/WebkitWasm/third_party/wasm-sysroot/include/freetype2/freetype/ftstroke.h
-- Installing: /workspaces/.riftengine/WebkitWasm/third_party/wasm-sysroot/include/freetype2/freetype/config/ftconfig.h
-- Installing: /workspaces/.riftengine/WebkitWasm/third_party/wasm-sysroot/include/freetype2/freetype/config/ftoption.h
-- Installing: /workspaces/.riftengine/WebkitWasm/third_party/wasm-sysroot/lib/pkgconfig/freetype2.pc
-- Installing: /workspaces/.riftengine/WebkitWasm/third_party/wasm-sysroot/lib/libfreetype.a
-- Installing: /workspaces/.riftengine/WebkitWasm/third_party/wasm-sysroot/lib/cmake/freetype/freetype-config.cmake
-- Installing: /workspaces/.riftengine/WebkitWasm/third_party/wasm-sysroot/lib/cmake/freetype/freetype-config-release.cmake
-- Installing: /workspaces/.riftengine/WebkitWasm/third_party/wasm-sysroot/lib/cmake/freetype/freetype-config-version.cmake

===== third_party/build-deps/freetype-build-configure.log =====
emcmake: cmake -S freetype -B freetype-build -GNinja -DCMAKE_BUILD_TYPE=Release -DCMAKE_INSTALL_PREFIX=/workspaces/.riftengine/WebkitWasm/third_party/wasm-sysroot -DCMAKE_FIND_ROOT_PATH=/workspaces/.riftengine/WebkitWasm/third_party/wasm-sysroot -DBUILD_SHARED_LIBS=OFF -DFT_DISABLE_HARFBUZZ=ON -DFT_DISABLE_BZIP2=ON -DFT_DISABLE_BROTLI=OFF -DFT_REQUIRE_BROTLI=ON -DFT_REQUIRE_ZLIB=ON -DFT_REQUIRE_PNG=ON -DZLIB_ROOT=/workspaces/.riftengine/WebkitWasm/third_party/wasm-sysroot -DBROTLIDEC_INCLUDE_DIRS=/workspaces/.riftengine/WebkitWasm/third_party/wasm-sysroot/include '-DBROTLIDEC_LIBRARIES=/workspaces/.riftengine/WebkitWasm/third_party/wasm-sysroot/lib/libbrotlidec.a;/workspaces/.riftengine/WebkitWasm/third_party/wasm-sysroot/lib/libbrotlicommon.a' -DCMAKE_TOOLCHAIN_FILE=/workspaces/.riftengine/WebkitWasm/third_party/emsdk/upstream/emscripten/cmake/Modules/Platform/Emscripten.cmake -DCMAKE_CROSSCOMPILING_EMULATOR=/workspaces/.riftengine/WebkitWasm/third_party/emsdk/node/24.19.0_64bit/bin/node in directory /workspaces/.riftengine/WebkitWasm/third_party/build-deps
-- Found PkgConfig: /usr/bin/pkg-config (found version "1.8.1") 
CMake Warning (dev) at /usr/share/cmake-3.28/Modules/FindPNG.cmake:65 (find_package):
  Policy CMP0074 is not set: find_package uses <PackageName>_ROOT variables.
  Run "cmake --help-policy CMP0074" for policy details.  Use the cmake_policy
  command to set the policy and suppress this warning.

  CMake variable ZLIB_ROOT is set to:

    /workspaces/.riftengine/WebkitWasm/third_party/wasm-sysroot

  For compatibility, CMake is ignoring the variable.
Call Stack (most recent call first):
  CMakeLists.txt:264 (find_package)
This warning is for project developers.  Use -Wno-dev to suppress it.

-- Found ZLIB: /workspaces/.riftengine/WebkitWasm/third_party/wasm-sysroot/lib/libz.a (found version "1.3.1")  
-- Found PNG: /workspaces/.riftengine/WebkitWasm/third_party/wasm-sysroot/lib/libpng.a (found version "1.6.43") 
-- Found BrotliDec: /workspaces/.riftengine/WebkitWasm/third_party/wasm-sysroot/include  
-- Looking for unistd.h
-- Looking for unistd.h - found
-- Looking for fcntl.h
-- Looking for fcntl.h - found
-- Configuring done (3.0s)
-- Generating done (0.0s)
-- Build files have been written to: /workspaces/.riftengine/WebkitWasm/third_party/build-deps/freetype-build

===== third_party/build-deps/harfbuzz-build-build.log =====
      |                                                       ^
/workspaces/.riftengine/WebkitWasm/third_party/build-deps/harfbuzz/src/hb-iter.hh:482:12: note: (skipping 1 context in backtrace; use -ftemplate-backtrace-limit=0 to see all)
  482 |   { return hb_filter_iter_t<Iter, Pred, Proj> (it, p, f); }
      |            ^
/workspaces/.riftengine/WebkitWasm/third_party/build-deps/harfbuzz/src/hb-iter.hh:369:51: note: in instantiation of function template specialization 'hb_filter_iter_factory_t<bool (hb_hashmap_t<unsigned int, hb_set_t>::item_t::*)() const, const (unnamed struct at /workspaces/.riftengine/WebkitWasm/third_party/build-deps/harfbuzz/src/hb-algs.hh:228:1) &>::operator()<hb_array_t<hb_hashmap_t<unsigned int, hb_set_t>::item_t>, nullptr>' requested here
  369 | operator | (Lhs&& lhs, Rhs&& rhs) HB_AUTO_RETURN (std::forward<Rhs> (rhs) (std::forward<Lhs> (lhs)))
      |                                                   ^
/workspaces/.riftengine/WebkitWasm/third_party/build-deps/harfbuzz/src/hb-meta.hh:76:55: note: expanded from macro 'HB_AUTO_RETURN'
   76 | #define HB_AUTO_RETURN(E) -> decltype ((E)) { return (E); }
      |                                                       ^
/workspaces/.riftengine/WebkitWasm/third_party/build-deps/harfbuzz/src/hb-map.hh:424:5: note: in instantiation of function template specialization 'operator|<hb_array_t<hb_hashmap_t<unsigned int, hb_set_t>::item_t>, hb_filter_iter_factory_t<bool (hb_hashmap_t<unsigned int, hb_set_t>::item_t::*)() const, const (unnamed struct at /workspaces/.riftengine/WebkitWasm/third_party/build-deps/harfbuzz/src/hb-algs.hh:228:1) &>, nullptr>' requested here
  424 |     | hb_filter (&item_t::is_real)
      |     ^
/workspaces/.riftengine/WebkitWasm/third_party/build-deps/harfbuzz/src/hb-meta.hh:76:55: note: expanded from macro 'HB_AUTO_RETURN'
   76 | #define HB_AUTO_RETURN(E) -> decltype ((E)) { return (E); }
      |                                                       ^
/workspaces/.riftengine/WebkitWasm/third_party/build-deps/harfbuzz/src/hb-map.hh:448:13: note: in instantiation of member function 'hb_hashmap_t<unsigned int, hb_set_t>::iter_items' requested here
  448 |     + this->iter_items ()
      |             ^
/workspaces/.riftengine/WebkitWasm/third_party/build-deps/harfbuzz/src/hb-meta.hh:76:55: note: expanded from macro 'HB_AUTO_RETURN'
   76 | #define HB_AUTO_RETURN(E) -> decltype ((E)) { return (E); }
      |                                                       ^
/workspaces/.riftengine/WebkitWasm/third_party/build-deps/harfbuzz/src/hb-map.hh:453:13: note: in instantiation of member function 'hb_hashmap_t<unsigned int, hb_set_t>::values_ref' requested here
  453 |     + this->values_ref ()
      |             ^
/workspaces/.riftengine/WebkitWasm/third_party/build-deps/harfbuzz/src/hb-meta.hh:76:55: note: expanded from macro 'HB_AUTO_RETURN'
   76 | #define HB_AUTO_RETURN(E) -> decltype ((E)) { return (E); }
      |                                                       ^
/workspaces/.riftengine/WebkitWasm/third_party/build-deps/harfbuzz/src/graph/classdef-graph.hh:238:47: note: in instantiation of member function 'hb_hashmap_t<unsigned int, hb_set_t>::values' requested here
  238 |     for (const hb_set_t& s : glyphs_per_class.values ())
      |                                               ^
/workspaces/.riftengine/WebkitWasm/third_party/build-deps/harfbuzz/src/hb-null.hh:179:11: note: explicitly cast the pointer to silence this warning
  179 |   memcpy (obj, std::addressof (Null (Type)), sizeof (*obj));
      |           ^
      |           (void*)
/workspaces/.riftengine/WebkitWasm/third_party/build-deps/harfbuzz/src/hb-null.hh:179:11: warning: first argument in call to 'memcpy' is a pointer to non-trivially copyable type 'graph::MarkBasePosFormat1::class_info_t' [-Wnontrivial-memcall]
  179 |   memcpy (obj, std::addressof (Null (Type)), sizeof (*obj));
      |           ^
/workspaces/.riftengine/WebkitWasm/third_party/build-deps/harfbuzz/src/hb-null.hh:186:38: note: in instantiation of function template specialization 'Crap<graph::MarkBasePosFormat1::class_info_t>' requested here
  186 |   static Type & get_crap () { return Crap<Type> (); }
      |                                      ^
/workspaces/.riftengine/WebkitWasm/third_party/build-deps/harfbuzz/src/hb-vector.hh:159:14: note: in instantiation of member function 'CrapHelper<graph::MarkBasePosFormat1::class_info_t>::get_crap' requested here
  159 |       return Crap (Type);
      |              ^
/workspaces/.riftengine/WebkitWasm/third_party/build-deps/harfbuzz/src/hb-null.hh:188:38: note: expanded from macro 'Crap'
  188 | #define Crap(Type) CrapHelper<Type>::get_crap ()
      |                                      ^
/workspaces/.riftengine/WebkitWasm/third_party/build-deps/harfbuzz/src/graph/markbasepos-graph.hh:242:41: note: in instantiation of member function 'hb_vector_t<graph::MarkBasePosFormat1::class_info_t>::operator[]' requested here
  242 |       class_info_t& info = class_to_info[klass];
      |                                         ^
/workspaces/.riftengine/WebkitWasm/third_party/build-deps/harfbuzz/src/hb-null.hh:179:11: note: explicitly cast the pointer to silence this warning
  179 |   memcpy (obj, std::addressof (Null (Type)), sizeof (*obj));
      |           ^
      |           (void*)
/workspaces/.riftengine/WebkitWasm/third_party/build-deps/harfbuzz/src/hb-null.hh:179:11: warning: first argument in call to 'memcpy' is a pointer to non-trivially copyable type 'hb_pair_t<unsigned int, hb_vector_t<unsigned int>>' [-Wnontrivial-memcall]
  179 |   memcpy (obj, std::addressof (Null (Type)), sizeof (*obj));
      |           ^
/workspaces/.riftengine/WebkitWasm/third_party/build-deps/harfbuzz/src/hb-null.hh:186:38: note: in instantiation of function template specialization 'Crap<hb_pair_t<unsigned int, hb_vector_t<unsigned int>>>' requested here
  186 |   static Type & get_crap () { return Crap<Type> (); }
      |                                      ^
/workspaces/.riftengine/WebkitWasm/third_party/build-deps/harfbuzz/src/hb-vector.hh:210:30: note: in instantiation of member function 'CrapHelper<hb_pair_t<unsigned int, hb_vector_t<unsigned int>>>::get_crap' requested here
  210 |       return std::addressof (Crap (Type));
      |                              ^
/workspaces/.riftengine/WebkitWasm/third_party/build-deps/harfbuzz/src/hb-null.hh:188:38: note: expanded from macro 'Crap'
  188 | #define Crap(Type) CrapHelper<Type>::get_crap ()
      |                                      ^
/workspaces/.riftengine/WebkitWasm/third_party/build-deps/harfbuzz/src/graph/gsubgpos-graph.hh:164:77: note: in instantiation of member function 'hb_vector_t<hb_pair_t<unsigned int, hb_vector_t<unsigned int>>>::push' requested here
  164 |       hb_pair_t<unsigned, hb_vector_t<unsigned>>* entry = all_new_subtables.push ();
      |                                                                             ^
/workspaces/.riftengine/WebkitWasm/third_party/build-deps/harfbuzz/src/hb-null.hh:179:11: note: explicitly cast the pointer to silence this warning
  179 |   memcpy (obj, std::addressof (Null (Type)), sizeof (*obj));
      |           ^
      |           (void*)
25 warnings generated.
[19/20] Linking C static library libharfbuzz-subset.a
[19/20] Install the project...
-- Install configuration: "Release"
-- Installing: /workspaces/.riftengine/WebkitWasm/third_party/wasm-sysroot/include/harfbuzz/hb-aat-layout.h
-- Installing: /workspaces/.riftengine/WebkitWasm/third_party/wasm-sysroot/include/harfbuzz/hb-aat.h
-- Installing: /workspaces/.riftengine/WebkitWasm/third_party/wasm-sysroot/include/harfbuzz/hb-blob.h
-- Installing: /workspaces/.riftengine/WebkitWasm/third_party/wasm-sysroot/include/harfbuzz/hb-buffer.h
-- Installing: /workspaces/.riftengine/WebkitWasm/third_party/wasm-sysroot/include/harfbuzz/hb-common.h
-- Installing: /workspaces/.riftengine/WebkitWasm/third_party/wasm-sysroot/include/harfbuzz/hb-cplusplus.hh
-- Installing: /workspaces/.riftengine/WebkitWasm/third_party/wasm-sysroot/include/harfbuzz/hb-deprecated.h
-- Installing: /workspaces/.riftengine/WebkitWasm/third_party/wasm-sysroot/include/harfbuzz/hb-draw.h
-- Installing: /workspaces/.riftengine/WebkitWasm/third_party/wasm-sysroot/include/harfbuzz/hb-face.h
-- Installing: /workspaces/.riftengine/WebkitWasm/third_party/wasm-sysroot/include/harfbuzz/hb-font.h
-- Installing: /workspaces/.riftengine/WebkitWasm/third_party/wasm-sysroot/include/harfbuzz/hb-map.h
-- Installing: /workspaces/.riftengine/WebkitWasm/third_party/wasm-sysroot/include/harfbuzz/hb-ot-color.h
-- Installing: /workspaces/.riftengine/WebkitWasm/third_party/wasm-sysroot/include/harfbuzz/hb-ot-deprecated.h
-- Installing: /workspaces/.riftengine/WebkitWasm/third_party/wasm-sysroot/include/harfbuzz/hb-ot-font.h
-- Installing: /workspaces/.riftengine/WebkitWasm/third_party/wasm-sysroot/include/harfbuzz/hb-ot-layout.h
-- Installing: /workspaces/.riftengine/WebkitWasm/third_party/wasm-sysroot/include/harfbuzz/hb-ot-math.h
-- Installing: /workspaces/.riftengine/WebkitWasm/third_party/wasm-sysroot/include/harfbuzz/hb-ot-meta.h
-- Installing: /workspaces/.riftengine/WebkitWasm/third_party/wasm-sysroot/include/harfbuzz/hb-ot-metrics.h
-- Installing: /workspaces/.riftengine/WebkitWasm/third_party/wasm-sysroot/include/harfbuzz/hb-ot-name.h
-- Installing: /workspaces/.riftengine/WebkitWasm/third_party/wasm-sysroot/include/harfbuzz/hb-ot-shape.h
-- Installing: /workspaces/.riftengine/WebkitWasm/third_party/wasm-sysroot/include/harfbuzz/hb-ot-var.h
-- Installing: /workspaces/.riftengine/WebkitWasm/third_party/wasm-sysroot/include/harfbuzz/hb-ot.h
-- Installing: /workspaces/.riftengine/WebkitWasm/third_party/wasm-sysroot/include/harfbuzz/hb-paint.h
-- Installing: /workspaces/.riftengine/WebkitWasm/third_party/wasm-sysroot/include/harfbuzz/hb-set.h
-- Installing: /workspaces/.riftengine/WebkitWasm/third_party/wasm-sysroot/include/harfbuzz/hb-shape-plan.h
-- Installing: /workspaces/.riftengine/WebkitWasm/third_party/wasm-sysroot/include/harfbuzz/hb-shape.h
-- Installing: /workspaces/.riftengine/WebkitWasm/third_party/wasm-sysroot/include/harfbuzz/hb-style.h
-- Installing: /workspaces/.riftengine/WebkitWasm/third_party/wasm-sysroot/include/harfbuzz/hb-unicode.h
-- Installing: /workspaces/.riftengine/WebkitWasm/third_party/wasm-sysroot/include/harfbuzz/hb-version.h
-- Installing: /workspaces/.riftengine/WebkitWasm/third_party/wasm-sysroot/include/harfbuzz/hb.h
-- Installing: /workspaces/.riftengine/WebkitWasm/third_party/wasm-sysroot/include/harfbuzz/hb-ft.h
-- Installing: /workspaces/.riftengine/WebkitWasm/third_party/wasm-sysroot/include/harfbuzz/hb-icu.h
-- Installing: /workspaces/.riftengine/WebkitWasm/third_party/wasm-sysroot/include/harfbuzz/hb-subset.h
-- Installing: /workspaces/.riftengine/WebkitWasm/third_party/wasm-sysroot/include/harfbuzz/hb-subset-repacker.h
-- Installing: /workspaces/.riftengine/WebkitWasm/third_party/wasm-sysroot/lib/libharfbuzz.a
-- Installing: /workspaces/.riftengine/WebkitWasm/third_party/wasm-sysroot/lib/pkgconfig/harfbuzz.pc
-- Installing: /workspaces/.riftengine/WebkitWasm/third_party/wasm-sysroot/lib/cmake/harfbuzz/harfbuzzConfig.cmake
-- Installing: /workspaces/.riftengine/WebkitWasm/third_party/wasm-sysroot/lib/cmake/harfbuzz/harfbuzzConfig-release.cmake
-- Installing: /workspaces/.riftengine/WebkitWasm/third_party/wasm-sysroot/lib/libharfbuzz-icu.a
-- Installing: /workspaces/.riftengine/WebkitWasm/third_party/wasm-sysroot/lib/pkgconfig/harfbuzz-icu.pc
-- Installing: /workspaces/.riftengine/WebkitWasm/third_party/wasm-sysroot/lib/libharfbuzz-subset.a
-- Installing: /workspaces/.riftengine/WebkitWasm/third_party/wasm-sysroot/lib/pkgconfig/harfbuzz-subset.pc
-- Installing: /workspaces/.riftengine/WebkitWasm/third_party/wasm-sysroot/include/harfbuzz/hb-features.h

===== third_party/build-deps/harfbuzz-build-configure.log =====
emcmake: cmake -S harfbuzz -B harfbuzz-build -GNinja -DCMAKE_BUILD_TYPE=Release -DCMAKE_INSTALL_PREFIX=/workspaces/.riftengine/WebkitWasm/third_party/wasm-sysroot -DCMAKE_FIND_ROOT_PATH=/workspaces/.riftengine/WebkitWasm/third_party/wasm-sysroot -DBUILD_SHARED_LIBS=OFF -DHB_HAVE_FREETYPE=ON -DHB_HAVE_ICU=ON -DHB_BUILD_UTILS=OFF -DFREETYPE_DIR=/workspaces/.riftengine/WebkitWasm/third_party/wasm-sysroot -DICU_ROOT=/workspaces/.riftengine/WebkitWasm/third_party/wasm-sysroot -DCMAKE_TOOLCHAIN_FILE=/workspaces/.riftengine/WebkitWasm/third_party/emsdk/upstream/emscripten/cmake/Modules/Platform/Emscripten.cmake -DCMAKE_CROSSCOMPILING_EMULATOR=/workspaces/.riftengine/WebkitWasm/third_party/emsdk/node/24.19.0_64bit/bin/node in directory /workspaces/.riftengine/WebkitWasm/third_party/build-deps
WARNHarfBuzz has a Meson port and tries to migrate all the other build systems to it, please consider using it as we might remove our cmake port soon.
-- Found Python3: /usr/bin/python3 (found version "3.12.3") found components: Interpreter 
-- Looking for atexit
-- Looking for atexit - found
-- Looking for mprotect
-- Looking for mprotect - found
-- Looking for sysconf
-- Looking for sysconf - found
-- Looking for getpagesize
-- Looking for getpagesize - found
-- Looking for mmap
-- Looking for mmap - found
-- Looking for isatty
-- Looking for isatty - found
-- Looking for unistd.h
-- Looking for unistd.h - found
-- Looking for sys/mman.h
-- Looking for sys/mman.h - found
-- Looking for stdbool.h
-- Looking for stdbool.h - found
-- Performing Test CMAKE_HAVE_LIBC_PTHREAD
-- Performing Test CMAKE_HAVE_LIBC_PTHREAD - Success
-- Found Threads: TRUE  
-- Found Freetype: /workspaces/.riftengine/WebkitWasm/third_party/wasm-sysroot/lib/libfreetype.a (found version "2.13.3") 
-- Looking for FT_Get_Var_Blend_Coordinates
-- Looking for FT_Get_Var_Blend_Coordinates - found
-- Looking for FT_Set_Var_Blend_Coordinates
-- Looking for FT_Set_Var_Blend_Coordinates - found
-- Looking for FT_Done_MM_Var
-- Looking for FT_Done_MM_Var - found
-- Found the following ICU libraries:
--   uc (required): /workspaces/.riftengine/WebkitWasm/third_party/wasm-sysroot/lib/libicuuc.a
-- Found ICU: /workspaces/.riftengine/WebkitWasm/third_party/wasm-sysroot/include (found version "77.1") 
-- Performing Test CXX_SUPPORTS_FLAG_BSYMB_FUNCS
-- Performing Test CXX_SUPPORTS_FLAG_BSYMB_FUNCS - Success
-- Performing Test COMPILER_SUPPORTS_CXX11
-- Performing Test COMPILER_SUPPORTS_CXX11 - Success
-- Configuring done (19.2s)
-- Generating done (0.0s)
CMake Warning:
  Manually-specified variables were not used by the project:

    FREETYPE_DIR


-- Build files have been written to: /workspaces/.riftengine/WebkitWasm/third_party/build-deps/harfbuzz-build

===== third_party/build-deps/icu-host/config.log =====
config.status:884: creating tools/genccode/genccode.8

## ---------------------- ##
## Running config.status. ##
## ---------------------- ##

This file was extended by ICU config.status 77.1, which was
generated by GNU Autoconf 2.72.  Invocation command line was

  CONFIG_FILES    = tools/gencmn/gencmn.8
  CONFIG_HEADERS  = 
  CONFIG_LINKS    = 
  CONFIG_COMMANDS = 
  $ ./config.status 

on codespaces-d8d5bd

config.status:884: creating tools/gencmn/gencmn.8

## ---------------------- ##
## Running config.status. ##
## ---------------------- ##

This file was extended by ICU config.status 77.1, which was
generated by GNU Autoconf 2.72.  Invocation command line was

  CONFIG_FILES    = tools/icupkg/icupkg.8
  CONFIG_HEADERS  = 
  CONFIG_LINKS    = 
  CONFIG_COMMANDS = 
  $ ./config.status 

on codespaces-d8d5bd

config.status:884: creating tools/icupkg/icupkg.8

## ---------------------- ##
## Running config.status. ##
## ---------------------- ##

This file was extended by ICU config.status 77.1, which was
generated by GNU Autoconf 2.72.  Invocation command line was

  CONFIG_FILES    = tools/pkgdata/pkgdata.1
  CONFIG_HEADERS  = 
  CONFIG_LINKS    = 
  CONFIG_COMMANDS = 
  $ ./config.status 

on codespaces-d8d5bd

config.status:884: creating tools/pkgdata/pkgdata.1

## ---------------------- ##
## Running config.status. ##
## ---------------------- ##

This file was extended by ICU config.status 77.1, which was
generated by GNU Autoconf 2.72.  Invocation command line was

  CONFIG_FILES    = tools/gencfu/gencfu.1
  CONFIG_HEADERS  = 
  CONFIG_LINKS    = 
  CONFIG_COMMANDS = 
  $ ./config.status 

on codespaces-d8d5bd

config.status:884: creating tools/gencfu/gencfu.1

## ---------------------- ##
## Running config.status. ##
## ---------------------- ##

This file was extended by ICU config.status 77.1, which was
generated by GNU Autoconf 2.72.  Invocation command line was

  CONFIG_FILES    = tools/gendict/gendict.1
  CONFIG_HEADERS  = 
  CONFIG_LINKS    = 
  CONFIG_COMMANDS = 
  $ ./config.status 

on codespaces-d8d5bd

config.status:884: creating tools/gendict/gendict.1

## ---------------------- ##
## Running config.status. ##
## ---------------------- ##

This file was extended by ICU config.status 77.1, which was
generated by GNU Autoconf 2.72.  Invocation command line was

  CONFIG_FILES    = tools/icuexportdata/icuexportdata.1
  CONFIG_HEADERS  = 
  CONFIG_LINKS    = 
  CONFIG_COMMANDS = 
  $ ./config.status 

on codespaces-d8d5bd

config.status:884: creating tools/icuexportdata/icuexportdata.1

## ---------------------- ##
## Running config.status. ##
## ---------------------- ##

This file was extended by ICU config.status 77.1, which was
generated by GNU Autoconf 2.72.  Invocation command line was

  CONFIG_FILES    = extra/uconv/uconv.1
  CONFIG_HEADERS  = 
  CONFIG_LINKS    = 
  CONFIG_COMMANDS = 
  $ ./config.status 

on codespaces-d8d5bd

config.status:884: creating extra/uconv/uconv.1

===== third_party/build-deps/icu-host/configure-host.log =====
checking for a sed that does not truncate output... /usr/bin/sed
checking for ar... ar
checking whether to enable renaming of symbols... yes
checking whether to enable function and data tracing... no
checking for elf.h... yes
checking whether to enable dynamic loading of plugins. Ignored if plugins disabled.... yes
checking for dlfcn.h... yes
checking for library containing dlopen... none required
checking for dlopen... yes
checking for gettimeofday... yes
checking if we have a C++ compiler... Good
checking if we have a C++17 compiler... yes
configure: Adding CXXFLAGS option -std=c++17
checking for pthread_attr_init in -lpthread... yes
checking for mmap... yes
checking for genccode assembly... -a gcc
checking for dirent.h... yes
checking whether byte ordering is bigendian... no
checking for nl_langinfo... yes
checking for nl_langinfo's argument to obtain the codeset... CODESET
checking for properly overriding new and delete... yes
checking for placement new and delete... yes
checking for popen... yes
checking for tzset... yes
checking for tzname... yes
checking for timezone... yes
checking for strtod_l... yes
checking for xlocale.h... no
checking for wchar.h... yes
checking for library containing wcscpy... none required
checking size of wchar_t... 4
checking for UTF-16 string literal support... available
checking for a library suffix to use... none
CPPFLAGS= $(THREADSCPPFLAGS)  -DU_HAVE_ELF_H=1 -DU_HAVE_STRTOD_L=1 -DU_HAVE_XLOCALE_H=0 
CFLAGS=-O3  -std=c11 -Wall -pedantic -Wshadow -Wpointer-arith -Wmissing-prototypes -Wwrite-strings $(THREADSCFLAGS) 
CXXFLAGS=-O3  -W -Wall -pedantic -Wpointer-arith -Wwrite-strings -Wno-long-long -std=c++17 $(THREADSCXXFLAGS) 
configure: creating ./config.status
config.status: creating icudefs.mk
config.status: creating Makefile
config.status: creating data/pkgdataMakefile
config.status: creating config/Makefile.inc
config.status: creating config/icu.pc
config.status: creating config/pkgdataMakefile
config.status: creating data/Makefile
config.status: creating stubdata/Makefile
config.status: creating common/Makefile
config.status: creating i18n/Makefile
config.status: creating layoutex/Makefile
config.status: creating io/Makefile
config.status: creating extra/Makefile
config.status: creating extra/uconv/Makefile
config.status: creating extra/uconv/pkgdataMakefile
config.status: creating extra/scrptrun/Makefile
config.status: creating tools/Makefile
config.status: creating tools/ctestfw/Makefile
config.status: creating tools/toolutil/Makefile
config.status: creating tools/makeconv/Makefile
config.status: creating tools/genrb/Makefile
config.status: creating tools/genccode/Makefile
config.status: creating tools/gencmn/Makefile
config.status: creating tools/gencnval/Makefile
config.status: creating tools/gendict/Makefile
config.status: creating tools/gentest/Makefile
config.status: creating tools/gennorm2/Makefile
config.status: creating tools/genbrk/Makefile
config.status: creating tools/gensprep/Makefile
config.status: creating tools/icuinfo/Makefile
config.status: creating tools/icupkg/Makefile
config.status: creating tools/icuswap/Makefile
config.status: creating tools/pkgdata/Makefile
config.status: creating tools/icuexportdata/Makefile
config.status: creating tools/tzcode/Makefile
config.status: creating tools/gencfu/Makefile
config.status: creating tools/escapesrc/Makefile
config.status: creating test/Makefile
config.status: creating test/compat/Makefile
config.status: creating test/testdata/Makefile
config.status: creating test/testdata/pkgdataMakefile
config.status: creating test/hdrtst/Makefile
config.status: creating test/intltest/Makefile
config.status: creating test/cintltst/Makefile
config.status: creating test/iotest/Makefile
config.status: creating test/letest/Makefile
config.status: creating test/perf/Makefile
config.status: creating test/perf/collationperf/Makefile
config.status: creating test/perf/collperf/Makefile
config.status: creating test/perf/collperf2/Makefile
config.status: creating test/perf/dicttrieperf/Makefile
config.status: creating test/perf/ubrkperf/Makefile
config.status: creating test/perf/charperf/Makefile
config.status: creating test/perf/convperf/Makefile
config.status: creating test/perf/localecanperf/Makefile
config.status: creating test/perf/normperf/Makefile
config.status: creating test/perf/DateFmtPerf/Makefile
config.status: creating test/perf/howExpensiveIs/Makefile
config.status: creating test/perf/strsrchperf/Makefile
config.status: creating test/perf/unisetperf/Makefile
config.status: creating test/perf/usetperf/Makefile
config.status: creating test/perf/ustrperf/Makefile
config.status: creating test/perf/utfperf/Makefile
config.status: creating test/perf/utrie2perf/Makefile
config.status: creating test/fuzzer/Makefile
config.status: creating samples/Makefile
Not rebuilding data/rules.mk, assuming prebuilt data in data/in
Spawning Python to generate test/testdata/rules.mk...

ICU for C/C++ 77.1 is ready to be built.
=== Important Notes: ===
Data Packaging: library
 This means: ICU data will be linked with ICU. A shared data library will be built. 
 To locate data: ICU will use the linked data library. If linked with the stub library located in stubdata/, the application can use udata_setCommonData() or set a data path to override.
Building ICU: Use a GNU make such as /usr/bin/gmake to build ICU.
checking the version of "/usr/bin/gmake"... 4.3 (we wanted at least 3.80)
ok
C   apps may want to build with CFLAGS   =  -std=c11
C++ apps may want to build with CXXFLAGS =  -std=c++17

If the result of the above commands looks okay to you, go to the directory
source in the ICU distribution to build ICU. Please remember that ICU needs
GNU make to build properly...

===== third_party/build-deps/icu-host/make-host.log =====
   cc	 ...  ../../../icu/source/tools/pkgdata/pkgtypes.c
config.status: creating tools/pkgdata/pkgdata.1
c++ -O3  -W -Wall -pedantic -Wpointer-arith -Wwrite-strings -Wno-long-long -std=c++17     -o ../../bin/pkgdata pkgdata.o pkgtypes.o -L../../lib -licutu -L../../lib -licui18n -L../../lib -licuuc -L../../stubdata -licudata -lpthread -lm  
make[2]: Leaving directory '/workspaces/.riftengine/WebkitWasm/third_party/build-deps/icu-host/tools/pkgdata'
make[1]: Making `all' in `gentest'
make[2]: Entering directory '/workspaces/.riftengine/WebkitWasm/third_party/build-deps/icu-host/tools/gentest'
   (deps)	 ../../../icu/source/tools/gentest/gentest.c
   (deps)	 ../../../icu/source/tools/gentest/genres32.c
   cc	 ...  ../../../icu/source/tools/gentest/genres32.c
   cc	 ...  ../../../icu/source/tools/gentest/gentest.c
c++ -O3  -W -Wall -pedantic -Wpointer-arith -Wwrite-strings -Wno-long-long -std=c++17     -o gentest genres32.o gentest.o -L../../tools/ctestfw -licutest -L../../lib -licutu -L../../lib -licui18n -L../../lib -licuuc -L../../stubdata -licudata -lpthread -lm   
make[2]: Leaving directory '/workspaces/.riftengine/WebkitWasm/third_party/build-deps/icu-host/tools/gentest'
make[1]: Making `all' in `gennorm2'
make[2]: Entering directory '/workspaces/.riftengine/WebkitWasm/third_party/build-deps/icu-host/tools/gennorm2'
   (deps)	 ../../../icu/source/tools/gennorm2/norms.cpp
   (deps)	 ../../../icu/source/tools/gennorm2/n2builder.cpp
   (deps)	 ../../../icu/source/tools/gennorm2/gennorm2.cpp
   (deps)	 ../../../icu/source/tools/gennorm2/extradata.cpp
   c++	 ...  ../../../icu/source/tools/gennorm2/extradata.cpp
   c++	 ...  ../../../icu/source/tools/gennorm2/gennorm2.cpp
   c++	 ...  ../../../icu/source/tools/gennorm2/n2builder.cpp
   c++	 ...  ../../../icu/source/tools/gennorm2/norms.cpp
c++ -O3  -W -Wall -pedantic -Wpointer-arith -Wwrite-strings -Wno-long-long -std=c++17     -o ../../bin/gennorm2 extradata.o gennorm2.o n2builder.o norms.o -L../../lib -licutu -L../../lib -licui18n -L../../lib -licuuc -L../../stubdata -licudata -lpthread -lm  
make[2]: Leaving directory '/workspaces/.riftengine/WebkitWasm/third_party/build-deps/icu-host/tools/gennorm2'
make[1]: Making `all' in `gencfu'
make[2]: Entering directory '/workspaces/.riftengine/WebkitWasm/third_party/build-deps/icu-host/tools/gencfu'
   (deps)	 ../../../icu/source/tools/gencfu/gencfu.cpp
cd ../.. \
 && CONFIG_FILES=tools/gencfu/gencfu.1 CONFIG_HEADERS= /bin/bash ./config.status
   c++	 ...  ../../../icu/source/tools/gencfu/gencfu.cpp
config.status: creating tools/gencfu/gencfu.1
c++ -O3  -W -Wall -pedantic -Wpointer-arith -Wwrite-strings -Wno-long-long -std=c++17     -o ../../bin/gencfu gencfu.o -L../../lib -licutu -L../../lib -licui18n -L../../lib -licuuc -L../../stubdata -licudata -lpthread -lm  
make[2]: Leaving directory '/workspaces/.riftengine/WebkitWasm/third_party/build-deps/icu-host/tools/gencfu'
make[1]: Making `all' in `gendict'
make[2]: Entering directory '/workspaces/.riftengine/WebkitWasm/third_party/build-deps/icu-host/tools/gendict'
   (deps)	 ../../../icu/source/tools/gendict/gendict.cpp
   c++	 ...  ../../../icu/source/tools/gendict/gendict.cpp
cd ../.. \
 && CONFIG_FILES=tools/gendict/gendict.1 CONFIG_HEADERS= /bin/bash ./config.status
config.status: creating tools/gendict/gendict.1
c++ -O3  -W -Wall -pedantic -Wpointer-arith -Wwrite-strings -Wno-long-long -std=c++17     -o ../../bin/gendict gendict.o -L../../lib -licutu -L../../lib -licui18n -L../../lib -licuuc -L../../stubdata -licudata -lpthread -lm  
make[2]: Leaving directory '/workspaces/.riftengine/WebkitWasm/third_party/build-deps/icu-host/tools/gendict'
make[1]: Making `all' in `icuexportdata'
make[2]: Entering directory '/workspaces/.riftengine/WebkitWasm/third_party/build-deps/icu-host/tools/icuexportdata'
   (deps)	 ../../../icu/source/tools/icuexportdata/icuexportdata.cpp
cd ../.. \
 && CONFIG_FILES=tools/icuexportdata/icuexportdata.1 CONFIG_HEADERS= /bin/bash ./config.status
   c++	 ...  ../../../icu/source/tools/icuexportdata/icuexportdata.cpp
config.status: creating tools/icuexportdata/icuexportdata.1
c++ -O3  -W -Wall -pedantic -Wpointer-arith -Wwrite-strings -Wno-long-long -std=c++17     -o ../../bin/icuexportdata icuexportdata.o -L../../lib -licutu -L../../lib -licui18n -L../../lib -licuuc -L../../stubdata -licudata -lpthread -lm  
make[2]: Leaving directory '/workspaces/.riftengine/WebkitWasm/third_party/build-deps/icu-host/tools/icuexportdata'
make[1]: Making `all' in `escapesrc'
make[2]: Entering directory '/workspaces/.riftengine/WebkitWasm/third_party/build-deps/icu-host/tools/escapesrc'
   (deps)	 ../../../icu/source/tools/escapesrc/escapesrc.cpp
   c++	 ...  ../../../icu/source/tools/escapesrc/escapesrc.cpp
c++ -O3  -W -Wall -pedantic -Wpointer-arith -Wwrite-strings -Wno-long-long -std=c++17     -o ../../bin/escapesrc escapesrc.o -lpthread -lm  
make[2]: Leaving directory '/workspaces/.riftengine/WebkitWasm/third_party/build-deps/icu-host/tools/escapesrc'
make[2]: Entering directory '/workspaces/.riftengine/WebkitWasm/third_party/build-deps/icu-host/tools'
make[2]: Nothing to be done for 'all-local'.
make[2]: Leaving directory '/workspaces/.riftengine/WebkitWasm/third_party/build-deps/icu-host/tools'
make[1]: Leaving directory '/workspaces/.riftengine/WebkitWasm/third_party/build-deps/icu-host/tools'
make[0]: Making `all' in `data'
make[1]: Entering directory '/workspaces/.riftengine/WebkitWasm/third_party/build-deps/icu-host/data'
make -f pkgdataMakefile
/bin/bash ../../icu/source/mkinstalldirs ./out/tmp ./out/build/icudt77l
make[2]: Entering directory '/workspaces/.riftengine/WebkitWasm/third_party/build-deps/icu-host/data'
rm -rf icupkg.inc
mkdir ./out
mkdir ./out/tmp
mkdir ./out/build
mkdir ./out/build/icudt77l
Unpacking ../../icu/source/data/in/icudt77l.dat and generating out/tmp/icudata.lst (list of data files)
LD_LIBRARY_PATH=../lib:../stubdata:../tools/ctestfw:$LD_LIBRARY_PATH  ../bin/icupkg -d ./out/build/icudt77l --list -x \* ../../icu/source/data/in/icudt77l.dat -o out/tmp/icudata.lst
make[2]: Leaving directory '/workspaces/.riftengine/WebkitWasm/third_party/build-deps/icu-host/data'
echo timestamp > build-local
LD_LIBRARY_PATH=../stubdata:../tools/ctestfw:../lib:$LD_LIBRARY_PATH  ../bin/pkgdata -O ../data/icupkg.inc -q -c -s /workspaces/.riftengine/WebkitWasm/third_party/build-deps/icu-host/data/out/build/icudt77l -d ../lib -e icudt77  -T ./out/tmp -p icudt77l -m dll -r 77.1 -L icudata ./out/tmp/icudata.lst
pkgdata: cc -D_REENTRANT  -DU_HAVE_ELF_H=1 -DU_HAVE_STRTOD_L=1 -DU_HAVE_XLOCALE_H=0  -DU_ALL_IMPLEMENTATION -DU_ATTRIBUTE_DEPRECATED= -O3  -std=c11 -Wall -pedantic -Wshadow -Wpointer-arith -Wmissing-prototypes -Wwrite-strings   -c -I../../icu/source/common -I../common -DPIC -fPIC -o ./out/tmp/icudt77l_dat.o ./out/tmp/icudt77l_dat.S
pkgdata: cc -O3  -std=c11 -Wall -pedantic -Wshadow -Wpointer-arith -Wmissing-prototypes -Wwrite-strings    -shared -Wl,-Bsymbolic -nodefaultlibs -nostdlib -o ../lib/libicudata.so.77.1 ./out/tmp/icudt77l_dat.o -Wl,-soname -Wl,libicudata.so.77  -Wl,-Bsymbolic
pkgdata: cd ../lib/ && rm -f libicudata.so.77 && ln -s libicudata.so.77.1 libicudata.so.77
pkgdata: cd ../lib/ && rm -f libicudata.so && ln -s libicudata.so.77.1 libicudata.so
echo timestamp > packagedata
make[1]: Leaving directory '/workspaces/.riftengine/WebkitWasm/third_party/build-deps/icu-host/data'
make[0]: Making `all' in `extra'
make[1]: Entering directory '/workspaces/.riftengine/WebkitWasm/third_party/build-deps/icu-host/extra'
make[1]: Making `all' in `scrptrun'
make[2]: Entering directory '/workspaces/.riftengine/WebkitWasm/third_party/build-deps/icu-host/extra/scrptrun'
   (deps)	 ../../../icu/source/extra/scrptrun/srtest.cpp
   (deps)	 ../../../icu/source/extra/scrptrun/scrptrun.cpp
   c++	 ...  ../../../icu/source/extra/scrptrun/scrptrun.cpp
   c++	 ...  ../../../icu/source/extra/scrptrun/srtest.cpp
c++ -O3  -W -Wall -pedantic -Wpointer-arith -Wwrite-strings -Wno-long-long -std=c++17     -o srtest scrptrun.o srtest.o -L../../lib -licuuc -L../../stubdata -licudata 
make[2]: Leaving directory '/workspaces/.riftengine/WebkitWasm/third_party/build-deps/icu-host/extra/scrptrun'
make[1]: Making `all' in `uconv'
make[2]: Entering directory '/workspaces/.riftengine/WebkitWasm/third_party/build-deps/icu-host/extra/uconv'
make -f pkgdataMakefile
   c++	 ...  ../../../icu/source/extra/uconv/uconv.cpp
   cc	 ...  ../../../icu/source/extra/uconv/uwmsg.c
mkdir uconvmsg
LD_LIBRARY_PATH=../../lib:../../stubdata:../../tools/ctestfw:$LD_LIBRARY_PATH  ../../bin/genrb -e UTF-8 -s ../../../icu/source/extra/uconv/resources -d uconvmsg root.txt
make[3]: Entering directory '/workspaces/.riftengine/WebkitWasm/third_party/build-deps/icu-host/extra/uconv'
rm -rf pkgdata.inc
LD_LIBRARY_PATH=../../lib:../../stubdata:../../tools/ctestfw:$LD_LIBRARY_PATH  ../../bin/genrb -e UTF-8 -s ../../../icu/source/extra/uconv/resources -d uconvmsg fr.txt
make[3]: Leaving directory '/workspaces/.riftengine/WebkitWasm/third_party/build-deps/icu-host/extra/uconv'
LD_LIBRARY_PATH=../../lib:../../stubdata:../../tools/ctestfw:$LD_LIBRARY_PATH   ../../bin/pkgdata -p uconvmsg -O pkgdata.inc -m static -s uconvmsg -d uconvmsg -T uconvmsg uconvmsg/uconvmsg.lst
cd ../.. \
 && CONFIG_FILES=extra/uconv/uconv.1 CONFIG_HEADERS= /bin/bash ./config.status
config.status: creating extra/uconv/uconv.1
ar: creating uconvmsg/libuconvmsg.a
pkgdata: cc -D_REENTRANT  -DU_HAVE_ELF_H=1 -DU_HAVE_STRTOD_L=1 -DU_HAVE_XLOCALE_H=0  -DU_ALL_IMPLEMENTATION -DU_ATTRIBUTE_DEPRECATED= -O3  -std=c11 -Wall -pedantic -Wshadow -Wpointer-arith -Wmissing-prototypes -Wwrite-strings   -c -I../../../icu/source/common -I../../common -DPIC -fPIC -o uconvmsg/uconvmsg_dat.o uconvmsg/uconvmsg_dat.S
pkgdata: ar r uconvmsg/libuconvmsg.a uconvmsg/uconvmsg_dat.o
pkgdata: ranlib uconvmsg/libuconvmsg.a
c++ -O3  -W -Wall -pedantic -Wpointer-arith -Wwrite-strings -Wno-long-long -std=c++17     -o ../../bin/uconv uconv.o uwmsg.o -L../../lib -licui18n -L../../lib -licuuc -L../../stubdata -licudata -lpthread -lm   uconvmsg/libuconvmsg.a
make[2]: Leaving directory '/workspaces/.riftengine/WebkitWasm/third_party/build-deps/icu-host/extra/uconv'
make[2]: Entering directory '/workspaces/.riftengine/WebkitWasm/third_party/build-deps/icu-host/extra'
make[2]: Nothing to be done for 'all-local'.
make[2]: Leaving directory '/workspaces/.riftengine/WebkitWasm/third_party/build-deps/icu-host/extra'
make[1]: Leaving directory '/workspaces/.riftengine/WebkitWasm/third_party/build-deps/icu-host/extra'
make[1]: Entering directory '/workspaces/.riftengine/WebkitWasm/third_party/build-deps/icu-host'
Note: rebuild with "make VERBOSE=1 all-local" to show all compiler parameters.
make[1]: Leaving directory '/workspaces/.riftengine/WebkitWasm/third_party/build-deps/icu-host'

===== third_party/build-deps/icu-wasm/config.log =====
U_HAVE_TZSET='1'
U_HAVE_WCHAR_H='1'
U_HAVE_WCSCPY='1'
U_IS_BIG_ENDIAN='0'
U_MAKE='/usr/bin/gmake'
U_NL_LANGINFO_CODESET='CODESET'
U_OVERRIDE_CXX_ALLOCATION='1'
U_TIMEZONE='timezone'
U_TZNAME='tzname'
U_TZSET='tzset'
VERSION='77.1'
ac_ct_CC=''
ac_ct_CXX=''
bindir='${exec_prefix}/bin'
build='x86_64-pc-linux-gnu'
build_alias=''
build_cpu='x86_64'
build_os='linux-gnu'
build_vendor='pc'
cross_buildroot='/workspaces/.riftengine/WebkitWasm/third_party/build-deps/icu-host'
cross_compiling='yes'
datadir='${datarootdir}'
datarootdir='${prefix}/share'
docdir='${datarootdir}/doc/${PACKAGE_TARNAME}'
dvidir='${docdir}'
exec_prefix='${prefix}'
host='wasm32-unknown-emscripten'
host_alias='wasm32-unknown-emscripten'
host_cpu='wasm32'
host_os='emscripten'
host_vendor='unknown'
htmldir='${docdir}'
includedir='${prefix}/include'
infodir='${datarootdir}/info'
libdir='${exec_prefix}/lib'
libexecdir='${exec_prefix}/libexec'
localedir='${datarootdir}/locale'
localstatedir='${prefix}/var'
mandir='${datarootdir}/man'
oldincludedir='/usr/include'
pdfdir='${docdir}'
pkgicudatadir='${datarootdir}'
platform='U_UNKNOWN_PLATFORM'
platform_make_fragment='$(top_srcdir)/config/mh-unknown'
platform_make_fragment_name='mh-unknown'
prefix='/workspaces/.riftengine/WebkitWasm/third_party/wasm-sysroot'
program_transform_name='s,x,x,'
psdir='${docdir}'
runstatedir='${localstatedir}/run'
sbindir='${exec_prefix}/sbin'
sharedstatedir='${prefix}/com'
sysconfdir='${prefix}/etc'
target_alias=''
thepkgicudatadir='${prefix}/share'

## ----------- ##
## confdefs.h. ##
## ----------- ##

/* confdefs.h */
#define PACKAGE_NAME "ICU"
#define PACKAGE_TARNAME "icu4c"
#define PACKAGE_VERSION "77.1"
#define PACKAGE_STRING "ICU 77.1"
#define PACKAGE_BUGREPORT "https://icu.unicode.org/bugs"
#define PACKAGE_URL "https://icu.unicode.org/"
#define HAVE_STDIO_H 1
#define HAVE_STDLIB_H 1
#define HAVE_STRING_H 1
#define HAVE_INTTYPES_H 1
#define HAVE_STDINT_H 1
#define HAVE_STRINGS_H 1
#define HAVE_SYS_STAT_H 1
#define HAVE_SYS_TYPES_H 1
#define HAVE_UNISTD_H 1
#define STDC_HEADERS 1
#define SIZEOF_VOID_P 4
#define HAVE_LIBM 1
#define HAVE_ELF_H 1
#define HAVE_GETTIMEOFDAY 1
#define HAVE_LIBPTHREAD 1
#define HAVE_DIRENT_H 1
#define HAVE_WCHAR_H 1
#define SIZEOF_WCHAR_T 4

configure: exit 0

## ---------------------- ##
## Running config.status. ##
## ---------------------- ##

This file was extended by ICU config.status 77.1, which was
generated by GNU Autoconf 2.72.  Invocation command line was

  CONFIG_FILES    = common/Makefile
  CONFIG_HEADERS  = 
  CONFIG_LINKS    = 
  CONFIG_COMMANDS = 
  $ ./config.status 

on codespaces-d8d5bd

config.status:885: creating common/Makefile

## ---------------------- ##
## Running config.status. ##
## ---------------------- ##

This file was extended by ICU config.status 77.1, which was
generated by GNU Autoconf 2.72.  Invocation command line was

  CONFIG_FILES    = ./config/icu-config.1
  CONFIG_HEADERS  = 
  CONFIG_LINKS    = 
  CONFIG_COMMANDS = 
  $ ./config.status 

on codespaces-d8d5bd

config.status:885: creating ./config/icu-config.1

===== third_party/build-deps/icu-wasm/configure-wasm.log =====
checking whether to build static libraries... yes
checking whether we can use static library optimization option... yes
checking whether to enable auto cleanup of libraries... no
checking whether to enable draft APIs... yes
checking for wasm32-unknown-emscripten-ranlib... /workspaces/.riftengine/WebkitWasm/third_party/emsdk/upstream/emscripten/emranlib
checking for a sed that does not truncate output... /usr/bin/sed
checking for wasm32-unknown-emscripten-ar... /workspaces/.riftengine/WebkitWasm/third_party/emsdk/upstream/emscripten/emar
checking whether to enable renaming of symbols... yes
checking whether to enable function and data tracing... no
checking for elf.h... yes
checking whether to enable dynamic loading of plugins. Ignored if plugins disabled.... no
checking for gettimeofday... yes
checking if we have a C++ compiler... Good
checking if we have a C++17 compiler... yes
configure: Adding CXXFLAGS option -std=c++17
checking for pthread_attr_init in -lpthread... yes
checking for mmap... yes
checking for genccode assembly... 
checking for dirent.h... yes
checking whether byte ordering is bigendian... no
checking for nl_langinfo... yes
checking for nl_langinfo's argument to obtain the codeset... CODESET
checking for properly overriding new and delete... yes
checking for placement new and delete... yes
checking for popen... yes
checking for tzset... yes
checking for tzname... yes
checking for timezone... yes
checking for strtod_l... yes
checking for xlocale.h... yes
checking for wchar.h... yes
checking for library containing wcscpy... none required
checking size of wchar_t... 4
checking for UTF-16 string literal support... available
checking for a library suffix to use... none
CPPFLAGS= $(THREADSCPPFLAGS)  -DU_HAVE_ELF_H=1 -DU_ENABLE_DYLOAD=0 -DU_HAVE_STRTOD_L=1 -DU_HAVE_XLOCALE_H=1 
CFLAGS=-O2 -pthread -std=c11 -Wall -pedantic -Wshadow -Wpointer-arith -Wmissing-prototypes -Wwrite-strings $(THREADSCFLAGS) 
CXXFLAGS=-O2 -pthread -W -Wall -pedantic -Wpointer-arith -Wwrite-strings -Wno-long-long -std=c++17 $(THREADSCXXFLAGS) 
configure: creating ./config.status
config.status: creating icudefs.mk
config.status: creating Makefile
config.status: creating data/pkgdataMakefile
config.status: creating config/Makefile.inc
config.status: creating config/icu.pc
config.status: creating config/pkgdataMakefile
config.status: creating data/Makefile
config.status: creating stubdata/Makefile
config.status: creating common/Makefile
config.status: creating i18n/Makefile
config.status: creating layoutex/Makefile
config.status: creating io/Makefile
config.status: creating extra/Makefile
config.status: creating extra/uconv/Makefile
config.status: creating extra/uconv/pkgdataMakefile
config.status: creating extra/scrptrun/Makefile
config.status: creating tools/Makefile
config.status: creating tools/ctestfw/Makefile
config.status: creating tools/toolutil/Makefile
config.status: creating tools/makeconv/Makefile
config.status: creating tools/genrb/Makefile
config.status: creating tools/genccode/Makefile
config.status: creating tools/gencmn/Makefile
config.status: creating tools/gencnval/Makefile
config.status: creating tools/gendict/Makefile
config.status: creating tools/gentest/Makefile
config.status: creating tools/gennorm2/Makefile
config.status: creating tools/genbrk/Makefile
config.status: creating tools/gensprep/Makefile
config.status: creating tools/icuinfo/Makefile
config.status: creating tools/icupkg/Makefile
config.status: creating tools/icuswap/Makefile
config.status: creating tools/pkgdata/Makefile
config.status: creating tools/icuexportdata/Makefile
config.status: creating tools/tzcode/Makefile
config.status: creating tools/gencfu/Makefile
config.status: creating tools/escapesrc/Makefile
config.status: creating test/Makefile
config.status: creating test/compat/Makefile
config.status: creating test/testdata/Makefile
config.status: creating test/testdata/pkgdataMakefile
config.status: creating test/hdrtst/Makefile
config.status: creating test/intltest/Makefile
config.status: creating test/cintltst/Makefile
config.status: creating test/iotest/Makefile
config.status: creating test/letest/Makefile
config.status: creating test/perf/Makefile
config.status: creating test/perf/collationperf/Makefile
config.status: creating test/perf/collperf/Makefile
config.status: creating test/perf/collperf2/Makefile
config.status: creating test/perf/dicttrieperf/Makefile
config.status: creating test/perf/ubrkperf/Makefile
config.status: creating test/perf/charperf/Makefile
config.status: creating test/perf/convperf/Makefile
config.status: creating test/perf/localecanperf/Makefile
config.status: creating test/perf/normperf/Makefile
config.status: creating test/perf/DateFmtPerf/Makefile
config.status: creating test/perf/howExpensiveIs/Makefile
config.status: creating test/perf/strsrchperf/Makefile
config.status: creating test/perf/unisetperf/Makefile
config.status: creating test/perf/usetperf/Makefile
config.status: creating test/perf/ustrperf/Makefile
config.status: creating test/perf/utfperf/Makefile
config.status: creating test/perf/utrie2perf/Makefile
config.status: creating test/fuzzer/Makefile
config.status: creating samples/Makefile
Not rebuilding data/rules.mk, assuming prebuilt data in data/in
Spawning Python to generate test/testdata/rules.mk...

ICU for C/C++ 77.1 is ready to be built.
=== Important Notes: ===
Data Packaging: archive
 This means: ICU data will be stored in a single .dat file.
 To locate data: ICU will look in /workspaces/.riftengine/WebkitWasm/third_party/wasm-sysroot/share/icu/77.1 which is the installation location. Call u_setDataDirectory() or use the ICU_DATA environment variable to override.
Building ICU: Use a GNU make such as /usr/bin/gmake to build ICU.
checking the version of "/usr/bin/gmake"... 4.3 (we wanted at least 3.80)
ok
C   apps may want to build with CFLAGS   =  -std=c11
C++ apps may want to build with CXXFLAGS =  -std=c++17
## Note: you have disabled ICU's tools. This ICU cannot build its own data or tests.
## Expect build failures in the 'data', 'test', and other directories.

===== third_party/build-deps/icu-wasm/install-wasm.log =====
/usr/bin/install -c -m 644 ../../icu/source/i18n/unicode/displayoptions.h /workspaces/.riftengine/WebkitWasm/third_party/wasm-sysroot/include/unicode
/usr/bin/install -c -m 644 ../../icu/source/i18n/unicode/dtfmtsym.h /workspaces/.riftengine/WebkitWasm/third_party/wasm-sysroot/include/unicode
/usr/bin/install -c -m 644 ../../icu/source/i18n/unicode/dtitvfmt.h /workspaces/.riftengine/WebkitWasm/third_party/wasm-sysroot/include/unicode
/usr/bin/install -c -m 644 ../../icu/source/i18n/unicode/dtitvinf.h /workspaces/.riftengine/WebkitWasm/third_party/wasm-sysroot/include/unicode
/usr/bin/install -c -m 644 ../../icu/source/i18n/unicode/dtptngen.h /workspaces/.riftengine/WebkitWasm/third_party/wasm-sysroot/include/unicode
/usr/bin/install -c -m 644 ../../icu/source/i18n/unicode/dtrule.h /workspaces/.riftengine/WebkitWasm/third_party/wasm-sysroot/include/unicode
/usr/bin/install -c -m 644 ../../icu/source/i18n/unicode/fieldpos.h /workspaces/.riftengine/WebkitWasm/third_party/wasm-sysroot/include/unicode
/usr/bin/install -c -m 644 ../../icu/source/i18n/unicode/fmtable.h /workspaces/.riftengine/WebkitWasm/third_party/wasm-sysroot/include/unicode
/usr/bin/install -c -m 644 ../../icu/source/i18n/unicode/format.h /workspaces/.riftengine/WebkitWasm/third_party/wasm-sysroot/include/unicode
/usr/bin/install -c -m 644 ../../icu/source/i18n/unicode/formattednumber.h /workspaces/.riftengine/WebkitWasm/third_party/wasm-sysroot/include/unicode
/usr/bin/install -c -m 644 ../../icu/source/i18n/unicode/formattedvalue.h /workspaces/.riftengine/WebkitWasm/third_party/wasm-sysroot/include/unicode
/usr/bin/install -c -m 644 ../../icu/source/i18n/unicode/fpositer.h /workspaces/.riftengine/WebkitWasm/third_party/wasm-sysroot/include/unicode
/usr/bin/install -c -m 644 ../../icu/source/i18n/unicode/gender.h /workspaces/.riftengine/WebkitWasm/third_party/wasm-sysroot/include/unicode
/usr/bin/install -c -m 644 ../../icu/source/i18n/unicode/gregocal.h /workspaces/.riftengine/WebkitWasm/third_party/wasm-sysroot/include/unicode
/usr/bin/install -c -m 644 ../../icu/source/i18n/unicode/listformatter.h /workspaces/.riftengine/WebkitWasm/third_party/wasm-sysroot/include/unicode
/usr/bin/install -c -m 644 ../../icu/source/i18n/unicode/measfmt.h /workspaces/.riftengine/WebkitWasm/third_party/wasm-sysroot/include/unicode
/usr/bin/install -c -m 644 ../../icu/source/i18n/unicode/measunit.h /workspaces/.riftengine/WebkitWasm/third_party/wasm-sysroot/include/unicode
/usr/bin/install -c -m 644 ../../icu/source/i18n/unicode/measure.h /workspaces/.riftengine/WebkitWasm/third_party/wasm-sysroot/include/unicode
/usr/bin/install -c -m 644 ../../icu/source/i18n/unicode/messageformat2_arguments.h /workspaces/.riftengine/WebkitWasm/third_party/wasm-sysroot/include/unicode
/usr/bin/install -c -m 644 ../../icu/source/i18n/unicode/messageformat2_data_model.h /workspaces/.riftengine/WebkitWasm/third_party/wasm-sysroot/include/unicode
/usr/bin/install -c -m 644 ../../icu/source/i18n/unicode/messageformat2_data_model_names.h /workspaces/.riftengine/WebkitWasm/third_party/wasm-sysroot/include/unicode
/usr/bin/install -c -m 644 ../../icu/source/i18n/unicode/messageformat2_formattable.h /workspaces/.riftengine/WebkitWasm/third_party/wasm-sysroot/include/unicode
/usr/bin/install -c -m 644 ../../icu/source/i18n/unicode/messageformat2_function_registry.h /workspaces/.riftengine/WebkitWasm/third_party/wasm-sysroot/include/unicode
/usr/bin/install -c -m 644 ../../icu/source/i18n/unicode/messageformat2.h /workspaces/.riftengine/WebkitWasm/third_party/wasm-sysroot/include/unicode
/usr/bin/install -c -m 644 ../../icu/source/i18n/unicode/msgfmt.h /workspaces/.riftengine/WebkitWasm/third_party/wasm-sysroot/include/unicode
/usr/bin/install -c -m 644 ../../icu/source/i18n/unicode/nounit.h /workspaces/.riftengine/WebkitWasm/third_party/wasm-sysroot/include/unicode
/usr/bin/install -c -m 644 ../../icu/source/i18n/unicode/numberformatter.h /workspaces/.riftengine/WebkitWasm/third_party/wasm-sysroot/include/unicode
/usr/bin/install -c -m 644 ../../icu/source/i18n/unicode/numberrangeformatter.h /workspaces/.riftengine/WebkitWasm/third_party/wasm-sysroot/include/unicode
/usr/bin/install -c -m 644 ../../icu/source/i18n/unicode/numfmt.h /workspaces/.riftengine/WebkitWasm/third_party/wasm-sysroot/include/unicode
/usr/bin/install -c -m 644 ../../icu/source/i18n/unicode/numsys.h /workspaces/.riftengine/WebkitWasm/third_party/wasm-sysroot/include/unicode
/usr/bin/install -c -m 644 ../../icu/source/i18n/unicode/plurfmt.h /workspaces/.riftengine/WebkitWasm/third_party/wasm-sysroot/include/unicode
/usr/bin/install -c -m 644 ../../icu/source/i18n/unicode/plurrule.h /workspaces/.riftengine/WebkitWasm/third_party/wasm-sysroot/include/unicode
/usr/bin/install -c -m 644 ../../icu/source/i18n/unicode/rbnf.h /workspaces/.riftengine/WebkitWasm/third_party/wasm-sysroot/include/unicode
/usr/bin/install -c -m 644 ../../icu/source/i18n/unicode/rbtz.h /workspaces/.riftengine/WebkitWasm/third_party/wasm-sysroot/include/unicode
/usr/bin/install -c -m 644 ../../icu/source/i18n/unicode/regex.h /workspaces/.riftengine/WebkitWasm/third_party/wasm-sysroot/include/unicode
/usr/bin/install -c -m 644 ../../icu/source/i18n/unicode/region.h /workspaces/.riftengine/WebkitWasm/third_party/wasm-sysroot/include/unicode
/usr/bin/install -c -m 644 ../../icu/source/i18n/unicode/reldatefmt.h /workspaces/.riftengine/WebkitWasm/third_party/wasm-sysroot/include/unicode
/usr/bin/install -c -m 644 ../../icu/source/i18n/unicode/scientificnumberformatter.h /workspaces/.riftengine/WebkitWasm/third_party/wasm-sysroot/include/unicode
/usr/bin/install -c -m 644 ../../icu/source/i18n/unicode/search.h /workspaces/.riftengine/WebkitWasm/third_party/wasm-sysroot/include/unicode
/usr/bin/install -c -m 644 ../../icu/source/i18n/unicode/selfmt.h /workspaces/.riftengine/WebkitWasm/third_party/wasm-sysroot/include/unicode
/usr/bin/install -c -m 644 ../../icu/source/i18n/unicode/simplenumberformatter.h /workspaces/.riftengine/WebkitWasm/third_party/wasm-sysroot/include/unicode
/usr/bin/install -c -m 644 ../../icu/source/i18n/unicode/simpletz.h /workspaces/.riftengine/WebkitWasm/third_party/wasm-sysroot/include/unicode
/usr/bin/install -c -m 644 ../../icu/source/i18n/unicode/smpdtfmt.h /workspaces/.riftengine/WebkitWasm/third_party/wasm-sysroot/include/unicode
/usr/bin/install -c -m 644 ../../icu/source/i18n/unicode/sortkey.h /workspaces/.riftengine/WebkitWasm/third_party/wasm-sysroot/include/unicode
/usr/bin/install -c -m 644 ../../icu/source/i18n/unicode/stsearch.h /workspaces/.riftengine/WebkitWasm/third_party/wasm-sysroot/include/unicode
/usr/bin/install -c -m 644 ../../icu/source/i18n/unicode/tblcoll.h /workspaces/.riftengine/WebkitWasm/third_party/wasm-sysroot/include/unicode
/usr/bin/install -c -m 644 ../../icu/source/i18n/unicode/timezone.h /workspaces/.riftengine/WebkitWasm/third_party/wasm-sysroot/include/unicode
/usr/bin/install -c -m 644 ../../icu/source/i18n/unicode/tmunit.h /workspaces/.riftengine/WebkitWasm/third_party/wasm-sysroot/include/unicode
/usr/bin/install -c -m 644 ../../icu/source/i18n/unicode/tmutamt.h /workspaces/.riftengine/WebkitWasm/third_party/wasm-sysroot/include/unicode
/usr/bin/install -c -m 644 ../../icu/source/i18n/unicode/tmutfmt.h /workspaces/.riftengine/WebkitWasm/third_party/wasm-sysroot/include/unicode
/usr/bin/install -c -m 644 ../../icu/source/i18n/unicode/translit.h /workspaces/.riftengine/WebkitWasm/third_party/wasm-sysroot/include/unicode
/usr/bin/install -c -m 644 ../../icu/source/i18n/unicode/tzfmt.h /workspaces/.riftengine/WebkitWasm/third_party/wasm-sysroot/include/unicode
/usr/bin/install -c -m 644 ../../icu/source/i18n/unicode/tznames.h /workspaces/.riftengine/WebkitWasm/third_party/wasm-sysroot/include/unicode
/usr/bin/install -c -m 644 ../../icu/source/i18n/unicode/tzrule.h /workspaces/.riftengine/WebkitWasm/third_party/wasm-sysroot/include/unicode
/usr/bin/install -c -m 644 ../../icu/source/i18n/unicode/tztrans.h /workspaces/.riftengine/WebkitWasm/third_party/wasm-sysroot/include/unicode
/usr/bin/install -c -m 644 ../../icu/source/i18n/unicode/ucal.h /workspaces/.riftengine/WebkitWasm/third_party/wasm-sysroot/include/unicode
/usr/bin/install -c -m 644 ../../icu/source/i18n/unicode/ucoleitr.h /workspaces/.riftengine/WebkitWasm/third_party/wasm-sysroot/include/unicode
/usr/bin/install -c -m 644 ../../icu/source/i18n/unicode/ucol.h /workspaces/.riftengine/WebkitWasm/third_party/wasm-sysroot/include/unicode
/usr/bin/install -c -m 644 ../../icu/source/i18n/unicode/ucsdet.h /workspaces/.riftengine/WebkitWasm/third_party/wasm-sysroot/include/unicode
/usr/bin/install -c -m 644 ../../icu/source/i18n/unicode/udateintervalformat.h /workspaces/.riftengine/WebkitWasm/third_party/wasm-sysroot/include/unicode
/usr/bin/install -c -m 644 ../../icu/source/i18n/unicode/udat.h /workspaces/.riftengine/WebkitWasm/third_party/wasm-sysroot/include/unicode
/usr/bin/install -c -m 644 ../../icu/source/i18n/unicode/udatpg.h /workspaces/.riftengine/WebkitWasm/third_party/wasm-sysroot/include/unicode
/usr/bin/install -c -m 644 ../../icu/source/i18n/unicode/udisplayoptions.h /workspaces/.riftengine/WebkitWasm/third_party/wasm-sysroot/include/unicode
/usr/bin/install -c -m 644 ../../icu/source/i18n/unicode/ufieldpositer.h /workspaces/.riftengine/WebkitWasm/third_party/wasm-sysroot/include/unicode
/usr/bin/install -c -m 644 ../../icu/source/i18n/unicode/uformattable.h /workspaces/.riftengine/WebkitWasm/third_party/wasm-sysroot/include/unicode
/usr/bin/install -c -m 644 ../../icu/source/i18n/unicode/uformattednumber.h /workspaces/.riftengine/WebkitWasm/third_party/wasm-sysroot/include/unicode
/usr/bin/install -c -m 644 ../../icu/source/i18n/unicode/uformattedvalue.h /workspaces/.riftengine/WebkitWasm/third_party/wasm-sysroot/include/unicode
/usr/bin/install -c -m 644 ../../icu/source/i18n/unicode/ugender.h /workspaces/.riftengine/WebkitWasm/third_party/wasm-sysroot/include/unicode
/usr/bin/install -c -m 644 ../../icu/source/i18n/unicode/ulistformatter.h /workspaces/.riftengine/WebkitWasm/third_party/wasm-sysroot/include/unicode
/usr/bin/install -c -m 644 ../../icu/source/i18n/unicode/ulocdata.h /workspaces/.riftengine/WebkitWasm/third_party/wasm-sysroot/include/unicode
/usr/bin/install -c -m 644 ../../icu/source/i18n/unicode/umsg.h /workspaces/.riftengine/WebkitWasm/third_party/wasm-sysroot/include/unicode
/usr/bin/install -c -m 644 ../../icu/source/i18n/unicode/unirepl.h /workspaces/.riftengine/WebkitWasm/third_party/wasm-sysroot/include/unicode
/usr/bin/install -c -m 644 ../../icu/source/i18n/unicode/unumberformatter.h /workspaces/.riftengine/WebkitWasm/third_party/wasm-sysroot/include/unicode
/usr/bin/install -c -m 644 ../../icu/source/i18n/unicode/unumberoptions.h /workspaces/.riftengine/WebkitWasm/third_party/wasm-sysroot/include/unicode
/usr/bin/install -c -m 644 ../../icu/source/i18n/unicode/unumberrangeformatter.h /workspaces/.riftengine/WebkitWasm/third_party/wasm-sysroot/include/unicode
/usr/bin/install -c -m 644 ../../icu/source/i18n/unicode/unum.h /workspaces/.riftengine/WebkitWasm/third_party/wasm-sysroot/include/unicode
/usr/bin/install -c -m 644 ../../icu/source/i18n/unicode/unumsys.h /workspaces/.riftengine/WebkitWasm/third_party/wasm-sysroot/include/unicode
/usr/bin/install -c -m 644 ../../icu/source/i18n/unicode/upluralrules.h /workspaces/.riftengine/WebkitWasm/third_party/wasm-sysroot/include/unicode
/usr/bin/install -c -m 644 ../../icu/source/i18n/unicode/uregex.h /workspaces/.riftengine/WebkitWasm/third_party/wasm-sysroot/include/unicode
/usr/bin/install -c -m 644 ../../icu/source/i18n/unicode/uregion.h /workspaces/.riftengine/WebkitWasm/third_party/wasm-sysroot/include/unicode
/usr/bin/install -c -m 644 ../../icu/source/i18n/unicode/ureldatefmt.h /workspaces/.riftengine/WebkitWasm/third_party/wasm-sysroot/include/unicode
/usr/bin/install -c -m 644 ../../icu/source/i18n/unicode/usearch.h /workspaces/.riftengine/WebkitWasm/third_party/wasm-sysroot/include/unicode
/usr/bin/install -c -m 644 ../../icu/source/i18n/unicode/usimplenumberformatter.h /workspaces/.riftengine/WebkitWasm/third_party/wasm-sysroot/include/unicode
/usr/bin/install -c -m 644 ../../icu/source/i18n/unicode/uspoof.h /workspaces/.riftengine/WebkitWasm/third_party/wasm-sysroot/include/unicode
/usr/bin/install -c -m 644 ../../icu/source/i18n/unicode/utmscale.h /workspaces/.riftengine/WebkitWasm/third_party/wasm-sysroot/include/unicode
/usr/bin/install -c -m 644 ../../icu/source/i18n/unicode/utrans.h /workspaces/.riftengine/WebkitWasm/third_party/wasm-sysroot/include/unicode
/usr/bin/install -c -m 644 ../../icu/source/i18n/unicode/vtzone.h /workspaces/.riftengine/WebkitWasm/third_party/wasm-sysroot/include/unicode
/bin/bash ../../icu/source/mkinstalldirs /workspaces/.riftengine/WebkitWasm/third_party/wasm-sysroot/lib
/usr/bin/install -c ../lib/libicui18n.a /workspaces/.riftengine/WebkitWasm/third_party/wasm-sysroot/lib
make[1]: Leaving directory '/workspaces/.riftengine/WebkitWasm/third_party/build-deps/icu-wasm/i18n'
make[0]: Making `install' in `io'
make[1]: Entering directory '/workspaces/.riftengine/WebkitWasm/third_party/build-deps/icu-wasm/io'
/bin/bash ../../icu/source/mkinstalldirs /workspaces/.riftengine/WebkitWasm/third_party/wasm-sysroot/include/unicode
/usr/bin/install -c -m 644 ../../icu/source/io/unicode/ustdio.h /workspaces/.riftengine/WebkitWasm/third_party/wasm-sysroot/include/unicode
/usr/bin/install -c -m 644 ../../icu/source/io/unicode/ustream.h /workspaces/.riftengine/WebkitWasm/third_party/wasm-sysroot/include/unicode
/bin/bash ../../icu/source/mkinstalldirs /workspaces/.riftengine/WebkitWasm/third_party/wasm-sysroot/lib
/usr/bin/install -c ../lib/libicuio.a /workspaces/.riftengine/WebkitWasm/third_party/wasm-sysroot/lib
make[1]: Leaving directory '/workspaces/.riftengine/WebkitWasm/third_party/build-deps/icu-wasm/io'
make[0]: Making `install' in `data'
make[1]: Entering directory '/workspaces/.riftengine/WebkitWasm/third_party/build-deps/icu-wasm/data'
/bin/bash ../../icu/source/mkinstalldirs  /workspaces/.riftengine/WebkitWasm/third_party/wasm-sysroot/share/icu/77.1
LD_LIBRARY_PATH=/workspaces/.riftengine/WebkitWasm/third_party/build-deps/icu-host/stubdata:/workspaces/.riftengine/WebkitWasm/third_party/build-deps/icu-host/tools/ctestfw:/workspaces/.riftengine/WebkitWasm/third_party/build-deps/icu-host/lib:$LD_LIBRARY_PATH  /workspaces/.riftengine/WebkitWasm/third_party/build-deps/icu-host/bin/pkgdata -O ../data/icupkg.inc -q -c -s /workspaces/.riftengine/WebkitWasm/third_party/build-deps/icu-wasm/data/out/build/icudt77l -d ./out -m common -r 77.1 -e icudt77  -T ./out/tmp -s ./out/build/icudt77l -p icudt77l  ./out/tmp/icudata.lst -I /workspaces/.riftengine/WebkitWasm/third_party/wasm-sysroot/share/icu/77.1
pkgdata: /usr/bin/install -c ./out/icudt77l.dat /workspaces/.riftengine/WebkitWasm/third_party/wasm-sysroot/share/icu/77.1
make[1]: Leaving directory '/workspaces/.riftengine/WebkitWasm/third_party/build-deps/icu-wasm/data'
make[1]: Entering directory '/workspaces/.riftengine/WebkitWasm/third_party/build-deps/icu-wasm'
/usr/bin/install -c -m 644 ../icu/source/config/mh-unknown /workspaces/.riftengine/WebkitWasm/third_party/wasm-sysroot/share/icu/77.1/config/mh-unknown
/usr/bin/install -c ../icu/source/mkinstalldirs /workspaces/.riftengine/WebkitWasm/third_party/wasm-sysroot/share/icu/77.1/mkinstalldirs
/usr/bin/install -c ../icu/source/install-sh /workspaces/.riftengine/WebkitWasm/third_party/wasm-sysroot/share/icu/77.1/install-sh
/usr/bin/install -c -m 644 ./config/icu-uc.pc ./config/icu-i18n.pc ./config/icu-io.pc /workspaces/.riftengine/WebkitWasm/third_party/wasm-sysroot/lib/pkgconfig/
/usr/bin/install -c -m 644 ../icu/source/../LICENSE /workspaces/.riftengine/WebkitWasm/third_party/wasm-sysroot/share/icu/77.1/LICENSE
/usr/bin/install -c ./config/icu-config /workspaces/.riftengine/WebkitWasm/third_party/wasm-sysroot/bin/icu-config
/usr/bin/install -c -m 644 ./config/Makefile.inc /workspaces/.riftengine/WebkitWasm/third_party/wasm-sysroot/lib/icu/77.1/Makefile.inc
/usr/bin/install -c -m 644 ./config/pkgdata.inc /workspaces/.riftengine/WebkitWasm/third_party/wasm-sysroot/lib/icu/77.1/pkgdata.inc
cd /workspaces/.riftengine/WebkitWasm/third_party/wasm-sysroot/lib/icu/77.1/..; \
    rm -rf current && ln -s 77.1 current; \
    rm -f Makefile.inc && ln -s current/Makefile.inc Makefile.inc; \
    rm -f pkgdata.inc && ln -s current/pkgdata.inc pkgdata.inc
/bin/bash ../icu/source/mkinstalldirs /workspaces/.riftengine/WebkitWasm/third_party/wasm-sysroot/share/man/man1
/usr/bin/install -c -m 644 config/icu-config.1 /workspaces/.riftengine/WebkitWasm/third_party/wasm-sysroot/share/man/man1
make[1]: Leaving directory '/workspaces/.riftengine/WebkitWasm/third_party/build-deps/icu-wasm'

===== third_party/build-deps/icu-wasm/make-wasm.log =====
emmake: "make -j4" in "/workspaces/.riftengine/WebkitWasm/third_party/build-deps/icu-wasm"
rm -rf config/icu-config
rebuilding config/icucross.inc
/usr/bin/install -c ../icu/source/config/icu-config-top config/icu-config
make[0]: Making `all' in `stubdata'
chmod u+w config/icu-config
make[1]: Entering directory '/workspaces/.riftengine/WebkitWasm/third_party/build-deps/icu-wasm/stubdata'
LC_ALL=C /usr/bin/sed -f ../icu/source/config/make2sh.sed < ./config/Makefile.inc | grep -v '#M#' | uniq >> config/icu-config
make[1]: Nothing to be done for 'all'.
make[1]: Leaving directory '/workspaces/.riftengine/WebkitWasm/third_party/build-deps/icu-wasm/stubdata'
make[0]: Making `all' in `common'
make[1]: Entering directory '/workspaces/.riftengine/WebkitWasm/third_party/build-deps/icu-wasm/common'
LC_ALL=C /usr/bin/sed -f ../icu/source/config/make2sh.sed < ../icu/source/config/mh-unknown | grep -v '#M#' | uniq >> config/icu-config
cat ../icu/source/config/icu-config-bottom >> config/icu-config
chmod u-w config/icu-config
Note: rebuild with "make VERBOSE=1 " to show all compiler parameters.
make[1]: Nothing to be done for 'all'.
make[1]: Leaving directory '/workspaces/.riftengine/WebkitWasm/third_party/build-deps/icu-wasm/common'
make[0]: Making `all' in `i18n'
make[1]: Entering directory '/workspaces/.riftengine/WebkitWasm/third_party/build-deps/icu-wasm/i18n'
make[1]: Nothing to be done for 'all'.
make[1]: Leaving directory '/workspaces/.riftengine/WebkitWasm/third_party/build-deps/icu-wasm/i18n'
make[0]: Making `all' in `io'
make[1]: Entering directory '/workspaces/.riftengine/WebkitWasm/third_party/build-deps/icu-wasm/io'
make[1]: Nothing to be done for 'all'.
make[1]: Leaving directory '/workspaces/.riftengine/WebkitWasm/third_party/build-deps/icu-wasm/io'
make[0]: Making `all' in `data'
make[1]: Entering directory '/workspaces/.riftengine/WebkitWasm/third_party/build-deps/icu-wasm/data'
make[1]: Nothing to be done for 'all'.
make[1]: Leaving directory '/workspaces/.riftengine/WebkitWasm/third_party/build-deps/icu-wasm/data'
make[1]: Entering directory '/workspaces/.riftengine/WebkitWasm/third_party/build-deps/icu-wasm'
Note: rebuild with "make VERBOSE=1 all-local" to show all compiler parameters.
make[1]: Leaving directory '/workspaces/.riftengine/WebkitWasm/third_party/build-deps/icu-wasm'

===== third_party/build-deps/libjpeg-turbo-build-build.log =====
[56/145] Building C object CMakeFiles/jpeg-static.dir/jdpostct.c.o
[57/145] Building C object CMakeFiles/jpeg-static.dir/jutils.c.o
[58/145] Building C object CMakeFiles/jpeg-static.dir/jdcolor.c.o
[59/145] Building C object CMakeFiles/jpeg-static.dir/jccoefct.c.o
[60/145] Building C object CMakeFiles/jpeg-static.dir/jcdctmgr.c.o
[61/145] Building C object CMakeFiles/jpeg-static.dir/jfdctfst.c.o
[62/145] Building C object CMakeFiles/jpeg-static.dir/jddctmgr.c.o
[63/145] Building C object CMakeFiles/jpeg-static.dir/jdcoefct.c.o
[64/145] Building C object CMakeFiles/jpeg-static.dir/jfdctint.c.o
[65/145] Building C object CMakeFiles/jpeg-static.dir/jdmerge.c.o
[66/145] Building C object CMakeFiles/jpeg-static.dir/jidctfst.c.o
[67/145] Building C object CMakeFiles/jpeg-static.dir/jidctflt.c.o
[68/145] Building C object CMakeFiles/jpeg-static.dir/jidctred.c.o
[69/145] Building C object CMakeFiles/jpeg-static.dir/jcapimin.c.o
[70/145] Building C object CMakeFiles/jpeg-static.dir/jquant1.c.o
[71/145] Building C object CMakeFiles/jpeg-static.dir/jcicc.c.o
[72/145] Building C object CMakeFiles/jpeg-static.dir/jidctint.c.o
[73/145] Building C object CMakeFiles/jpeg-static.dir/jcinit.c.o
[74/145] Building C object CMakeFiles/jpeg-static.dir/jquant2.c.o
[75/145] Building C object CMakeFiles/jpeg-static.dir/jcomapi.c.o
[76/145] Building C object CMakeFiles/jpeg-static.dir/jclhuff.c.o
[77/145] Building C object CMakeFiles/jpeg-static.dir/jcmarker.c.o
[78/145] Building C object CMakeFiles/jpeg-static.dir/jcmaster.c.o
[79/145] Building C object CMakeFiles/jpeg-static.dir/jcparam.c.o
[80/145] Building C object CMakeFiles/jpeg-static.dir/jdapimin.c.o
[81/145] Building C object CMakeFiles/jpeg-static.dir/jdatasrc.c.o
[82/145] Building C object CMakeFiles/jpeg-static.dir/jctrans.c.o
[83/145] Building C object CMakeFiles/jpeg-static.dir/jdatadst.c.o
[84/145] Building C object CMakeFiles/jpeg-static.dir/jcphuff.c.o
[85/145] Building C object CMakeFiles/jpeg-static.dir/jdinput.c.o
[86/145] Building C object CMakeFiles/jpeg-static.dir/jdicc.c.o
[87/145] Building C object CMakeFiles/jpeg-static.dir/jdlhuff.c.o
[88/145] Building C object CMakeFiles/jpeg-static.dir/jdhuff.c.o
[89/145] Building C object CMakeFiles/jpeg-static.dir/jdtrans.c.o
[90/145] Building C object CMakeFiles/jpeg-static.dir/jdphuff.c.o
[91/145] Building C object CMakeFiles/jpeg-static.dir/jdmarker.c.o
[92/145] Building C object CMakeFiles/jpeg-static.dir/jdmaster.c.o
[93/145] Building C object CMakeFiles/jpeg-static.dir/jerror.c.o
[94/145] Building C object CMakeFiles/jpeg-static.dir/jchuff.c.o
[95/145] Building C object CMakeFiles/jpeg-static.dir/jmemnobs.c.o
[96/145] Building C object CMakeFiles/jpeg-static.dir/jfdctflt.c.o
[97/145] Building C object CMakeFiles/jpeg-static.dir/jaricom.c.o
[98/145] Building C object CMakeFiles/jpeg-static.dir/jpeg_nbits.c.o
[99/145] Building C object CMakeFiles/jpeg-static.dir/jmemmgr.c.o
[100/145] Building C object CMakeFiles/jpeg-static.dir/jcarith.c.o
[101/145] Building C object CMakeFiles/cjpeg12-static.dir/rdgif.c.o
[102/145] Building C object CMakeFiles/cjpeg16-static.dir/rdgif.c.o
[103/145] Building C object CMakeFiles/jpeg-static.dir/jdarith.c.o
[104/145] Building C object CMakeFiles/cjpeg12-static.dir/rdppm.c.o
[105/145] Building C object CMakeFiles/cjpeg16-static.dir/rdppm.c.o
[106/145] Building C object CMakeFiles/cjpeg-static.dir/cjpeg.c.o
[107/145] Building C object CMakeFiles/cjpeg-static.dir/cdjpeg.c.o
[108/145] Linking C static library libjpeg.a
[109/145] Building C object CMakeFiles/cjpeg-static.dir/rdgif.c.o
[110/145] Building C object CMakeFiles/cjpeg-static.dir/rdswitch.c.o
[111/145] Building C object CMakeFiles/cjpeg-static.dir/rdtarga.c.o
[112/145] Building C object CMakeFiles/cjpeg-static.dir/rdbmp.c.o
[113/145] Building C object CMakeFiles/cjpeg-static.dir/rdppm.c.o
[114/145] Building C object CMakeFiles/djpeg12-static.dir/wrppm.c.o
[115/145] Building C object CMakeFiles/djpeg12-static.dir/wrgif.c.o
[116/145] Building C object CMakeFiles/djpeg12-static.dir/rdcolmap.c.o
[117/145] Building C object CMakeFiles/djpeg16-static.dir/wrppm.c.o
[118/145] Building C object CMakeFiles/djpeg-static.dir/rdcolmap.c.o
[119/145] Building C object CMakeFiles/djpeg-static.dir/djpeg.c.o
[120/145] Building C object CMakeFiles/djpeg-static.dir/cdjpeg.c.o
[121/145] Building C object CMakeFiles/djpeg-static.dir/rdswitch.c.o
[122/145] Building C object CMakeFiles/djpeg-static.dir/wrbmp.c.o
[123/145] Building C object CMakeFiles/djpeg-static.dir/wrppm.c.o
[124/145] Building C object CMakeFiles/djpeg-static.dir/wrgif.c.o
[125/145] Building C object CMakeFiles/djpeg-static.dir/wrtarga.c.o
[126/145] Building C object CMakeFiles/jpegtran-static.dir/cdjpeg.c.o
[127/145] Building C object CMakeFiles/jpegtran-static.dir/jpegtran.c.o
[128/145] Building C object CMakeFiles/jpegtran-static.dir/rdswitch.c.o
[129/145] Building C object CMakeFiles/rdjpgcom.dir/rdjpgcom.c.o
[130/145] Building C object CMakeFiles/example-static.dir/example.c.o
[131/145] Building C object CMakeFiles/wrjpgcom.dir/wrjpgcom.c.o
[132/145] Building C object CMakeFiles/jpegtran-static.dir/transupp.c.o
[133/145] Linking C executable rdjpgcom.js
[134/145] Building C object CMakeFiles/strtest.dir/strtest.c.o
[135/145] Linking C executable wrjpgcom.js
[136/145] Building C object md5/CMakeFiles/md5cmp.dir/md5cmp.c.o
[137/145] Building C object md5/CMakeFiles/md5cmp.dir/md5.c.o
[138/145] Building C object md5/CMakeFiles/md5cmp.dir/md5hl.c.o
[139/145] Linking C executable djpeg-static.js
[140/145] Linking C executable cjpeg-static.js
[141/145] Linking C executable example-static.js
[142/145] Linking C executable strtest.js
[143/145] Linking C executable jpegtran-static.js
[144/145] Linking C executable md5/md5cmp.js
[144/145] Install the project...
-- Install configuration: "Release"
-- Installing: /workspaces/.riftengine/WebkitWasm/third_party/wasm-sysroot/lib/libjpeg.a
-- Installing: /workspaces/.riftengine/WebkitWasm/third_party/wasm-sysroot/bin/cjpeg.js
-- Installing: /workspaces/.riftengine/WebkitWasm/third_party/wasm-sysroot/bin/djpeg.js
-- Installing: /workspaces/.riftengine/WebkitWasm/third_party/wasm-sysroot/bin/jpegtran.js
-- Installing: /workspaces/.riftengine/WebkitWasm/third_party/wasm-sysroot/bin/rdjpgcom.js
-- Installing: /workspaces/.riftengine/WebkitWasm/third_party/wasm-sysroot/bin/wrjpgcom.js
-- Installing: /workspaces/.riftengine/WebkitWasm/third_party/wasm-sysroot/share/doc/libjpeg-turbo/README.ijg
-- Installing: /workspaces/.riftengine/WebkitWasm/third_party/wasm-sysroot/share/doc/libjpeg-turbo/README.md
-- Installing: /workspaces/.riftengine/WebkitWasm/third_party/wasm-sysroot/share/doc/libjpeg-turbo/example.c
-- Installing: /workspaces/.riftengine/WebkitWasm/third_party/wasm-sysroot/share/doc/libjpeg-turbo/tjexample.c
-- Installing: /workspaces/.riftengine/WebkitWasm/third_party/wasm-sysroot/share/doc/libjpeg-turbo/libjpeg.txt
-- Installing: /workspaces/.riftengine/WebkitWasm/third_party/wasm-sysroot/share/doc/libjpeg-turbo/structure.txt
-- Installing: /workspaces/.riftengine/WebkitWasm/third_party/wasm-sysroot/share/doc/libjpeg-turbo/usage.txt
-- Installing: /workspaces/.riftengine/WebkitWasm/third_party/wasm-sysroot/share/doc/libjpeg-turbo/wizard.txt
-- Installing: /workspaces/.riftengine/WebkitWasm/third_party/wasm-sysroot/share/doc/libjpeg-turbo/LICENSE.md
-- Installing: /workspaces/.riftengine/WebkitWasm/third_party/wasm-sysroot/share/man/man1/cjpeg.1
-- Installing: /workspaces/.riftengine/WebkitWasm/third_party/wasm-sysroot/share/man/man1/djpeg.1
-- Installing: /workspaces/.riftengine/WebkitWasm/third_party/wasm-sysroot/share/man/man1/jpegtran.1
-- Installing: /workspaces/.riftengine/WebkitWasm/third_party/wasm-sysroot/share/man/man1/rdjpgcom.1
-- Installing: /workspaces/.riftengine/WebkitWasm/third_party/wasm-sysroot/share/man/man1/wrjpgcom.1
-- Installing: /workspaces/.riftengine/WebkitWasm/third_party/wasm-sysroot/lib/pkgconfig/libjpeg.pc
-- Installing: /workspaces/.riftengine/WebkitWasm/third_party/wasm-sysroot/lib/cmake/libjpeg-turbo/libjpeg-turboConfig.cmake
-- Installing: /workspaces/.riftengine/WebkitWasm/third_party/wasm-sysroot/lib/cmake/libjpeg-turbo/libjpeg-turboConfigVersion.cmake
-- Installing: /workspaces/.riftengine/WebkitWasm/third_party/wasm-sysroot/lib/cmake/libjpeg-turbo/libjpeg-turboTargets.cmake
-- Installing: /workspaces/.riftengine/WebkitWasm/third_party/wasm-sysroot/lib/cmake/libjpeg-turbo/libjpeg-turboTargets-release.cmake
-- Installing: /workspaces/.riftengine/WebkitWasm/third_party/wasm-sysroot/include/jconfig.h
-- Installing: /workspaces/.riftengine/WebkitWasm/third_party/wasm-sysroot/include/jerror.h
-- Installing: /workspaces/.riftengine/WebkitWasm/third_party/wasm-sysroot/include/jmorecfg.h
-- Installing: /workspaces/.riftengine/WebkitWasm/third_party/wasm-sysroot/include/jpeglib.h

===== third_party/build-deps/libjpeg-turbo-build/CMakeFiles/CMakeOutput.log =====
Determining size of size_t passed with the following output:
Change Dir: '/workspaces/.riftengine/WebkitWasm/third_party/build-deps/libjpeg-turbo-build/CMakeFiles/CMakeTmp'

Run Build Command(s): /usr/bin/ninja -v cmTC_4317e
[1/2] /workspaces/.riftengine/WebkitWasm/third_party/emsdk/upstream/emscripten/emcc   -O2 -pthread -MD -MT CMakeFiles/cmTC_4317e.dir/SIZE_T.c.o -MF CMakeFiles/cmTC_4317e.dir/SIZE_T.c.o.d -o CMakeFiles/cmTC_4317e.dir/SIZE_T.c.o -c /workspaces/.riftengine/WebkitWasm/third_party/build-deps/libjpeg-turbo-build/CMakeFiles/CheckTypeSize/SIZE_T.c
[2/2] : && /workspaces/.riftengine/WebkitWasm/third_party/emsdk/upstream/emscripten/emcc -O2 -pthread  CMakeFiles/cmTC_4317e.dir/SIZE_T.c.o -o cmTC_4317e.js  --oformat=wasm  -sWASM=1 && :



Determining size of unsigned long passed with the following output:
Change Dir: '/workspaces/.riftengine/WebkitWasm/third_party/build-deps/libjpeg-turbo-build/CMakeFiles/CMakeTmp'

Run Build Command(s): /usr/bin/ninja -v cmTC_f5da6
[1/2] /workspaces/.riftengine/WebkitWasm/third_party/emsdk/upstream/emscripten/emcc   -O2 -pthread -MD -MT CMakeFiles/cmTC_f5da6.dir/UNSIGNED_LONG.c.o -MF CMakeFiles/cmTC_f5da6.dir/UNSIGNED_LONG.c.o.d -o CMakeFiles/cmTC_f5da6.dir/UNSIGNED_LONG.c.o -c /workspaces/.riftengine/WebkitWasm/third_party/build-deps/libjpeg-turbo-build/CMakeFiles/CheckTypeSize/UNSIGNED_LONG.c
[2/2] : && /workspaces/.riftengine/WebkitWasm/third_party/emsdk/upstream/emscripten/emcc -O2 -pthread  CMakeFiles/cmTC_f5da6.dir/UNSIGNED_LONG.c.o -o cmTC_f5da6.js  --oformat=wasm  -sWASM=1 && :




===== third_party/build-deps/libjpeg-turbo-build-configure.log =====
emcmake: cmake -S libjpeg-turbo -B libjpeg-turbo-build -GNinja -DCMAKE_BUILD_TYPE=Release -DCMAKE_INSTALL_PREFIX=/workspaces/.riftengine/WebkitWasm/third_party/wasm-sysroot -DCMAKE_FIND_ROOT_PATH=/workspaces/.riftengine/WebkitWasm/third_party/wasm-sysroot -DBUILD_SHARED_LIBS=OFF -DWITH_SIMD=0 -DENABLE_SHARED=0 -DENABLE_STATIC=1 -DWITH_TURBOJPEG=0 -DCMAKE_TOOLCHAIN_FILE=/workspaces/.riftengine/WebkitWasm/third_party/emsdk/upstream/emscripten/cmake/Modules/Platform/Emscripten.cmake -DCMAKE_CROSSCOMPILING_EMULATOR=/workspaces/.riftengine/WebkitWasm/third_party/emsdk/node/24.19.0_64bit/bin/node in directory /workspaces/.riftengine/WebkitWasm/third_party/build-deps
-- CMAKE_BUILD_TYPE = Release
-- VERSION = 3.0.4, BUILD = 20260829
-- 32-bit build (i386)
-- CMAKE_INSTALL_PREFIX = /workspaces/.riftengine/WebkitWasm/third_party/wasm-sysroot
-- CMAKE_INSTALL_BINDIR = bin (/workspaces/.riftengine/WebkitWasm/third_party/wasm-sysroot/bin)
-- CMAKE_INSTALL_DATAROOTDIR = share (/workspaces/.riftengine/WebkitWasm/third_party/wasm-sysroot/share)
-- CMAKE_INSTALL_DOCDIR = share/doc/libjpeg-turbo (/workspaces/.riftengine/WebkitWasm/third_party/wasm-sysroot/share/doc/libjpeg-turbo)
-- CMAKE_INSTALL_INCLUDEDIR = include (/workspaces/.riftengine/WebkitWasm/third_party/wasm-sysroot/include)
-- CMAKE_INSTALL_LIBDIR = lib (/workspaces/.riftengine/WebkitWasm/third_party/wasm-sysroot/lib)
-- CMAKE_INSTALL_MANDIR = share/man (/workspaces/.riftengine/WebkitWasm/third_party/wasm-sysroot/share/man)
-- Shared libraries disabled (ENABLE_SHARED = 0)
-- Static libraries enabled (ENABLE_STATIC = 1)
-- Arithmetic decoding support enabled (WITH_ARITH_DEC = 1)
-- Arithmetic encoding support enabled (WITH_ARITH_ENC = 1)
-- TurboJPEG API library disabled (WITH_TURBOJPEG = 0)
-- TurboJPEG Java wrapper disabled (WITH_JAVA = 0)
-- Emulating libjpeg API/ABI v6.2 (WITH_JPEG7 = 0, WITH_JPEG8 = 0)
-- libjpeg API shared library version = 62.4.0
-- Compiler flags = -O2 -pthread -O3 -DNDEBUG
-- Linker flags =  
-- Looking for sys/types.h
-- Looking for sys/types.h - found
-- Looking for stdint.h
-- Looking for stdint.h - found
-- Looking for stddef.h
-- Looking for stddef.h - found
-- Check size of size_t
-- Check size of size_t - done
-- Check size of unsigned long
-- Check size of unsigned long - done
-- Performing Test HAVE_BUILTIN_CTZL
-- Performing Test HAVE_BUILTIN_CTZL - Success
-- Performing Test HIDDEN_WORKS
-- Performing Test HIDDEN_WORKS - Success
-- HIDDEN = __attribute__((visibility("hidden")))
-- Performing Test INLINE_WORKS
-- Performing Test INLINE_WORKS - Success
-- INLINE = __inline__ __attribute__((always_inline)) (FORCE_INLINE = 1)
-- Performing Test HAVE_THREAD_LOCAL
-- Performing Test HAVE_THREAD_LOCAL - Success
-- THREAD_LOCAL = __thread
-- Performing Test HAVE_VERSION_SCRIPT
-- Performing Test HAVE_VERSION_SCRIPT - Success
-- Linker supports GNU-style version scripts
-- CMAKE_EXECUTABLE_SUFFIX = .js
-- SIMD extensions: None (WITH_SIMD = 0)
-- FLOATTEST8 = 
-- FLOATTEST12 = 
-- Configuring done (12.1s)
-- Generating done (0.0s)
-- Build files have been written to: /workspaces/.riftengine/WebkitWasm/third_party/build-deps/libjpeg-turbo-build

===== third_party/build-deps/libjpeg-turbo/change.log =====
duplicates of the prior line unless the image height mod 16 was 1 or 2.

Repair minor problems in VMS, BCC, MC6 makefiles.

New configure script based on latest GNU Autoconf.

Correct the list of include files needed by MetroWerks C for ccommand().

Numerous small documentation updates.


Version 6  2-Aug-95
-------------------

Progressive JPEG support: library can read and write full progressive JPEG
files.  A "buffered image" mode supports incremental decoding for on-the-fly
display of progressive images.  Simply recompiling an existing IJG-v5-based
decoder with v6 should allow it to read progressive files, though of course
without any special progressive display.

New "jpegtran" application performs lossless transcoding between different
JPEG formats; primarily, it can be used to convert baseline to progressive
JPEG and vice versa.  In support of jpegtran, the library now allows lossless
reading and writing of JPEG files as DCT coefficient arrays.  This ability
may be of use in other applications.

Notes for programmers:
* We changed jpeg_start_decompress() to be able to suspend; this makes all
decoding modes available to suspending-input applications.  However,
existing applications that use suspending input will need to be changed
to check the return value from jpeg_start_decompress().  You don't need to
do anything if you don't use a suspending data source.
* We changed the interface to the virtual array routines: access_virt_array
routines now take a count of the number of rows to access this time.  The
last parameter to request_virt_array routines is now interpreted as the
maximum number of rows that may be accessed at once, but not necessarily
the height of every access.


Version 5b  15-Mar-95
---------------------

Correct bugs with grayscale images having v_samp_factor > 1.

jpeg_write_raw_data() now supports output suspension.

Correct bugs in "configure" script for case of compiling in
a directory other than the one containing the source files.

Repair bug in jquant1.c: sometimes didn't use as many colors as it could.

Borland C makefile and jconfig file work under either MS-DOS or OS/2.

Miscellaneous improvements to documentation.


Version 5a  7-Dec-94
--------------------

Changed color conversion roundoff behavior so that grayscale values are
represented exactly.  (This causes test image files to change.)

Make ordered dither use 16x16 instead of 4x4 pattern for a small quality
improvement.

New configure script based on latest GNU Autoconf.
Fix configure script to handle CFLAGS correctly.
Rename *.auto files to *.cfg, so that configure script still works if
file names have been truncated for DOS.

Fix bug in rdbmp.c: didn't allow for extra data between header and image.

Modify rdppm.c/wrppm.c to handle 2-byte raw PPM/PGM formats for 12-bit data.

Fix several bugs in rdrle.c.

NEED_SHORT_EXTERNAL_NAMES option was broken.

Revise jerror.h/jerror.c for more flexibility in message table.

Repair oversight in jmemname.c NO_MKTEMP case: file could be there
but unreadable.


Version 5  24-Sep-94
--------------------

Version 5 represents a nearly complete redesign and rewrite of the IJG
software.  Major user-visible changes include:
  * Automatic configuration simplifies installation for most Unix systems.
  * A range of speed vs. image quality tradeoffs are supported.
    This includes resizing of an image during decompression: scaling down
    by a factor of 1/2, 1/4, or 1/8 is handled very efficiently.
  * New programs rdjpgcom and wrjpgcom allow insertion and extraction
    of text comments in a JPEG file.

The application programmer's interface to the library has changed completely.
Notable improvements include:
  * We have eliminated the use of callback routines for handling the
    uncompressed image data.  The application now sees the library as a
    set of routines that it calls to read or write image data on a
    scanline-by-scanline basis.
  * The application image data is represented in a conventional interleaved-
    pixel format, rather than as a separate array for each color channel.
    This can save a copying step in many programs.
  * The handling of compressed data has been cleaned up: the application can
    supply routines to source or sink the compressed data.  It is possible to
    suspend processing on source/sink buffer overrun, although this is not
    supported in all operating modes.
  * All static state has been eliminated from the library, so that multiple
    instances of compression or decompression can be active concurrently.
  * JPEG abbreviated datastream formats are supported, ie, quantization and
    Huffman tables can be stored separately from the image data.
  * And not only that, but the documentation of the library has improved
    considerably!


The last widely used release before the version 5 rewrite was version 4A of
18-Feb-93.  Change logs before that point have been discarded, since they
are not of much interest after the rewrite.

===== third_party/build-deps/libpng-build-build.log =====
ninja: Entering directory `libpng-build'
[1/32] Generating pngprefix.h
[2/32] Generating pnglibconf.c
[3/32] Generating scripts/pnglibconf.c
[4/32] Generating scripts/symbols.out
[5/32] Generating pnglibconf.out
[6/32] Generating scripts/symbols.chk
[7/32] Generating pnglibconf.h
[8/32] Generating scripts/prefix.out
[9/32] Generating scripts/vers.out
[10/32] Generating scripts/sym.out
[11/32] Generating libpng.sym
[12/32] Generating libpng.vers
[13/32] Generating scripts/intprefix.out
[14/32] Building C object CMakeFiles/png_static.dir/pngmem.c.o
[15/32] Building C object CMakeFiles/png_static.dir/pngerror.c.o
[16/32] Building C object CMakeFiles/png_static.dir/pngget.c.o
[17/32] Building C object CMakeFiles/png_static.dir/pngpread.c.o
[18/32] Building C object CMakeFiles/png_static.dir/pngrio.c.o
[19/32] Building C object CMakeFiles/png_static.dir/png.c.o
[20/32] Building C object CMakeFiles/png_static.dir/pngread.c.o
[21/32] Building C object CMakeFiles/png_static.dir/pngwio.c.o
[22/32] Building C object CMakeFiles/png_static.dir/pngtrans.c.o
[23/32] Building C object CMakeFiles/png_static.dir/pngset.c.o
[24/32] Building C object CMakeFiles/png_static.dir/pngrutil.c.o
[25/32] Building C object CMakeFiles/png_static.dir/pngwtran.c.o
[26/32] Building C object CMakeFiles/png_static.dir/pngwrite.c.o
[27/32] Building C object CMakeFiles/png_static.dir/intel/intel_init.c.o
[28/32] Building C object CMakeFiles/png_static.dir/intel/filter_sse2_intrinsics.c.o
[29/32] Building C object CMakeFiles/png_static.dir/pngrtran.c.o
[30/32] Building C object CMakeFiles/png_static.dir/pngwutil.c.o
[31/32] Linking C static library libpng16.a
[31/32] Install the project...
-- Install configuration: "Release"
-- Installing: /workspaces/.riftengine/WebkitWasm/third_party/wasm-sysroot/lib/libpng16.a
-- Installing: /workspaces/.riftengine/WebkitWasm/third_party/wasm-sysroot/lib/libpng.a
-- Installing: /workspaces/.riftengine/WebkitWasm/third_party/wasm-sysroot/include/png.h
-- Installing: /workspaces/.riftengine/WebkitWasm/third_party/wasm-sysroot/include/pngconf.h
-- Installing: /workspaces/.riftengine/WebkitWasm/third_party/wasm-sysroot/include/pnglibconf.h
-- Installing: /workspaces/.riftengine/WebkitWasm/third_party/wasm-sysroot/include/libpng16/png.h
-- Installing: /workspaces/.riftengine/WebkitWasm/third_party/wasm-sysroot/include/libpng16/pngconf.h
-- Installing: /workspaces/.riftengine/WebkitWasm/third_party/wasm-sysroot/include/libpng16/pnglibconf.h
-- Installing: /workspaces/.riftengine/WebkitWasm/third_party/wasm-sysroot/bin/libpng-config
-- Installing: /workspaces/.riftengine/WebkitWasm/third_party/wasm-sysroot/bin/libpng16-config
-- Installing: /workspaces/.riftengine/WebkitWasm/third_party/wasm-sysroot/share/man/man3/libpng.3
-- Installing: /workspaces/.riftengine/WebkitWasm/third_party/wasm-sysroot/share/man/man3/libpngpf.3
-- Installing: /workspaces/.riftengine/WebkitWasm/third_party/wasm-sysroot/share/man/man5/png.5
-- Installing: /workspaces/.riftengine/WebkitWasm/third_party/wasm-sysroot/lib/pkgconfig/libpng.pc
-- Up-to-date: /workspaces/.riftengine/WebkitWasm/third_party/wasm-sysroot/bin/libpng-config
-- Installing: /workspaces/.riftengine/WebkitWasm/third_party/wasm-sysroot/lib/pkgconfig/libpng16.pc
-- Up-to-date: /workspaces/.riftengine/WebkitWasm/third_party/wasm-sysroot/bin/libpng16-config
-- Installing: /workspaces/.riftengine/WebkitWasm/third_party/wasm-sysroot/lib/libpng/libpng16.cmake
-- Installing: /workspaces/.riftengine/WebkitWasm/third_party/wasm-sysroot/lib/libpng/libpng16-release.cmake

===== third_party/build-deps/libpng-build-configure.log =====
emcmake: cmake -S libpng -B libpng-build -GNinja -DCMAKE_BUILD_TYPE=Release -DCMAKE_INSTALL_PREFIX=/workspaces/.riftengine/WebkitWasm/third_party/wasm-sysroot -DCMAKE_FIND_ROOT_PATH=/workspaces/.riftengine/WebkitWasm/third_party/wasm-sysroot -DBUILD_SHARED_LIBS=OFF -DPNG_SHARED=OFF -DPNG_STATIC=ON -DPNG_TESTS=OFF -DPNG_TOOLS=OFF -DZLIB_ROOT=/workspaces/.riftengine/WebkitWasm/third_party/wasm-sysroot -DCMAKE_TOOLCHAIN_FILE=/workspaces/.riftengine/WebkitWasm/third_party/emsdk/upstream/emscripten/cmake/Modules/Platform/Emscripten.cmake -DCMAKE_CROSSCOMPILING_EMULATOR=/workspaces/.riftengine/WebkitWasm/third_party/emsdk/node/24.19.0_64bit/bin/node in directory /workspaces/.riftengine/WebkitWasm/third_party/build-deps
-- The ASM compiler identification is unknown
-- Found assembler: /workspaces/.riftengine/WebkitWasm/third_party/emsdk/upstream/emscripten/emcc
-- Warning: Did not find file Compiler/-ASM
-- Found ZLIB: /workspaces/.riftengine/WebkitWasm/third_party/wasm-sysroot/lib/libz.a (found version "1.3.1")  
-- Performing Test HAVE_LD_VERSION_SCRIPT
-- Performing Test HAVE_LD_VERSION_SCRIPT - Success
-- Found AWK program: /usr/bin/nawk
-- Configuring done (3.7s)
-- Generating done (0.0s)
-- Build files have been written to: /workspaces/.riftengine/WebkitWasm/third_party/build-deps/libpng-build

===== third_party/build-deps/libpsl-build.log =====
    /usr/bin/xgettext --default-domain=libpsl --directory=.. \
      --add-comments=TRANSLATORS: \
      --files-from=./POTFILES.in \
      --copyright-holder='Tim Ruehsen' \
      --package-name="${package_prefix}libpsl" \
      --package-version='0.21.5' \
      --msgid-bugs-address="$msgid_bugs_address" \
      --keyword=_ --keyword=N_  \
    ;; \
esac
test ! -f libpsl.po || { \
  if test -f ./libpsl.pot-header; then \
    sed -e '1,/^#$/d' < libpsl.po > libpsl.1po && \
    cat ./libpsl.pot-header libpsl.1po > libpsl.po && \
    rm -f libpsl.1po \
    || exit 1; \
  fi; \
  if test -f ./libpsl.pot; then \
    sed -f remove-potcdate.sed < ./libpsl.pot > libpsl.1po && \
    sed -f remove-potcdate.sed < libpsl.po > libpsl.2po && \
    if cmp libpsl.1po libpsl.2po >/dev/null 2>&1; then \
      rm -f libpsl.1po libpsl.2po libpsl.po; \
    else \
      rm -f libpsl.1po libpsl.2po ./libpsl.pot && \
      mv libpsl.po ./libpsl.pot; \
    fi; \
  else \
    mv libpsl.po ./libpsl.pot; \
  fi; \
}
make[2]: Leaving directory '/workspaces/.riftengine/WebkitWasm/third_party/build-deps/libpsl/po'
test ! -f ./libpsl.pot || \
  test -z "" || make 
if test "libpsl" = "gettext-tools"; then \
  /usr/bin/mkdir -p /workspaces/.riftengine/WebkitWasm/third_party/wasm-sysroot/share/gettext/po; \
  for file in Makefile.in.in remove-potcdate.sin quot.sed boldquot.sed en@quot.header en@boldquot.header insert-header.sin Rules-quot   Makevars.template; do \
    /usr/bin/install -c -m 644 ./$file \
		    /workspaces/.riftengine/WebkitWasm/third_party/wasm-sysroot/share/gettext/po/$file; \
  done; \
  for file in Makevars; do \
    rm -f /workspaces/.riftengine/WebkitWasm/third_party/wasm-sysroot/share/gettext/po/$file; \
  done; \
else \
  : ; \
fi
make[1]: Leaving directory '/workspaces/.riftengine/WebkitWasm/third_party/build-deps/libpsl/po'
Making install in include
make[1]: Entering directory '/workspaces/.riftengine/WebkitWasm/third_party/build-deps/libpsl/include'
make[2]: Entering directory '/workspaces/.riftengine/WebkitWasm/third_party/build-deps/libpsl/include'
make[2]: Nothing to be done for 'install-exec-am'.
 /usr/bin/mkdir -p '/workspaces/.riftengine/WebkitWasm/third_party/wasm-sysroot/include'
 /usr/bin/install -c -m 644 libpsl.h '/workspaces/.riftengine/WebkitWasm/third_party/wasm-sysroot/include'
make[2]: Leaving directory '/workspaces/.riftengine/WebkitWasm/third_party/build-deps/libpsl/include'
make[1]: Leaving directory '/workspaces/.riftengine/WebkitWasm/third_party/build-deps/libpsl/include'
Making install in src
make[1]: Entering directory '/workspaces/.riftengine/WebkitWasm/third_party/build-deps/libpsl/src'
/usr/bin/python3 ./psl-make-dafsa --output-format=cxx+ "../list/public_suffix_list.dat" suffixes_dafsa.h
make  install-am
make[2]: Entering directory '/workspaces/.riftengine/WebkitWasm/third_party/build-deps/libpsl/src'
  CC       libpsl_la-psl.lo
  CC       libpsl_la-lookup_string_in_fixed_set.lo
  CCLD     libpsl.la
make[3]: Entering directory '/workspaces/.riftengine/WebkitWasm/third_party/build-deps/libpsl/src'
 /usr/bin/mkdir -p '/workspaces/.riftengine/WebkitWasm/third_party/wasm-sysroot/bin'
 /usr/bin/install -c psl-make-dafsa '/workspaces/.riftengine/WebkitWasm/third_party/wasm-sysroot/bin'
 /usr/bin/mkdir -p '/workspaces/.riftengine/WebkitWasm/third_party/wasm-sysroot/lib'
 /usr/bin/mkdir -p '/workspaces/.riftengine/WebkitWasm/third_party/wasm-sysroot/share/man/man1'
 /bin/bash ../libtool   --mode=install /usr/bin/install -c   libpsl.la '/workspaces/.riftengine/WebkitWasm/third_party/wasm-sysroot/lib'
 /usr/bin/install -c -m 644 psl-make-dafsa.1 '/workspaces/.riftengine/WebkitWasm/third_party/wasm-sysroot/share/man/man1'
libtool: install: /usr/bin/install -c .libs/libpsl.lai /workspaces/.riftengine/WebkitWasm/third_party/wasm-sysroot/lib/libpsl.la
libtool: install: /usr/bin/install -c .libs/libpsl.a /workspaces/.riftengine/WebkitWasm/third_party/wasm-sysroot/lib/libpsl.a
libtool: install: chmod 644 /workspaces/.riftengine/WebkitWasm/third_party/wasm-sysroot/lib/libpsl.a
libtool: install: /workspaces/.riftengine/WebkitWasm/third_party/emsdk/upstream/emscripten/emranlib /workspaces/.riftengine/WebkitWasm/third_party/wasm-sysroot/lib/libpsl.a
make[3]: Leaving directory '/workspaces/.riftengine/WebkitWasm/third_party/build-deps/libpsl/src'
make[2]: Leaving directory '/workspaces/.riftengine/WebkitWasm/third_party/build-deps/libpsl/src'
make[1]: Leaving directory '/workspaces/.riftengine/WebkitWasm/third_party/build-deps/libpsl/src'
Making install in tools
make[1]: Entering directory '/workspaces/.riftengine/WebkitWasm/third_party/build-deps/libpsl/tools'
  CC       psl.o
  CCLD     psl
make[2]: Entering directory '/workspaces/.riftengine/WebkitWasm/third_party/build-deps/libpsl/tools'
 /usr/bin/mkdir -p '/workspaces/.riftengine/WebkitWasm/third_party/wasm-sysroot/bin'
 /usr/bin/mkdir -p '/workspaces/.riftengine/WebkitWasm/third_party/wasm-sysroot/share/man/man1'
  /bin/bash ../libtool   --mode=install /usr/bin/install -c psl '/workspaces/.riftengine/WebkitWasm/third_party/wasm-sysroot/bin'
 /usr/bin/install -c -m 644 psl.1 '/workspaces/.riftengine/WebkitWasm/third_party/wasm-sysroot/share/man/man1'
libtool: install: /usr/bin/install -c psl /workspaces/.riftengine/WebkitWasm/third_party/wasm-sysroot/bin/psl
make[2]: Leaving directory '/workspaces/.riftengine/WebkitWasm/third_party/build-deps/libpsl/tools'
make[1]: Leaving directory '/workspaces/.riftengine/WebkitWasm/third_party/build-deps/libpsl/tools'
Making install in fuzz
make[1]: Entering directory '/workspaces/.riftengine/WebkitWasm/third_party/build-deps/libpsl/fuzz'
make[2]: Entering directory '/workspaces/.riftengine/WebkitWasm/third_party/build-deps/libpsl/fuzz'
make[2]: Nothing to be done for 'install-data-am'.
make[2]: Leaving directory '/workspaces/.riftengine/WebkitWasm/third_party/build-deps/libpsl/fuzz'
make[1]: Leaving directory '/workspaces/.riftengine/WebkitWasm/third_party/build-deps/libpsl/fuzz'
Making install in tests
make[1]: Entering directory '/workspaces/.riftengine/WebkitWasm/third_party/build-deps/libpsl/tests'
/usr/bin/python3 ../src/psl-make-dafsa --output-format=binary "../list/public_suffix_list.dat" psl.dafsa
/usr/bin/python3 ../src/psl-make-dafsa --output-format=binary --encoding=ascii "../list/public_suffix_list.dat" psl_ascii.dafsa
make  install-am
make[2]: Entering directory '/workspaces/.riftengine/WebkitWasm/third_party/build-deps/libpsl/tests'
make[3]: Entering directory '/workspaces/.riftengine/WebkitWasm/third_party/build-deps/libpsl/tests'
make[3]: Nothing to be done for 'install-exec-am'.
make[3]: Nothing to be done for 'install-data-am'.
make[3]: Leaving directory '/workspaces/.riftengine/WebkitWasm/third_party/build-deps/libpsl/tests'
make[2]: Leaving directory '/workspaces/.riftengine/WebkitWasm/third_party/build-deps/libpsl/tests'
make[1]: Leaving directory '/workspaces/.riftengine/WebkitWasm/third_party/build-deps/libpsl/tests'
Making install in msvc
make[1]: Entering directory '/workspaces/.riftengine/WebkitWasm/third_party/build-deps/libpsl/msvc'
make[2]: Entering directory '/workspaces/.riftengine/WebkitWasm/third_party/build-deps/libpsl/msvc'
make[2]: Nothing to be done for 'install-exec-am'.
make[2]: Nothing to be done for 'install-data-am'.
make[2]: Leaving directory '/workspaces/.riftengine/WebkitWasm/third_party/build-deps/libpsl/msvc'
make[1]: Leaving directory '/workspaces/.riftengine/WebkitWasm/third_party/build-deps/libpsl/msvc'
make[1]: Entering directory '/workspaces/.riftengine/WebkitWasm/third_party/build-deps/libpsl'
make[2]: Entering directory '/workspaces/.riftengine/WebkitWasm/third_party/build-deps/libpsl'
make[2]: Nothing to be done for 'install-exec-am'.
 /usr/bin/mkdir -p '/workspaces/.riftengine/WebkitWasm/third_party/wasm-sysroot/lib/pkgconfig'
 /usr/bin/install -c -m 644 libpsl.pc '/workspaces/.riftengine/WebkitWasm/third_party/wasm-sysroot/lib/pkgconfig'
make[2]: Leaving directory '/workspaces/.riftengine/WebkitWasm/third_party/build-deps/libpsl'
make[1]: Leaving directory '/workspaces/.riftengine/WebkitWasm/third_party/build-deps/libpsl'

===== third_party/build-deps/libpsl/config.log =====
PSL_TESTFILE='$(top_srcdir)/list/tests/tests.txt'
PYTHON='/usr/bin/python3'
PYTHON_EXEC_PREFIX='${exec_prefix}'
PYTHON_PLATFORM='linux'
PYTHON_PREFIX='${prefix}'
PYTHON_VERSION='3.12'
RANLIB='/workspaces/.riftengine/WebkitWasm/third_party/emsdk/upstream/emscripten/emranlib'
SED='/usr/bin/sed'
SET_MAKE=''
SHELL='/bin/bash'
STRIP='strip'
USE_NLS='yes'
VALGRIND_ENVIRONMENT=''
VERSION='0.21.5'
WITH_LIBICU_FALSE='#'
WITH_LIBICU_TRUE=''
WITH_LIBIDN2_FALSE=''
WITH_LIBIDN2_TRUE='#'
WITH_LIBIDN_FALSE=''
WITH_LIBIDN_TRUE='#'
XGETTEXT='/usr/bin/xgettext'
XGETTEXT_015='/usr/bin/xgettext'
XGETTEXT_EXTRA_OPTIONS=''
XSLTPROC=''
ac_ct_AR=''
ac_ct_CC=''
ac_ct_DUMPBIN=''
am__EXEEXT_FALSE=''
am__EXEEXT_TRUE='#'
am__fastdepCC_FALSE='#'
am__fastdepCC_TRUE=''
am__include='include'
am__isrc=''
am__leading_dot='.'
am__nodep='_no'
am__quote=''
am__tar='$${TAR-tar} chof - "$$tardir"'
am__untar='$${TAR-tar} xf -'
bindir='${exec_prefix}/bin'
build='x86_64-pc-linux-gnu'
build_alias=''
build_cpu='x86_64'
build_os='linux-gnu'
build_vendor='pc'
datadir='${datarootdir}'
datarootdir='${prefix}/share'
docdir='${datarootdir}/doc/${PACKAGE_TARNAME}'
dvidir='${docdir}'
exec_prefix='${prefix}'
host='wasm32-unknown-emscripten'
host_alias='wasm32-unknown-emscripten'
host_cpu='wasm32'
host_os='emscripten'
host_vendor='unknown'
htmldir='${docdir}'
includedir='${prefix}/include'
infodir='${datarootdir}/info'
install_sh='${SHELL} /workspaces/.riftengine/WebkitWasm/third_party/build-deps/libpsl/build-aux/install-sh'
libdir='${exec_prefix}/lib'
libexecdir='${exec_prefix}/libexec'
localedir='${datarootdir}/locale'
localstatedir='${prefix}/var'
mandir='${datarootdir}/man'
mkdir_p='$(MKDIR_P)'
oldincludedir='/usr/include'
pdfdir='${docdir}'
pkgpyexecdir='${pyexecdir}/libpsl'
pkgpythondir='${pythondir}/libpsl'
prefix='/workspaces/.riftengine/WebkitWasm/third_party/wasm-sysroot'
program_transform_name='s,x,x,'
psdir='${docdir}'
pyexecdir='${PYTHON_EXEC_PREFIX}/lib/python3.12/site-packages'
pythondir='${PYTHON_PREFIX}/lib/python3.12/site-packages'
runstatedir='${localstatedir}/run'
sbindir='${exec_prefix}/sbin'
sharedstatedir='${prefix}/com'
sysconfdir='${prefix}/etc'
target_alias=''

## ----------- ##
## confdefs.h. ##
## ----------- ##

/* confdefs.h */
#define PACKAGE_NAME "libpsl"
#define PACKAGE_TARNAME "libpsl"
#define PACKAGE_VERSION "0.21.5"
#define PACKAGE_STRING "libpsl 0.21.5"
#define PACKAGE_BUGREPORT "tim.ruehsen@gmx.de"
#define PACKAGE_URL "https://github.com/rockdaboot/libpsl"
#define HAVE_STDIO_H 1
#define HAVE_STDLIB_H 1
#define HAVE_STRING_H 1
#define HAVE_INTTYPES_H 1
#define HAVE_STDINT_H 1
#define HAVE_STRINGS_H 1
#define HAVE_SYS_STAT_H 1
#define HAVE_SYS_TYPES_H 1
#define HAVE_UNISTD_H 1
#define STDC_HEADERS 1
#define HAVE_DLFCN_H 1
#define LT_OBJDIR ".libs/"
#define HAVE_VISIBILITY 1
#define ENABLE_NLS 1
#define HAVE_GETTEXT 1
#define HAVE_DCGETTEXT 1
#define WITH_LIBICU 1
#define ENABLE_BUILTIN 1
#define HAVE_ICONV 1
#define ICONV_CONST 
#define HAVE_ALLOCA_H 1
#define HAVE_ALLOCA 1
#define HAVE_STRNDUP 1
#define HAVE_CLOCK_GETTIME 1
#define HAVE_FMEMOPEN 1
#define HAVE_NL_LANGINFO 1
#define HAVE_DIRENT_H 1
#define HAVE_STRINGS_H 1

configure: exit 0

===== third_party/build-deps/libpsl-configure.log =====
checking if /workspaces/.riftengine/WebkitWasm/third_party/emsdk/upstream/emscripten/emcc static flag -static works... yes
checking if /workspaces/.riftengine/WebkitWasm/third_party/emsdk/upstream/emscripten/emcc supports -c -o file.o... yes
checking if /workspaces/.riftengine/WebkitWasm/third_party/emsdk/upstream/emscripten/emcc supports -c -o file.o... (cached) yes
checking whether the /workspaces/.riftengine/WebkitWasm/third_party/emsdk/upstream/emscripten/emcc linker (/workspaces/.riftengine/WebkitWasm/third_party/emsdk/upstream/emscripten/emcc) supports shared libraries... emcc (Emscripten gcc/clang-like replacement + linker emulating GNU ld) 6.0.0 (afa15e0c56d1292e073c2c91bafc1d5e0cdf0dd3)
clang version 23.0.0git (https:/github.com/llvm/llvm-project c6c2ad52586c28e74a724570985a48dc0022d250)
Target: wasm32-unknown-emscripten
Thread model: posix
InstalledDir: /workspaces/.riftengine/WebkitWasm/third_party/emsdk/upstream/bin
yes
checking dynamic linker characteristics... no
checking how to hardcode library paths into programs... immediate
checking whether stripping libraries is possible... yes
checking if libtool supports shared libraries... no
checking whether to build shared libraries... no
checking whether to build static libraries... yes
checking whether make supports nested variables... (cached) yes
checking for special C compiler options needed for large files... no
checking for _FILE_OFFSET_BITS value needed for large files... no
checking for inline... inline
checking whether the -Werror option is usable... yes
checking for simple visibility declarations... yes
checking whether NLS is requested... yes
checking for msgfmt... /usr/bin/msgfmt
checking for gmsgfmt... /usr/bin/msgfmt
checking for xgettext... /usr/bin/xgettext
checking for msgmerge... /usr/bin/msgmerge
checking for ld... /workspaces/.riftengine/WebkitWasm/third_party/emsdk/upstream/emscripten/emcc
checking if the linker (/workspaces/.riftengine/WebkitWasm/third_party/emsdk/upstream/emscripten/emcc) is GNU ld... yes
checking for shared library run path origin... done
checking 32-bit host C ABI... unknown
checking how to run the C preprocessor... /workspaces/.riftengine/WebkitWasm/third_party/emsdk/upstream/emscripten/emcc -E
checking for ELF binary format... no
checking for the common suffixes of directories in the library search path... lib,lib32,lib64
checking for CFPreferencesCopyAppValue... no
checking for CFLocaleCopyPreferredLanguages... no
checking for GNU gettext in libc... yes
checking whether to use NLS... yes
checking where the gettext function comes from... libc
checking for wasm32-unknown-emscripten-pkg-config... no
checking for pkg-config... /usr/bin/pkg-config
checking pkg-config is at least version 0.9.0... yes
checking for gtk-doc... no
configure: WARNING:
  You will not be able to create source packages with 'make dist'
  because gtk-doc >= 1.15 is not found.
checking for gtkdoc-check... no
checking for gtkdoc-check... no
checking for gtkdoc-rebase... no
checking for gtkdoc-mkpdf... no
checking whether to build gtk-doc documentation... no
checking for glib-2.0 >= 2.10.0 gobject-2.0  >= 2.10.0... no
checking for a Python interpreter with version >= 2.7... python3
checking for python3... /usr/bin/python3
checking for python3 version... 3.12
checking for python3 platform... linux
checking for GNU default python3 prefix... ${prefix}
checking for GNU default python3 exec_prefix... ${exec_prefix}
checking for python3 script directory (pythondir)... ${PYTHON_PREFIX}/lib/python3.12/site-packages
checking for python3 extension module directory (pyexecdir)... ${PYTHON_EXEC_PREFIX}/lib/python3.12/site-packages
checking for wasm32-unknown-emscripten-pkg-config... /usr/bin/pkg-config
checking pkg-config is at least version 0.9.0... yes
checking for icu-uc... yes
checking for iconv... yes
checking for working iconv... guessing yes
checking for iconv declaration... 
         extern size_t iconv (iconv_t cd, char * *inbuf, size_t *inbytesleft, char * *outbuf, size_t *outbytesleft);
checking for socket in -lsocket... no
checking for library containing clock_gettime... none required
checking for size_t... yes
checking for working alloca.h... yes
checking for alloca... yes
checking for strndup... yes
checking for clock_gettime... yes
checking for fmemopen... yes
checking for nl_langinfo... yes
checking for dirent.h that defines DIR... yes
checking for library containing opendir... none required
checking for strings.h... (cached) yes
checking that generated files are newer than configure... done
configure: creating ./config.status
config.status: creating include/libpsl.h
config.status: creating Makefile
config.status: creating include/Makefile
config.status: creating src/Makefile
config.status: creating tools/Makefile
config.status: creating po/Makefile.in
config.status: creating fuzz/Makefile
config.status: creating tests/Makefile
config.status: creating docs/libpsl/Makefile
config.status: creating docs/libpsl/version.xml
config.status: creating libpsl.pc
config.status: creating msvc/Makefile
config.status: creating msvc/config.h.win32
config.status: creating msvc/config-msvc.mak
config.status: creating config.h
config.status: executing depfiles commands
config.status: executing libtool commands
config.status: executing po-directories commands
config.status: creating po/POTFILES
config.status: creating po/Makefile
configure: Summary of build options:

  Version:           0.21.5
  Host OS:           emscripten
  Install prefix:    /workspaces/.riftengine/WebkitWasm/third_party/wasm-sysroot
  Compiler:          /workspaces/.riftengine/WebkitWasm/third_party/emsdk/upstream/emscripten/emcc
  CFlags:            -I/workspaces/.riftengine/WebkitWasm/third_party/wasm-sysroot/include  -O2 -pthread 
  LDFlags:           
  Libs:              -L/workspaces/.riftengine/WebkitWasm/third_party/wasm-sysroot/lib -licuuc -licudata -lpthread -lm  
  Runtime:           libicu
  Builtin:           yes
  PSL Dist File:     
  PSL File:          $(top_srcdir)/list/public_suffix_list.dat
  PSL Test File:     $(top_srcdir)/list/tests/tests.txt
  Sanitizers:        UBSan no, ASan no, CFI no
  Docs:              no
  Man pages:         no
  Tests:             Valgrind testing not enabled
  Fuzzing build:     no, 


===== third_party/build-deps/libwebp-build-build.log =====
[92/182] Building C object CMakeFiles/webpencode.dir/src/enc/quant_enc.c.o
[93/182] Building C object CMakeFiles/webpencode.dir/src/enc/tree_enc.c.o
[94/182] Building C object CMakeFiles/webpencode.dir/src/enc/webp_enc.c.o
[95/182] Building C object CMakeFiles/webpdsp.dir/src/dsp/cpu.c.o
[96/182] Building C object CMakeFiles/webpdsp.dir/src/dsp/alpha_processing.c.o
[97/182] Building C object CMakeFiles/webpdsp.dir/src/dsp/dec_clip_tables.c.o
[98/182] Building C object CMakeFiles/webpdsp.dir/src/dsp/filters.c.o
[99/182] Building C object CMakeFiles/webpdsp.dir/src/dsp/rescaler.c.o
[100/182] Building C object CMakeFiles/webpdsp.dir/src/dsp/alpha_processing_sse41.c.o
[101/182] Building C object CMakeFiles/webpencode.dir/src/enc/vp8l_enc.c.o
[102/182] Building C object CMakeFiles/webpdsp.dir/src/dsp/dec.c.o
[103/182] Building C object CMakeFiles/webpdsp.dir/src/dsp/lossless.c.o
[104/182] Building C object CMakeFiles/webpdsp.dir/src/dsp/dec_sse41.c.o
[105/182] Building C object CMakeFiles/webpdsp.dir/src/dsp/lossless_sse41.c.o
[106/182] Building C object CMakeFiles/webpdsp.dir/src/dsp/yuv_sse41.c.o
[107/182] Building C object CMakeFiles/webpdsp.dir/src/dsp/yuv.c.o
[108/182] Building C object CMakeFiles/webpdsp.dir/src/dsp/upsampling_sse41.c.o
[109/182] Building C object CMakeFiles/webpdsp.dir/src/dsp/upsampling.c.o
[110/182] Building C object CMakeFiles/webpdsp.dir/src/dsp/alpha_processing_sse2.c.o
[111/182] Building C object CMakeFiles/webpdsp.dir/src/dsp/dec_sse2.c.o
[112/182] Building C object CMakeFiles/webpdsp.dir/src/dsp/lossless_sse2.c.o
[113/182] Building C object CMakeFiles/webpdsp.dir/src/dsp/upsampling_sse2.c.o
[114/182] Building C object CMakeFiles/webpdsp.dir/src/dsp/filters_sse2.c.o
[115/182] Building C object CMakeFiles/webpdsp.dir/src/dsp/rescaler_sse2.c.o
[116/182] Building C object CMakeFiles/webpdsp.dir/src/dsp/yuv_sse2.c.o
[117/182] Building C object CMakeFiles/webpdsp.dir/src/dsp/alpha_processing_neon.c.o
[118/182] Building C object CMakeFiles/webpdsp.dir/src/dsp/rescaler_neon.c.o
[119/182] Building C object CMakeFiles/webpdsp.dir/src/dsp/dec_neon.c.o
[120/182] Building C object CMakeFiles/webpdsp.dir/src/dsp/upsampling_neon.c.o
[121/182] Building C object CMakeFiles/webpdsp.dir/src/dsp/lossless_neon.c.o
[122/182] Building C object CMakeFiles/webpdsp.dir/src/dsp/filters_neon.c.o
[123/182] Building C object CMakeFiles/webpdsp.dir/src/dsp/dec_msa.c.o
[124/182] Building C object CMakeFiles/webpdsp.dir/src/dsp/filters_msa.c.o
[125/182] Building C object CMakeFiles/webpdsp.dir/src/dsp/yuv_neon.c.o
[126/182] Building C object CMakeFiles/webpdsp.dir/src/dsp/lossless_msa.c.o
[127/182] Building C object CMakeFiles/webpdsp.dir/src/dsp/rescaler_msa.c.o
[128/182] Building C object CMakeFiles/webpdsp.dir/src/dsp/upsampling_msa.c.o
[129/182] Building C object CMakeFiles/webpdsp.dir/src/dsp/yuv_mips32.c.o
[130/182] Building C object CMakeFiles/webpdsp.dir/src/dsp/dec_mips32.c.o
[131/182] Building C object CMakeFiles/webpdsp.dir/src/dsp/dec_mips_dsp_r2.c.o
[132/182] Building C object CMakeFiles/webpdsp.dir/src/dsp/rescaler_mips32.c.o
[133/182] Building C object CMakeFiles/webpdsp.dir/src/dsp/alpha_processing_mips_dsp_r2.c.o
[134/182] Building C object CMakeFiles/webpdsp.dir/src/dsp/rescaler_mips_dsp_r2.c.o
[135/182] Building C object CMakeFiles/webpdsp.dir/src/dsp/yuv_mips_dsp_r2.c.o
[136/182] Building C object CMakeFiles/webpdsp.dir/src/dsp/lossless_mips_dsp_r2.c.o
[137/182] Building C object CMakeFiles/webpdsp.dir/src/dsp/filters_mips_dsp_r2.c.o
[138/182] Building C object CMakeFiles/webpdsp.dir/src/dsp/upsampling_mips_dsp_r2.c.o
[139/182] Building C object CMakeFiles/webpdsp.dir/src/dsp/cost.c.o
[140/182] Building C object CMakeFiles/webpdsp.dir/src/dsp/cost_sse2.c.o
[141/182] Building C object CMakeFiles/webpdsp.dir/src/dsp/lossless_enc_sse2.c.o
[142/182] Building C object CMakeFiles/webpdsp.dir/src/dsp/enc_sse2.c.o
[143/182] Building C object CMakeFiles/webpdsp.dir/src/dsp/ssim.c.o
[144/182] Building C object CMakeFiles/webpdsp.dir/src/dsp/lossless_enc.c.o
[145/182] Building C object CMakeFiles/webpdsp.dir/src/dsp/cost_neon.c.o
[146/182] Building C object CMakeFiles/webpdsp.dir/src/dsp/lossless_enc_sse41.c.o
[147/182] Building C object CMakeFiles/webpdsp.dir/src/dsp/ssim_sse2.c.o
[148/182] Building C object CMakeFiles/webpdsp.dir/src/dsp/enc_sse41.c.o
[149/182] Building C object CMakeFiles/webpdsp.dir/src/dsp/enc_neon.c.o
[150/182] Building C object CMakeFiles/webpdsp.dir/src/dsp/lossless_enc_neon.c.o
[151/182] Building C object CMakeFiles/webpdsp.dir/src/dsp/enc.c.o
[152/182] Building C object CMakeFiles/webpdsp.dir/src/dsp/cost_mips32.c.o
[153/182] Building C object CMakeFiles/webpdsp.dir/src/dsp/enc_msa.c.o
[154/182] Building C object CMakeFiles/webpdsp.dir/src/dsp/lossless_enc_msa.c.o
[155/182] Building C object CMakeFiles/webpdsp.dir/src/dsp/enc_mips32.c.o
[156/182] Building C object CMakeFiles/webpdsp.dir/src/dsp/lossless_enc_mips32.c.o
[157/182] Building C object CMakeFiles/webpdsp.dir/src/dsp/enc_mips_dsp_r2.c.o
[158/182] Building C object CMakeFiles/webpdsp.dir/src/dsp/cost_mips_dsp_r2.c.o
[159/182] Building C object CMakeFiles/webpdsp.dir/src/dsp/lossless_enc_mips_dsp_r2.c.o
[160/182] Building C object CMakeFiles/webputils.dir/src/utils/bit_reader_utils.c.o
[161/182] Building C object CMakeFiles/webputils.dir/src/utils/color_cache_utils.c.o
[162/182] Building C object CMakeFiles/webputils.dir/src/utils/filters_utils.c.o
[163/182] Building C object CMakeFiles/webputils.dir/src/utils/huffman_utils.c.o
[164/182] Building C object CMakeFiles/webputils.dir/src/utils/palette.c.o
[165/182] Building C object CMakeFiles/webputils.dir/src/utils/quant_levels_dec_utils.c.o
[166/182] Building C object CMakeFiles/webputils.dir/src/utils/random_utils.c.o
[167/182] Building C object CMakeFiles/webputils.dir/src/utils/thread_utils.c.o
[168/182] Building C object CMakeFiles/webputils.dir/src/utils/rescaler_utils.c.o
[169/182] Building C object CMakeFiles/webputils.dir/src/utils/utils.c.o
[170/182] Building C object CMakeFiles/webputils.dir/src/utils/bit_writer_utils.c.o
[171/182] Building C object CMakeFiles/webputils.dir/src/utils/quant_levels_utils.c.o
[172/182] Building C object CMakeFiles/webputils.dir/src/utils/huffman_encode_utils.c.o
[173/182] Building C object CMakeFiles/webpdemux.dir/src/demux/anim_decode.c.o
[174/182] Building C object CMakeFiles/libwebpmux.dir/src/mux/muxedit.c.o
[175/182] Linking C static library libwebp.a
[176/182] Building C object CMakeFiles/libwebpmux.dir/src/mux/muxinternal.c.o
[177/182] Building C object CMakeFiles/webpdemux.dir/src/demux/demux.c.o
[178/182] Building C object CMakeFiles/libwebpmux.dir/src/mux/muxread.c.o
[179/182] Linking C static library libwebpdemux.a
[180/182] Building C object CMakeFiles/libwebpmux.dir/src/mux/anim_encode.c.o
[181/182] Linking C static library libwebpmux.a
[181/182] Install the project...
-- Install configuration: "Release"
-- Installing: /workspaces/.riftengine/WebkitWasm/third_party/wasm-sysroot/lib/pkgconfig/libsharpyuv.pc
-- Installing: /workspaces/.riftengine/WebkitWasm/third_party/wasm-sysroot/lib/libsharpyuv.a
-- Installing: /workspaces/.riftengine/WebkitWasm/third_party/wasm-sysroot/include/webp/sharpyuv/sharpyuv.h
-- Installing: /workspaces/.riftengine/WebkitWasm/third_party/wasm-sysroot/include/webp/sharpyuv/sharpyuv_csp.h
-- Installing: /workspaces/.riftengine/WebkitWasm/third_party/wasm-sysroot/lib/pkgconfig/libwebpdecoder.pc
-- Installing: /workspaces/.riftengine/WebkitWasm/third_party/wasm-sysroot/lib/pkgconfig/libwebp.pc
-- Installing: /workspaces/.riftengine/WebkitWasm/third_party/wasm-sysroot/lib/pkgconfig/libwebpdemux.pc
-- Installing: /workspaces/.riftengine/WebkitWasm/third_party/wasm-sysroot/lib/pkgconfig/libwebpmux.pc
-- Installing: /workspaces/.riftengine/WebkitWasm/third_party/wasm-sysroot/lib/libwebpdecoder.a
-- Installing: /workspaces/.riftengine/WebkitWasm/third_party/wasm-sysroot/include/webp/decode.h
-- Installing: /workspaces/.riftengine/WebkitWasm/third_party/wasm-sysroot/include/webp/types.h
-- Installing: /workspaces/.riftengine/WebkitWasm/third_party/wasm-sysroot/lib/libwebp.a
-- Up-to-date: /workspaces/.riftengine/WebkitWasm/third_party/wasm-sysroot/include/webp/decode.h
-- Installing: /workspaces/.riftengine/WebkitWasm/third_party/wasm-sysroot/include/webp/encode.h
-- Up-to-date: /workspaces/.riftengine/WebkitWasm/third_party/wasm-sysroot/include/webp/types.h
-- Installing: /workspaces/.riftengine/WebkitWasm/third_party/wasm-sysroot/lib/libwebpdemux.a
-- Up-to-date: /workspaces/.riftengine/WebkitWasm/third_party/wasm-sysroot/include/webp/decode.h
-- Installing: /workspaces/.riftengine/WebkitWasm/third_party/wasm-sysroot/include/webp/demux.h
-- Installing: /workspaces/.riftengine/WebkitWasm/third_party/wasm-sysroot/include/webp/mux_types.h
-- Up-to-date: /workspaces/.riftengine/WebkitWasm/third_party/wasm-sysroot/include/webp/types.h
-- Installing: /workspaces/.riftengine/WebkitWasm/third_party/wasm-sysroot/lib/libwebpmux.a
-- Installing: /workspaces/.riftengine/WebkitWasm/third_party/wasm-sysroot/include/webp/mux.h
-- Up-to-date: /workspaces/.riftengine/WebkitWasm/third_party/wasm-sysroot/include/webp/mux_types.h
-- Up-to-date: /workspaces/.riftengine/WebkitWasm/third_party/wasm-sysroot/include/webp/types.h
-- Installing: /workspaces/.riftengine/WebkitWasm/third_party/wasm-sysroot/share/WebP/cmake/WebPTargets.cmake
-- Installing: /workspaces/.riftengine/WebkitWasm/third_party/wasm-sysroot/share/WebP/cmake/WebPTargets-release.cmake
-- Installing: /workspaces/.riftengine/WebkitWasm/third_party/wasm-sysroot/share/WebP/cmake/WebPConfigVersion.cmake
-- Installing: /workspaces/.riftengine/WebkitWasm/third_party/wasm-sysroot/share/WebP/cmake/WebPConfig.cmake

===== third_party/build-deps/libwebp-build-configure.log =====
emcmake: cmake -S libwebp -B libwebp-build -GNinja -DCMAKE_BUILD_TYPE=Release -DCMAKE_INSTALL_PREFIX=/workspaces/.riftengine/WebkitWasm/third_party/wasm-sysroot -DCMAKE_FIND_ROOT_PATH=/workspaces/.riftengine/WebkitWasm/third_party/wasm-sysroot -DBUILD_SHARED_LIBS=OFF -DWEBP_BUILD_ANIM_UTILS=OFF -DWEBP_BUILD_CWEBP=OFF -DWEBP_BUILD_DWEBP=OFF -DWEBP_BUILD_GIF2WEBP=OFF -DWEBP_BUILD_IMG2WEBP=OFF -DWEBP_BUILD_VWEBP=OFF -DWEBP_BUILD_WEBPINFO=OFF -DWEBP_BUILD_WEBPMUX=OFF -DWEBP_BUILD_EXTRAS=OFF -DCMAKE_TOOLCHAIN_FILE=/workspaces/.riftengine/WebkitWasm/third_party/emsdk/upstream/emscripten/cmake/Modules/Platform/Emscripten.cmake -DCMAKE_CROSSCOMPILING_EMULATOR=/workspaces/.riftengine/WebkitWasm/third_party/emsdk/node/24.19.0_64bit/bin/node in directory /workspaces/.riftengine/WebkitWasm/third_party/build-deps
-- Performing Test HAVE_BUILTIN_BSWAP16
-- Performing Test HAVE_BUILTIN_BSWAP16 - Success
-- Performing Test HAVE_BUILTIN_BSWAP32
-- Performing Test HAVE_BUILTIN_BSWAP32 - Success
-- Performing Test HAVE_BUILTIN_BSWAP64
-- Performing Test HAVE_BUILTIN_BSWAP64 - Success
-- Performing Test CMAKE_HAVE_LIBC_PTHREAD
-- Performing Test CMAKE_HAVE_LIBC_PTHREAD - Success
-- Found Threads: TRUE  
-- Performing Test HAVE_MATH_LIBRARY
-- Performing Test HAVE_MATH_LIBRARY - Success
-- Looking for include file GLUT/glut.h
-- Looking for include file GLUT/glut.h - not found
-- Looking for include file GL/glut.h
-- Looking for include file GL/glut.h - found
-- Looking for include file OpenGL/glut.h
-- Looking for include file OpenGL/glut.h - not found
-- Looking for include file shlwapi.h
-- Looking for include file shlwapi.h - not found
-- Looking for include file unistd.h
-- Looking for include file unistd.h - found
-- Looking for include file wincodec.h
-- Looking for include file wincodec.h - not found
-- Looking for include file windows.h
-- Looking for include file windows.h - not found
-- Disabling SSE41 optimization.
-- Disabling SSE41 optimization.
-- Performing Test HAS_COMPILE_FLAG
-- Performing Test HAS_COMPILE_FLAG - Failed
-- Disabling SSE2 optimization.
-- Disabling SSE2 optimization.
-- Performing Test HAS_COMPILE_FLAG
-- Performing Test HAS_COMPILE_FLAG - Failed
-- Configuring done (13.4s)
-- Generating done (0.0s)
-- Build files have been written to: /workspaces/.riftengine/WebkitWasm/third_party/build-deps/libwebp-build

===== third_party/build-deps/libxml2-build-build.log =====
-- Installing: /workspaces/.riftengine/WebkitWasm/third_party/wasm-sysroot/share/doc/libxml2/examples/parse4.c
-- Installing: /workspaces/.riftengine/WebkitWasm/third_party/wasm-sysroot/share/doc/libxml2/examples/index.html
-- Installing: /workspaces/.riftengine/WebkitWasm/third_party/wasm-sysroot/share/doc/libxml2/examples/io1.c
-- Installing: /workspaces/.riftengine/WebkitWasm/third_party/wasm-sysroot/share/doc/libxml2/xmllint.html
-- Installing: /workspaces/.riftengine/WebkitWasm/third_party/wasm-sysroot/share/doc/libxml2/tutorial
-- Installing: /workspaces/.riftengine/WebkitWasm/third_party/wasm-sysroot/share/doc/libxml2/tutorial/images
-- Installing: /workspaces/.riftengine/WebkitWasm/third_party/wasm-sysroot/share/doc/libxml2/tutorial/images/note.png
-- Installing: /workspaces/.riftengine/WebkitWasm/third_party/wasm-sysroot/share/doc/libxml2/tutorial/images/toc-plus.png
-- Installing: /workspaces/.riftengine/WebkitWasm/third_party/wasm-sysroot/share/doc/libxml2/tutorial/images/next.png
-- Installing: /workspaces/.riftengine/WebkitWasm/third_party/wasm-sysroot/share/doc/libxml2/tutorial/images/warning.png
-- Installing: /workspaces/.riftengine/WebkitWasm/third_party/wasm-sysroot/share/doc/libxml2/tutorial/images/up.png
-- Installing: /workspaces/.riftengine/WebkitWasm/third_party/wasm-sysroot/share/doc/libxml2/tutorial/images/toc-minus.png
-- Installing: /workspaces/.riftengine/WebkitWasm/third_party/wasm-sysroot/share/doc/libxml2/tutorial/images/home.png
-- Installing: /workspaces/.riftengine/WebkitWasm/third_party/wasm-sysroot/share/doc/libxml2/tutorial/images/prev.png
-- Installing: /workspaces/.riftengine/WebkitWasm/third_party/wasm-sysroot/share/doc/libxml2/tutorial/images/caution.png
-- Installing: /workspaces/.riftengine/WebkitWasm/third_party/wasm-sysroot/share/doc/libxml2/tutorial/images/draft.png
-- Installing: /workspaces/.riftengine/WebkitWasm/third_party/wasm-sysroot/share/doc/libxml2/tutorial/images/tip.png
-- Installing: /workspaces/.riftengine/WebkitWasm/third_party/wasm-sysroot/share/doc/libxml2/tutorial/images/important.png
-- Installing: /workspaces/.riftengine/WebkitWasm/third_party/wasm-sysroot/share/doc/libxml2/tutorial/images/blank.png
-- Installing: /workspaces/.riftengine/WebkitWasm/third_party/wasm-sysroot/share/doc/libxml2/tutorial/images/callouts
-- Installing: /workspaces/.riftengine/WebkitWasm/third_party/wasm-sysroot/share/doc/libxml2/tutorial/images/callouts/1.png
-- Installing: /workspaces/.riftengine/WebkitWasm/third_party/wasm-sysroot/share/doc/libxml2/tutorial/images/callouts/5.png
-- Installing: /workspaces/.riftengine/WebkitWasm/third_party/wasm-sysroot/share/doc/libxml2/tutorial/images/callouts/10.png
-- Installing: /workspaces/.riftengine/WebkitWasm/third_party/wasm-sysroot/share/doc/libxml2/tutorial/images/callouts/9.png
-- Installing: /workspaces/.riftengine/WebkitWasm/third_party/wasm-sysroot/share/doc/libxml2/tutorial/images/callouts/7.png
-- Installing: /workspaces/.riftengine/WebkitWasm/third_party/wasm-sysroot/share/doc/libxml2/tutorial/images/callouts/2.png
-- Installing: /workspaces/.riftengine/WebkitWasm/third_party/wasm-sysroot/share/doc/libxml2/tutorial/images/callouts/3.png
-- Installing: /workspaces/.riftengine/WebkitWasm/third_party/wasm-sysroot/share/doc/libxml2/tutorial/images/callouts/8.png
-- Installing: /workspaces/.riftengine/WebkitWasm/third_party/wasm-sysroot/share/doc/libxml2/tutorial/images/callouts/6.png
-- Installing: /workspaces/.riftengine/WebkitWasm/third_party/wasm-sysroot/share/doc/libxml2/tutorial/images/callouts/4.png
-- Installing: /workspaces/.riftengine/WebkitWasm/third_party/wasm-sysroot/share/doc/libxml2/tutorial/images/toc-blank.png
-- Installing: /workspaces/.riftengine/WebkitWasm/third_party/wasm-sysroot/share/doc/libxml2/tutorial/api.html
-- Installing: /workspaces/.riftengine/WebkitWasm/third_party/wasm-sysroot/share/doc/libxml2/tutorial/includekeyword.c
-- Installing: /workspaces/.riftengine/WebkitWasm/third_party/wasm-sysroot/share/doc/libxml2/tutorial/ar01s07.html
-- Installing: /workspaces/.riftengine/WebkitWasm/third_party/wasm-sysroot/share/doc/libxml2/tutorial/apb.html
-- Installing: /workspaces/.riftengine/WebkitWasm/third_party/wasm-sysroot/share/doc/libxml2/tutorial/includeconvert.c
-- Installing: /workspaces/.riftengine/WebkitWasm/third_party/wasm-sysroot/share/doc/libxml2/tutorial/ar01s06.html
-- Installing: /workspaces/.riftengine/WebkitWasm/third_party/wasm-sysroot/share/doc/libxml2/tutorial/ar01s08.html
-- Installing: /workspaces/.riftengine/WebkitWasm/third_party/wasm-sysroot/share/doc/libxml2/tutorial/apg.html
-- Installing: /workspaces/.riftengine/WebkitWasm/third_party/wasm-sysroot/share/doc/libxml2/tutorial/ar01s02.html
-- Installing: /workspaces/.riftengine/WebkitWasm/third_party/wasm-sysroot/share/doc/libxml2/tutorial/includeaddkeyword.c
-- Installing: /workspaces/.riftengine/WebkitWasm/third_party/wasm-sysroot/share/doc/libxml2/tutorial/includeaddattribute.c
-- Installing: /workspaces/.riftengine/WebkitWasm/third_party/wasm-sysroot/share/doc/libxml2/tutorial/ix01.html
-- Installing: /workspaces/.riftengine/WebkitWasm/third_party/wasm-sysroot/share/doc/libxml2/tutorial/apf.html
-- Installing: /workspaces/.riftengine/WebkitWasm/third_party/wasm-sysroot/share/doc/libxml2/tutorial/apd.html
-- Installing: /workspaces/.riftengine/WebkitWasm/third_party/wasm-sysroot/share/doc/libxml2/tutorial/includexpath.c
-- Installing: /workspaces/.riftengine/WebkitWasm/third_party/wasm-sysroot/share/doc/libxml2/tutorial/ape.html
-- Installing: /workspaces/.riftengine/WebkitWasm/third_party/wasm-sysroot/share/doc/libxml2/tutorial/ar01s04.html
-- Installing: /workspaces/.riftengine/WebkitWasm/third_party/wasm-sysroot/share/doc/libxml2/tutorial/aph.html
-- Installing: /workspaces/.riftengine/WebkitWasm/third_party/wasm-sysroot/share/doc/libxml2/tutorial/ar01s09.html
-- Installing: /workspaces/.riftengine/WebkitWasm/third_party/wasm-sysroot/share/doc/libxml2/tutorial/ar01s05.html
-- Installing: /workspaces/.riftengine/WebkitWasm/third_party/wasm-sysroot/share/doc/libxml2/tutorial/apc.html
-- Installing: /workspaces/.riftengine/WebkitWasm/third_party/wasm-sysroot/share/doc/libxml2/tutorial/includegetattribute.c
-- Installing: /workspaces/.riftengine/WebkitWasm/third_party/wasm-sysroot/share/doc/libxml2/tutorial/ar01s03.html
-- Installing: /workspaces/.riftengine/WebkitWasm/third_party/wasm-sysroot/share/doc/libxml2/tutorial/apa.html
-- Installing: /workspaces/.riftengine/WebkitWasm/third_party/wasm-sysroot/share/doc/libxml2/tutorial/index.html
-- Installing: /workspaces/.riftengine/WebkitWasm/third_party/wasm-sysroot/share/doc/libxml2/xmlcatalog.html
-- Installing: /workspaces/.riftengine/WebkitWasm/third_party/wasm-sysroot/share/doc/libxml2/devhelp
-- Installing: /workspaces/.riftengine/WebkitWasm/third_party/wasm-sysroot/share/doc/libxml2/devhelp/libxml2-uri.html
-- Installing: /workspaces/.riftengine/WebkitWasm/third_party/wasm-sysroot/share/doc/libxml2/devhelp/libxml2-xmlIO.html
-- Installing: /workspaces/.riftengine/WebkitWasm/third_party/wasm-sysroot/share/doc/libxml2/devhelp/libxml2-parser.html
-- Installing: /workspaces/.riftengine/WebkitWasm/third_party/wasm-sysroot/share/doc/libxml2/devhelp/libxml2-xmlwriter.html
-- Installing: /workspaces/.riftengine/WebkitWasm/third_party/wasm-sysroot/share/doc/libxml2/devhelp/libxml2-pattern.html
-- Installing: /workspaces/.riftengine/WebkitWasm/third_party/wasm-sysroot/share/doc/libxml2/devhelp/libxml2-HTMLtree.html
-- Installing: /workspaces/.riftengine/WebkitWasm/third_party/wasm-sysroot/share/doc/libxml2/devhelp/libxml2-xmlregexp.html
-- Installing: /workspaces/.riftengine/WebkitWasm/third_party/wasm-sysroot/share/doc/libxml2/devhelp/libxml2-SAX2.html
-- Installing: /workspaces/.riftengine/WebkitWasm/third_party/wasm-sysroot/share/doc/libxml2/devhelp/libxml2-xmlmodule.html
-- Installing: /workspaces/.riftengine/WebkitWasm/third_party/wasm-sysroot/share/doc/libxml2/devhelp/libxml2-xmlversion.html
-- Installing: /workspaces/.riftengine/WebkitWasm/third_party/wasm-sysroot/share/doc/libxml2/devhelp/libxml2-HTMLparser.html
-- Installing: /workspaces/.riftengine/WebkitWasm/third_party/wasm-sysroot/share/doc/libxml2/devhelp/libxml2-hash.html
-- Installing: /workspaces/.riftengine/WebkitWasm/third_party/wasm-sysroot/share/doc/libxml2/devhelp/libxml2-dict.html
-- Installing: /workspaces/.riftengine/WebkitWasm/third_party/wasm-sysroot/share/doc/libxml2/devhelp/libxml2-xmlschemastypes.html
-- Installing: /workspaces/.riftengine/WebkitWasm/third_party/wasm-sysroot/share/doc/libxml2/devhelp/up.png
-- Installing: /workspaces/.riftengine/WebkitWasm/third_party/wasm-sysroot/share/doc/libxml2/devhelp/libxml2-xpath.html
-- Installing: /workspaces/.riftengine/WebkitWasm/third_party/wasm-sysroot/share/doc/libxml2/devhelp/libxml2-schemasInternals.html
-- Installing: /workspaces/.riftengine/WebkitWasm/third_party/wasm-sysroot/share/doc/libxml2/devhelp/libxml2-xpathInternals.html
-- Installing: /workspaces/.riftengine/WebkitWasm/third_party/wasm-sysroot/share/doc/libxml2/devhelp/libxml2-xinclude.html
-- Installing: /workspaces/.riftengine/WebkitWasm/third_party/wasm-sysroot/share/doc/libxml2/devhelp/style.css
-- Installing: /workspaces/.riftengine/WebkitWasm/third_party/wasm-sysroot/share/doc/libxml2/devhelp/libxml2.devhelp2
-- Installing: /workspaces/.riftengine/WebkitWasm/third_party/wasm-sysroot/share/doc/libxml2/devhelp/home.png
-- Installing: /workspaces/.riftengine/WebkitWasm/third_party/wasm-sysroot/share/doc/libxml2/devhelp/libxml2-xpointer.html
-- Installing: /workspaces/.riftengine/WebkitWasm/third_party/wasm-sysroot/share/doc/libxml2/devhelp/libxml2-xmlexports.html
-- Installing: /workspaces/.riftengine/WebkitWasm/third_party/wasm-sysroot/share/doc/libxml2/devhelp/libxml2-nanoftp.html
-- Installing: /workspaces/.riftengine/WebkitWasm/third_party/wasm-sysroot/share/doc/libxml2/devhelp/libxml2-chvalid.html
-- Installing: /workspaces/.riftengine/WebkitWasm/third_party/wasm-sysroot/share/doc/libxml2/devhelp/libxml2-catalog.html
-- Installing: /workspaces/.riftengine/WebkitWasm/third_party/wasm-sysroot/share/doc/libxml2/devhelp/libxml2-c14n.html
-- Installing: /workspaces/.riftengine/WebkitWasm/third_party/wasm-sysroot/share/doc/libxml2/devhelp/right.png
-- Installing: /workspaces/.riftengine/WebkitWasm/third_party/wasm-sysroot/share/doc/libxml2/devhelp/libxml2-threads.html
-- Installing: /workspaces/.riftengine/WebkitWasm/third_party/wasm-sysroot/share/doc/libxml2/devhelp/libxml2-tree.html
-- Installing: /workspaces/.riftengine/WebkitWasm/third_party/wasm-sysroot/share/doc/libxml2/devhelp/libxml2-xmlsave.html
-- Installing: /workspaces/.riftengine/WebkitWasm/third_party/wasm-sysroot/share/doc/libxml2/devhelp/libxml2-xmlreader.html
-- Installing: /workspaces/.riftengine/WebkitWasm/third_party/wasm-sysroot/share/doc/libxml2/devhelp/libxml2-entities.html
-- Installing: /workspaces/.riftengine/WebkitWasm/third_party/wasm-sysroot/share/doc/libxml2/devhelp/libxml2-xmlerror.html
-- Installing: /workspaces/.riftengine/WebkitWasm/third_party/wasm-sysroot/share/doc/libxml2/devhelp/libxml2-relaxng.html
-- Installing: /workspaces/.riftengine/WebkitWasm/third_party/wasm-sysroot/share/doc/libxml2/devhelp/libxml2-debugXML.html
-- Installing: /workspaces/.riftengine/WebkitWasm/third_party/wasm-sysroot/share/doc/libxml2/devhelp/libxml2-xmlunicode.html
-- Installing: /workspaces/.riftengine/WebkitWasm/third_party/wasm-sysroot/share/doc/libxml2/devhelp/libxml2-globals.html
-- Installing: /workspaces/.riftengine/WebkitWasm/third_party/wasm-sysroot/share/doc/libxml2/devhelp/libxml2-xmlschemas.html
-- Installing: /workspaces/.riftengine/WebkitWasm/third_party/wasm-sysroot/share/doc/libxml2/devhelp/libxml2-parserInternals.html
-- Installing: /workspaces/.riftengine/WebkitWasm/third_party/wasm-sysroot/share/doc/libxml2/devhelp/general.html
-- Installing: /workspaces/.riftengine/WebkitWasm/third_party/wasm-sysroot/share/doc/libxml2/devhelp/libxml2-nanohttp.html
-- Installing: /workspaces/.riftengine/WebkitWasm/third_party/wasm-sysroot/share/doc/libxml2/devhelp/libxml2-SAX.html
-- Installing: /workspaces/.riftengine/WebkitWasm/third_party/wasm-sysroot/share/doc/libxml2/devhelp/libxml2-xmlmemory.html
-- Installing: /workspaces/.riftengine/WebkitWasm/third_party/wasm-sysroot/share/doc/libxml2/devhelp/libxml2-xmlstring.html
-- Installing: /workspaces/.riftengine/WebkitWasm/third_party/wasm-sysroot/share/doc/libxml2/devhelp/libxml2-valid.html
-- Installing: /workspaces/.riftengine/WebkitWasm/third_party/wasm-sysroot/share/doc/libxml2/devhelp/libxml2-xmlautomata.html
-- Installing: /workspaces/.riftengine/WebkitWasm/third_party/wasm-sysroot/share/doc/libxml2/devhelp/libxml2-xlink.html
-- Installing: /workspaces/.riftengine/WebkitWasm/third_party/wasm-sysroot/share/doc/libxml2/devhelp/index.html
-- Installing: /workspaces/.riftengine/WebkitWasm/third_party/wasm-sysroot/share/doc/libxml2/devhelp/libxml2-list.html
-- Installing: /workspaces/.riftengine/WebkitWasm/third_party/wasm-sysroot/share/doc/libxml2/devhelp/libxml2-encoding.html
-- Installing: /workspaces/.riftengine/WebkitWasm/third_party/wasm-sysroot/share/doc/libxml2/devhelp/libxml2-schematron.html
-- Installing: /workspaces/.riftengine/WebkitWasm/third_party/wasm-sysroot/share/doc/libxml2/devhelp/left.png
-- Installing: /workspaces/.riftengine/WebkitWasm/third_party/wasm-sysroot/lib/cmake/libxml2-2.12.9/libxml2-config.cmake
-- Installing: /workspaces/.riftengine/WebkitWasm/third_party/wasm-sysroot/lib/cmake/libxml2-2.12.9/libxml2-config-version.cmake
-- Installing: /workspaces/.riftengine/WebkitWasm/third_party/wasm-sysroot/lib/cmake/libxml2-2.12.9/libxml2-export.cmake
-- Installing: /workspaces/.riftengine/WebkitWasm/third_party/wasm-sysroot/lib/cmake/libxml2-2.12.9/libxml2-export-release.cmake
-- Installing: /workspaces/.riftengine/WebkitWasm/third_party/wasm-sysroot/include/libxml2/libxml/xmlversion.h
-- Installing: /workspaces/.riftengine/WebkitWasm/third_party/wasm-sysroot/lib/pkgconfig/libxml-2.0.pc
-- Installing: /workspaces/.riftengine/WebkitWasm/third_party/wasm-sysroot/bin/xml2-config
-- Installing: /workspaces/.riftengine/WebkitWasm/third_party/wasm-sysroot/share/aclocal/libxml.m4

===== third_party/build-deps/libxml2-build-configure.log =====
emcmake: cmake -S libxml2 -B libxml2-build -GNinja -DCMAKE_BUILD_TYPE=Release -DCMAKE_INSTALL_PREFIX=/workspaces/.riftengine/WebkitWasm/third_party/wasm-sysroot -DCMAKE_FIND_ROOT_PATH=/workspaces/.riftengine/WebkitWasm/third_party/wasm-sysroot -DBUILD_SHARED_LIBS=OFF -DLIBXML2_WITH_PYTHON=OFF -DLIBXML2_WITH_LZMA=OFF -DLIBXML2_WITH_ZLIB=ON -DLIBXML2_WITH_ICU=ON -DLIBXML2_WITH_TESTS=OFF -DLIBXML2_WITH_PROGRAMS=OFF -DZLIB_ROOT=/workspaces/.riftengine/WebkitWasm/third_party/wasm-sysroot -DICU_ROOT=/workspaces/.riftengine/WebkitWasm/third_party/wasm-sysroot -DCMAKE_TOOLCHAIN_FILE=/workspaces/.riftengine/WebkitWasm/third_party/emsdk/upstream/emscripten/cmake/Modules/Platform/Emscripten.cmake -DCMAKE_CROSSCOMPILING_EMULATOR=/workspaces/.riftengine/WebkitWasm/third_party/emsdk/node/24.19.0_64bit/bin/node in directory /workspaces/.riftengine/WebkitWasm/third_party/build-deps
-- Found PkgConfig: /usr/bin/pkg-config (found version "1.8.1") 
-- Performing Test Iconv_IS_BUILT_IN
-- Performing Test Iconv_IS_BUILT_IN - Success
-- Found Iconv: built in to C library  
-- Found the following ICU libraries:
--   data (required): /workspaces/.riftengine/WebkitWasm/third_party/wasm-sysroot/lib/libicudata.a
--   i18n (required): /workspaces/.riftengine/WebkitWasm/third_party/wasm-sysroot/lib/libicui18n.a
--   uc (required): /workspaces/.riftengine/WebkitWasm/third_party/wasm-sysroot/lib/libicuuc.a
-- Found ICU: /workspaces/.riftengine/WebkitWasm/third_party/wasm-sysroot/include (found version "77.1") 
-- Performing Test CMAKE_HAVE_LIBC_PTHREAD
-- Performing Test CMAKE_HAVE_LIBC_PTHREAD - Success
-- Found Threads: TRUE  
-- Found ZLIB: /workspaces/.riftengine/WebkitWasm/third_party/wasm-sysroot/lib/libz.a (found version "1.3.1")  
-- Performing Test HAVE_ATTRIBUTE_DESTRUCTOR
-- Performing Test HAVE_ATTRIBUTE_DESTRUCTOR - Success
-- Looking for include file arpa/inet.h
-- Looking for include file arpa/inet.h - found
-- Looking for class
-- Looking for class - not found
-- Looking for include file dlfcn.h
-- Looking for include file dlfcn.h - found
-- Looking for dlopen in dl
-- Looking for dlopen in dl - found
-- Looking for include file dl.h
-- Looking for include file dl.h - not found
-- Looking for include file fcntl.h
-- Looking for include file fcntl.h - found
-- Looking for fpclass
-- Looking for fpclass - not found
-- Looking for ftime
-- Looking for ftime - found
-- Looking for gettimeofday
-- Looking for gettimeofday - found
-- Looking for include file inttypes.h
-- Looking for include file inttypes.h - found
-- Looking for isascii
-- Looking for isascii - found
-- Looking for append_history in history
-- Looking for append_history in history - not found
-- Looking for readline in readline
-- Looking for readline in readline - not found
-- Looking for mmap
-- Looking for mmap - found
-- Looking for munmap
-- Looking for munmap - found
-- Looking for include file netdb.h
-- Looking for include file netdb.h - found
-- Looking for include file netinet/in.h
-- Looking for include file netinet/in.h - found
-- Looking for include file poll.h
-- Looking for include file poll.h - found
-- Looking for shl_load in dld
-- Looking for shl_load in dld - not found
-- Looking for stat
-- Looking for stat - found
-- Looking for include file stdint.h
-- Looking for include file stdint.h - found
-- Looking for include file sys/mman.h
-- Looking for include file sys/mman.h - found
-- Looking for include file sys/select.h
-- Looking for include file sys/select.h - found
-- Looking for include file sys/socket.h
-- Looking for include file sys/socket.h - found
-- Looking for include file sys/stat.h
-- Looking for include file sys/stat.h - found
-- Looking for include file sys/timeb.h
-- Looking for include file sys/timeb.h - found
-- Looking for include file sys/time.h
-- Looking for include file sys/time.h - found
-- Looking for include file unistd.h
-- Looking for include file unistd.h - found
-- Looking for va_copy
-- Looking for va_copy - found
-- Looking for __va_copy
-- Looking for __va_copy - found
-- Performing Test VA_LIST_IS_ARRAY_TEST
-- Performing Test VA_LIST_IS_ARRAY_TEST - Success
-- Performing Test XML_SOCKLEN_T_SOCKLEN_T
-- Performing Test XML_SOCKLEN_T_SOCKLEN_T - Success
-- Looking for include file pthread.h
-- Looking for include file pthread.h - found
-- Checking for module 'icu-i18n'
--   Package 'icu-i18n', required by 'virtual:world', not found
-- Checking for module 'zlib'
--   Package 'zlib', required by 'virtual:world', not found
-- Configuring done (42.2s)
-- Generating done (0.0s)
-- Build files have been written to: /workspaces/.riftengine/WebkitWasm/third_party/build-deps/libxml2-build

===== third_party/build-deps/nghttp2-build-build.log =====
ninja: Entering directory `nghttp2-build'
[1/28] Building C object lib/CMakeFiles/nghttp2_static.dir/nghttp2_queue.c.o
[2/28] Building C object lib/CMakeFiles/nghttp2_static.dir/nghttp2_pq.c.o
[3/28] Building C object lib/CMakeFiles/nghttp2_static.dir/nghttp2_buf.c.o
[4/28] Building C object lib/CMakeFiles/nghttp2_static.dir/nghttp2_map.c.o
[5/28] Building C object lib/CMakeFiles/nghttp2_static.dir/nghttp2_stream.c.o
[6/28] Building C object lib/CMakeFiles/nghttp2_static.dir/nghttp2_frame.c.o
[7/28] Building C object lib/CMakeFiles/nghttp2_static.dir/nghttp2_outbound_item.c.o
[8/28] Building C object lib/CMakeFiles/nghttp2_static.dir/nghttp2_submit.c.o
[9/28] Building C object lib/CMakeFiles/nghttp2_static.dir/nghttp2_helper.c.o
[10/28] Building C object lib/CMakeFiles/nghttp2_static.dir/nghttp2_alpn.c.o
[11/28] Building C object lib/CMakeFiles/nghttp2_static.dir/nghttp2_hd_huffman_data.c.o
[12/28] Building C object lib/CMakeFiles/nghttp2_static.dir/nghttp2_hd_huffman.c.o
[13/28] Building C object lib/CMakeFiles/nghttp2_static.dir/nghttp2_version.c.o
[14/28] Building C object lib/CMakeFiles/nghttp2_static.dir/nghttp2_priority_spec.c.o
[15/28] Building C object lib/CMakeFiles/nghttp2_static.dir/nghttp2_callbacks.c.o
[16/28] Building C object lib/CMakeFiles/nghttp2_static.dir/nghttp2_mem.c.o
[17/28] Building C object lib/CMakeFiles/nghttp2_static.dir/nghttp2_option.c.o
[18/28] Building C object lib/CMakeFiles/nghttp2_static.dir/nghttp2_extpri.c.o
[19/28] Building C object lib/CMakeFiles/nghttp2_static.dir/nghttp2_hd.c.o
[20/28] Building C object lib/CMakeFiles/nghttp2_static.dir/nghttp2_rcbuf.c.o
[21/28] Building C object lib/CMakeFiles/nghttp2_static.dir/nghttp2_ratelim.c.o
[22/28] Building C object lib/CMakeFiles/nghttp2_static.dir/nghttp2_http.c.o
[23/28] Building C object lib/CMakeFiles/nghttp2_static.dir/nghttp2_debug.c.o
[24/28] Building C object lib/CMakeFiles/nghttp2_static.dir/nghttp2_time.c.o
[25/28] Building C object lib/CMakeFiles/nghttp2_static.dir/sfparse.c.o
[26/28] Building C object lib/CMakeFiles/nghttp2_static.dir/nghttp2_session.c.o
[27/28] Linking C static library lib/libnghttp2.a
[27/28] Install the project...
-- Install configuration: "Release"
-- Installing: /workspaces/.riftengine/WebkitWasm/third_party/wasm-sysroot/share/doc/nghttp2/README.rst
-- Installing: /workspaces/.riftengine/WebkitWasm/third_party/wasm-sysroot/include/nghttp2/nghttp2.h
-- Installing: /workspaces/.riftengine/WebkitWasm/third_party/wasm-sysroot/include/nghttp2/nghttp2ver.h
-- Installing: /workspaces/.riftengine/WebkitWasm/third_party/wasm-sysroot/lib/libnghttp2.a
-- Installing: /workspaces/.riftengine/WebkitWasm/third_party/wasm-sysroot/lib/pkgconfig/libnghttp2.pc
-- Installing: /workspaces/.riftengine/WebkitWasm/third_party/wasm-sysroot/lib/cmake/nghttp2/nghttp2-targets.cmake
-- Installing: /workspaces/.riftengine/WebkitWasm/third_party/wasm-sysroot/lib/cmake/nghttp2/nghttp2-targets-release.cmake
-- Installing: /workspaces/.riftengine/WebkitWasm/third_party/wasm-sysroot/share/nghttp2/fetch-ocsp-response

===== third_party/build-deps/nghttp2-build/CMakeFiles/CMakeOutput.log =====
Determining size of ssize_t passed with the following output:
Change Dir: '/workspaces/.riftengine/WebkitWasm/third_party/build-deps/nghttp2-build/CMakeFiles/CMakeTmp'

Run Build Command(s): /usr/bin/ninja -v cmTC_a7fd5
[1/2] /workspaces/.riftengine/WebkitWasm/third_party/emsdk/upstream/emscripten/emcc   -O2 -pthread -MD -MT CMakeFiles/cmTC_a7fd5.dir/SIZEOF_SSIZE_T.c.o -MF CMakeFiles/cmTC_a7fd5.dir/SIZEOF_SSIZE_T.c.o.d -o CMakeFiles/cmTC_a7fd5.dir/SIZEOF_SSIZE_T.c.o -c /workspaces/.riftengine/WebkitWasm/third_party/build-deps/nghttp2-build/CMakeFiles/CheckTypeSize/SIZEOF_SSIZE_T.c
[2/2] : && /workspaces/.riftengine/WebkitWasm/third_party/emsdk/upstream/emscripten/emcc -O2 -pthread  CMakeFiles/cmTC_a7fd5.dir/SIZEOF_SSIZE_T.c.o -o cmTC_a7fd5.js  --oformat=wasm  -sWASM=1 && :




===== third_party/build-deps/nghttp2-build-configure.log =====
-- Found Python3: /usr/bin/python3 (found version "3.12.3") found components: Interpreter 
-- Found OpenSSL: /workspaces/.riftengine/WebkitWasm/third_party/wasm-sysroot/lib/libcrypto.a (found suitable version "3.5.0", minimum required is "1.1.1")  
-- Could NOT find Libngtcp2 (missing: LIBNGTCP2_LIBRARY LIBNGTCP2_INCLUDE_DIR) (Required is at least version "1.0.0")
-- Could NOT find Libngtcp2_crypto_quictls (missing: LIBNGTCP2_CRYPTO_QUICTLS_LIBRARY LIBNGTCP2_CRYPTO_QUICTLS_INCLUDE_DIR) (Required is at least version "1.0.0")
-- Could NOT find Libnghttp3 (missing: LIBNGHTTP3_LIBRARY LIBNGHTTP3_INCLUDE_DIR) (Required is at least version "1.1.0")
-- Could NOT find Systemd (missing: SYSTEMD_INCLUDE_DIRS SYSTEMD_LIBRARIES) (Required is at least version "209")
-- Could NOT find Jansson (missing: JANSSON_LIBRARY JANSSON_INCLUDE_DIR) (Required is at least version "2.5")
-- Could NOT find Libevent (missing: LIBEVENT_CORE_LIBRARY LIBEVENT_EXTRA_LIBRARY LIBEVENT_OPENSSL_LIBRARY LIBEVENT_INCLUDE_DIR core extra openssl) (Required is at least version "2.0.8")
-- Found LibXml2: /workspaces/.riftengine/WebkitWasm/third_party/wasm-sysroot/lib/libxml2.a (found suitable version "2.12.9", minimum required is "2.6.26") 
-- Could NOT find Jemalloc (missing: JEMALLOC_LIBRARY JEMALLOC_INCLUDE_DIR) 
-- Performing Test CMAKE_HAVE_LIBC_PTHREAD
-- Performing Test CMAKE_HAVE_LIBC_PTHREAD - Success
-- Found Threads: TRUE  
-- Looking for arpa/inet.h
-- Looking for arpa/inet.h - found
-- Looking for fcntl.h
-- Looking for fcntl.h - found
-- Looking for inttypes.h
-- Looking for inttypes.h - found
-- Looking for limits.h
-- Looking for limits.h - found
-- Looking for netdb.h
-- Looking for netdb.h - found
-- Looking for netinet/in.h
-- Looking for netinet/in.h - found
-- Looking for netinet/ip.h
-- Looking for netinet/ip.h - found
-- Looking for pwd.h
-- Looking for pwd.h - found
-- Looking for sys/socket.h
-- Looking for sys/socket.h - found
-- Looking for sys/time.h
-- Looking for sys/time.h - found
-- Looking for syslog.h
-- Looking for syslog.h - found
-- Looking for unistd.h
-- Looking for unistd.h - found
-- Looking for windows.h
-- Looking for windows.h - not found
-- Looking for sys/types.h
-- Looking for sys/types.h - found
-- Looking for stdint.h
-- Looking for stdint.h - found
-- Looking for stddef.h
-- Looking for stddef.h - found
-- Check size of ssize_t
-- Check size of ssize_t - done
-- Performing Test HAVE_STRUCT_TM_TM_GMTOFF
-- Performing Test HAVE_STRUCT_TM_TM_GMTOFF - Success
-- Looking for _Exit
-- Looking for _Exit - found
-- Looking for accept4
-- Looking for accept4 - found
-- Looking for clock_gettime
-- Looking for clock_gettime - found
-- Looking for mkostemp
-- Looking for mkostemp - found
-- Looking for pipe2
-- Looking for pipe2 - found
-- Looking for GetTickCount64
-- Looking for GetTickCount64 - not found
-- Looking for initgroups
-- Looking for initgroups - not found
-- Looking for initgroups
-- Looking for initgroups - not found
-- Looking for CLOCK_MONOTONIC
-- Looking for CLOCK_MONOTONIC - found
-- summary of build options:

    Package version: 1.64.0
    Library version: 42:3:28
    Install prefix:  /workspaces/.riftengine/WebkitWasm/third_party/wasm-sysroot
    Target system:   Emscripten
    Compiler:
      Build type:     Release
      C compiler:     /workspaces/.riftengine/WebkitWasm/third_party/emsdk/upstream/emscripten/emcc
      CFLAGS:         -O3  -O2 -pthread
      C++ compiler:   /workspaces/.riftengine/WebkitWasm/third_party/emsdk/upstream/emscripten/em++
      CXXFLAGS:        
      WARNCFLAGS:       -Wextra -Wall -Wconversion -Winline -Wmissing-declarations -Wmissing-prototypes -Wnested-externs -Wpointer-arith -Wshadow -Wundef -Wwrite-strings -Waddress -Wattributes -Wcast-align -Wdeclaration-after-statement -Wdiv-by-zero -Wempty-body -Wendif-labels -Wfloat-equal -Wformat-nonliteral -Wformat-security -Wmissing-field-initializers -Wmissing-noreturn -Wno-format-nonliteral -Wredundant-decls -Wsign-conversion -Wstrict-prototypes -Wunreachable-code -Wunused-parameter -Wvla -Wshorten-64-to-32 -Wlanguage-extension-token -Wpragmas -Wunreachable-code-break -Wheader-guard -Wmissing-variable-declarations
      CXX1XCXXFLAGS:  
      WARNCXXFLAGS:     -Wall -Wformat-security
    Python:
      Python:          /usr/bin/python3
      Python3_VERSION: 3.12.3
    Test:
      Failmalloc:     ON
      Build Test:     ON
    Libs:
      OpenSSL:        TRUE (LIBS='')
      wolfSSL:         (LIBS='')
      Libxml2:        TRUE (LIBS='/workspaces/.riftengine/WebkitWasm/third_party/wasm-sysroot/lib/libxml2.a')
      Libev:           (LIBS='')
      Libc-ares:       (LIBS='')
      Libngtcp2:       (LIBS='')
      Libngtcp2_crypto_quictls:  (LIBS='')
      Libngtcp2_crypto_wolfssl:  (LIBS='')
      Libnghttp3:      (LIBS='')
      Libbpf:          (LIBS='')
      Libevent(SSL):  FALSE (LIBS='')
      Jansson:        FALSE (LIBS='')
      Jemalloc:       FALSE (LIBS='')
      Zlib:            (LIBS='')
      Systemd:        FALSE (LIBS='SYSTEMD_LIBRARIES-NOTFOUND')
      Libbrotlienc:    (LIBS='')
      Libbrotlidec:    (LIBS='')
    Third-party:
      http-parser:    
      MRuby:          0
      Neverbleed:     0
    Features:
      Applications:   OFF
      HPACK tools:    OFF
      Examples:       OFF
      Threading:      ON
      HTTP/3(EXPERIMENTAL): OFF

-- Configuring done (32.4s)
-- Generating done (0.0s)
-- Build files have been written to: /workspaces/.riftengine/WebkitWasm/third_party/build-deps/nghttp2-build

===== third_party/build-deps/openssl-build.log =====
install ./include/openssl/core_dispatch.h -> /workspaces/.riftengine/WebkitWasm/third_party/wasm-sysroot/include/openssl/core_dispatch.h
install ./include/openssl/core_names.h -> /workspaces/.riftengine/WebkitWasm/third_party/wasm-sysroot/include/openssl/core_names.h
install ./include/openssl/core_object.h -> /workspaces/.riftengine/WebkitWasm/third_party/wasm-sysroot/include/openssl/core_object.h
install ./include/openssl/crmf.h -> /workspaces/.riftengine/WebkitWasm/third_party/wasm-sysroot/include/openssl/crmf.h
install ./include/openssl/crmferr.h -> /workspaces/.riftengine/WebkitWasm/third_party/wasm-sysroot/include/openssl/crmferr.h
install ./include/openssl/crypto.h -> /workspaces/.riftengine/WebkitWasm/third_party/wasm-sysroot/include/openssl/crypto.h
install ./include/openssl/cryptoerr.h -> /workspaces/.riftengine/WebkitWasm/third_party/wasm-sysroot/include/openssl/cryptoerr.h
install ./include/openssl/cryptoerr_legacy.h -> /workspaces/.riftengine/WebkitWasm/third_party/wasm-sysroot/include/openssl/cryptoerr_legacy.h
install ./include/openssl/ct.h -> /workspaces/.riftengine/WebkitWasm/third_party/wasm-sysroot/include/openssl/ct.h
install ./include/openssl/cterr.h -> /workspaces/.riftengine/WebkitWasm/third_party/wasm-sysroot/include/openssl/cterr.h
install ./include/openssl/decoder.h -> /workspaces/.riftengine/WebkitWasm/third_party/wasm-sysroot/include/openssl/decoder.h
install ./include/openssl/decodererr.h -> /workspaces/.riftengine/WebkitWasm/third_party/wasm-sysroot/include/openssl/decodererr.h
install ./include/openssl/des.h -> /workspaces/.riftengine/WebkitWasm/third_party/wasm-sysroot/include/openssl/des.h
install ./include/openssl/dh.h -> /workspaces/.riftengine/WebkitWasm/third_party/wasm-sysroot/include/openssl/dh.h
install ./include/openssl/dherr.h -> /workspaces/.riftengine/WebkitWasm/third_party/wasm-sysroot/include/openssl/dherr.h
install ./include/openssl/dsa.h -> /workspaces/.riftengine/WebkitWasm/third_party/wasm-sysroot/include/openssl/dsa.h
install ./include/openssl/dsaerr.h -> /workspaces/.riftengine/WebkitWasm/third_party/wasm-sysroot/include/openssl/dsaerr.h
install ./include/openssl/dtls1.h -> /workspaces/.riftengine/WebkitWasm/third_party/wasm-sysroot/include/openssl/dtls1.h
install ./include/openssl/e_os2.h -> /workspaces/.riftengine/WebkitWasm/third_party/wasm-sysroot/include/openssl/e_os2.h
install ./include/openssl/e_ostime.h -> /workspaces/.riftengine/WebkitWasm/third_party/wasm-sysroot/include/openssl/e_ostime.h
install ./include/openssl/ebcdic.h -> /workspaces/.riftengine/WebkitWasm/third_party/wasm-sysroot/include/openssl/ebcdic.h
install ./include/openssl/ec.h -> /workspaces/.riftengine/WebkitWasm/third_party/wasm-sysroot/include/openssl/ec.h
install ./include/openssl/ecdh.h -> /workspaces/.riftengine/WebkitWasm/third_party/wasm-sysroot/include/openssl/ecdh.h
install ./include/openssl/ecdsa.h -> /workspaces/.riftengine/WebkitWasm/third_party/wasm-sysroot/include/openssl/ecdsa.h
install ./include/openssl/ecerr.h -> /workspaces/.riftengine/WebkitWasm/third_party/wasm-sysroot/include/openssl/ecerr.h
install ./include/openssl/encoder.h -> /workspaces/.riftengine/WebkitWasm/third_party/wasm-sysroot/include/openssl/encoder.h
install ./include/openssl/encodererr.h -> /workspaces/.riftengine/WebkitWasm/third_party/wasm-sysroot/include/openssl/encodererr.h
install ./include/openssl/engine.h -> /workspaces/.riftengine/WebkitWasm/third_party/wasm-sysroot/include/openssl/engine.h
install ./include/openssl/engineerr.h -> /workspaces/.riftengine/WebkitWasm/third_party/wasm-sysroot/include/openssl/engineerr.h
install ./include/openssl/err.h -> /workspaces/.riftengine/WebkitWasm/third_party/wasm-sysroot/include/openssl/err.h
install ./include/openssl/ess.h -> /workspaces/.riftengine/WebkitWasm/third_party/wasm-sysroot/include/openssl/ess.h
install ./include/openssl/esserr.h -> /workspaces/.riftengine/WebkitWasm/third_party/wasm-sysroot/include/openssl/esserr.h
install ./include/openssl/evp.h -> /workspaces/.riftengine/WebkitWasm/third_party/wasm-sysroot/include/openssl/evp.h
install ./include/openssl/evperr.h -> /workspaces/.riftengine/WebkitWasm/third_party/wasm-sysroot/include/openssl/evperr.h
install ./include/openssl/fips_names.h -> /workspaces/.riftengine/WebkitWasm/third_party/wasm-sysroot/include/openssl/fips_names.h
install ./include/openssl/fipskey.h -> /workspaces/.riftengine/WebkitWasm/third_party/wasm-sysroot/include/openssl/fipskey.h
install ./include/openssl/hmac.h -> /workspaces/.riftengine/WebkitWasm/third_party/wasm-sysroot/include/openssl/hmac.h
install ./include/openssl/hpke.h -> /workspaces/.riftengine/WebkitWasm/third_party/wasm-sysroot/include/openssl/hpke.h
install ./include/openssl/http.h -> /workspaces/.riftengine/WebkitWasm/third_party/wasm-sysroot/include/openssl/http.h
install ./include/openssl/httperr.h -> /workspaces/.riftengine/WebkitWasm/third_party/wasm-sysroot/include/openssl/httperr.h
install ./include/openssl/idea.h -> /workspaces/.riftengine/WebkitWasm/third_party/wasm-sysroot/include/openssl/idea.h
install ./include/openssl/indicator.h -> /workspaces/.riftengine/WebkitWasm/third_party/wasm-sysroot/include/openssl/indicator.h
install ./include/openssl/kdf.h -> /workspaces/.riftengine/WebkitWasm/third_party/wasm-sysroot/include/openssl/kdf.h
install ./include/openssl/kdferr.h -> /workspaces/.riftengine/WebkitWasm/third_party/wasm-sysroot/include/openssl/kdferr.h
install ./include/openssl/lhash.h -> /workspaces/.riftengine/WebkitWasm/third_party/wasm-sysroot/include/openssl/lhash.h
install ./include/openssl/macros.h -> /workspaces/.riftengine/WebkitWasm/third_party/wasm-sysroot/include/openssl/macros.h
install ./include/openssl/md2.h -> /workspaces/.riftengine/WebkitWasm/third_party/wasm-sysroot/include/openssl/md2.h
install ./include/openssl/md4.h -> /workspaces/.riftengine/WebkitWasm/third_party/wasm-sysroot/include/openssl/md4.h
install ./include/openssl/md5.h -> /workspaces/.riftengine/WebkitWasm/third_party/wasm-sysroot/include/openssl/md5.h
install ./include/openssl/mdc2.h -> /workspaces/.riftengine/WebkitWasm/third_party/wasm-sysroot/include/openssl/mdc2.h
install ./include/openssl/ml_kem.h -> /workspaces/.riftengine/WebkitWasm/third_party/wasm-sysroot/include/openssl/ml_kem.h
install ./include/openssl/modes.h -> /workspaces/.riftengine/WebkitWasm/third_party/wasm-sysroot/include/openssl/modes.h
install ./include/openssl/obj_mac.h -> /workspaces/.riftengine/WebkitWasm/third_party/wasm-sysroot/include/openssl/obj_mac.h
install ./include/openssl/objects.h -> /workspaces/.riftengine/WebkitWasm/third_party/wasm-sysroot/include/openssl/objects.h
install ./include/openssl/objectserr.h -> /workspaces/.riftengine/WebkitWasm/third_party/wasm-sysroot/include/openssl/objectserr.h
install ./include/openssl/ocsp.h -> /workspaces/.riftengine/WebkitWasm/third_party/wasm-sysroot/include/openssl/ocsp.h
install ./include/openssl/ocsperr.h -> /workspaces/.riftengine/WebkitWasm/third_party/wasm-sysroot/include/openssl/ocsperr.h
install ./include/openssl/opensslconf.h -> /workspaces/.riftengine/WebkitWasm/third_party/wasm-sysroot/include/openssl/opensslconf.h
install ./include/openssl/opensslv.h -> /workspaces/.riftengine/WebkitWasm/third_party/wasm-sysroot/include/openssl/opensslv.h
install ./include/openssl/ossl_typ.h -> /workspaces/.riftengine/WebkitWasm/third_party/wasm-sysroot/include/openssl/ossl_typ.h
install ./include/openssl/param_build.h -> /workspaces/.riftengine/WebkitWasm/third_party/wasm-sysroot/include/openssl/param_build.h
install ./include/openssl/params.h -> /workspaces/.riftengine/WebkitWasm/third_party/wasm-sysroot/include/openssl/params.h
install ./include/openssl/pem.h -> /workspaces/.riftengine/WebkitWasm/third_party/wasm-sysroot/include/openssl/pem.h
install ./include/openssl/pem2.h -> /workspaces/.riftengine/WebkitWasm/third_party/wasm-sysroot/include/openssl/pem2.h
install ./include/openssl/pemerr.h -> /workspaces/.riftengine/WebkitWasm/third_party/wasm-sysroot/include/openssl/pemerr.h
install ./include/openssl/pkcs12.h -> /workspaces/.riftengine/WebkitWasm/third_party/wasm-sysroot/include/openssl/pkcs12.h
install ./include/openssl/pkcs12err.h -> /workspaces/.riftengine/WebkitWasm/third_party/wasm-sysroot/include/openssl/pkcs12err.h
install ./include/openssl/pkcs7.h -> /workspaces/.riftengine/WebkitWasm/third_party/wasm-sysroot/include/openssl/pkcs7.h
install ./include/openssl/pkcs7err.h -> /workspaces/.riftengine/WebkitWasm/third_party/wasm-sysroot/include/openssl/pkcs7err.h
install ./include/openssl/prov_ssl.h -> /workspaces/.riftengine/WebkitWasm/third_party/wasm-sysroot/include/openssl/prov_ssl.h
install ./include/openssl/proverr.h -> /workspaces/.riftengine/WebkitWasm/third_party/wasm-sysroot/include/openssl/proverr.h
install ./include/openssl/provider.h -> /workspaces/.riftengine/WebkitWasm/third_party/wasm-sysroot/include/openssl/provider.h
install ./include/openssl/quic.h -> /workspaces/.riftengine/WebkitWasm/third_party/wasm-sysroot/include/openssl/quic.h
install ./include/openssl/rand.h -> /workspaces/.riftengine/WebkitWasm/third_party/wasm-sysroot/include/openssl/rand.h
install ./include/openssl/randerr.h -> /workspaces/.riftengine/WebkitWasm/third_party/wasm-sysroot/include/openssl/randerr.h
install ./include/openssl/rc2.h -> /workspaces/.riftengine/WebkitWasm/third_party/wasm-sysroot/include/openssl/rc2.h
install ./include/openssl/rc4.h -> /workspaces/.riftengine/WebkitWasm/third_party/wasm-sysroot/include/openssl/rc4.h
install ./include/openssl/rc5.h -> /workspaces/.riftengine/WebkitWasm/third_party/wasm-sysroot/include/openssl/rc5.h
install ./include/openssl/ripemd.h -> /workspaces/.riftengine/WebkitWasm/third_party/wasm-sysroot/include/openssl/ripemd.h
install ./include/openssl/rsa.h -> /workspaces/.riftengine/WebkitWasm/third_party/wasm-sysroot/include/openssl/rsa.h
install ./include/openssl/rsaerr.h -> /workspaces/.riftengine/WebkitWasm/third_party/wasm-sysroot/include/openssl/rsaerr.h
install ./include/openssl/safestack.h -> /workspaces/.riftengine/WebkitWasm/third_party/wasm-sysroot/include/openssl/safestack.h
install ./include/openssl/seed.h -> /workspaces/.riftengine/WebkitWasm/third_party/wasm-sysroot/include/openssl/seed.h
install ./include/openssl/self_test.h -> /workspaces/.riftengine/WebkitWasm/third_party/wasm-sysroot/include/openssl/self_test.h
install ./include/openssl/sha.h -> /workspaces/.riftengine/WebkitWasm/third_party/wasm-sysroot/include/openssl/sha.h
install ./include/openssl/srp.h -> /workspaces/.riftengine/WebkitWasm/third_party/wasm-sysroot/include/openssl/srp.h
install ./include/openssl/srtp.h -> /workspaces/.riftengine/WebkitWasm/third_party/wasm-sysroot/include/openssl/srtp.h
install ./include/openssl/ssl.h -> /workspaces/.riftengine/WebkitWasm/third_party/wasm-sysroot/include/openssl/ssl.h
install ./include/openssl/ssl2.h -> /workspaces/.riftengine/WebkitWasm/third_party/wasm-sysroot/include/openssl/ssl2.h
install ./include/openssl/ssl3.h -> /workspaces/.riftengine/WebkitWasm/third_party/wasm-sysroot/include/openssl/ssl3.h
install ./include/openssl/sslerr.h -> /workspaces/.riftengine/WebkitWasm/third_party/wasm-sysroot/include/openssl/sslerr.h
install ./include/openssl/sslerr_legacy.h -> /workspaces/.riftengine/WebkitWasm/third_party/wasm-sysroot/include/openssl/sslerr_legacy.h
install ./include/openssl/stack.h -> /workspaces/.riftengine/WebkitWasm/third_party/wasm-sysroot/include/openssl/stack.h
install ./include/openssl/store.h -> /workspaces/.riftengine/WebkitWasm/third_party/wasm-sysroot/include/openssl/store.h
install ./include/openssl/storeerr.h -> /workspaces/.riftengine/WebkitWasm/third_party/wasm-sysroot/include/openssl/storeerr.h
install ./include/openssl/symhacks.h -> /workspaces/.riftengine/WebkitWasm/third_party/wasm-sysroot/include/openssl/symhacks.h
install ./include/openssl/thread.h -> /workspaces/.riftengine/WebkitWasm/third_party/wasm-sysroot/include/openssl/thread.h
install ./include/openssl/tls1.h -> /workspaces/.riftengine/WebkitWasm/third_party/wasm-sysroot/include/openssl/tls1.h
install ./include/openssl/trace.h -> /workspaces/.riftengine/WebkitWasm/third_party/wasm-sysroot/include/openssl/trace.h
install ./include/openssl/ts.h -> /workspaces/.riftengine/WebkitWasm/third_party/wasm-sysroot/include/openssl/ts.h
install ./include/openssl/tserr.h -> /workspaces/.riftengine/WebkitWasm/third_party/wasm-sysroot/include/openssl/tserr.h
install ./include/openssl/txt_db.h -> /workspaces/.riftengine/WebkitWasm/third_party/wasm-sysroot/include/openssl/txt_db.h
install ./include/openssl/types.h -> /workspaces/.riftengine/WebkitWasm/third_party/wasm-sysroot/include/openssl/types.h
install ./include/openssl/ui.h -> /workspaces/.riftengine/WebkitWasm/third_party/wasm-sysroot/include/openssl/ui.h
install ./include/openssl/uierr.h -> /workspaces/.riftengine/WebkitWasm/third_party/wasm-sysroot/include/openssl/uierr.h
install ./include/openssl/whrlpool.h -> /workspaces/.riftengine/WebkitWasm/third_party/wasm-sysroot/include/openssl/whrlpool.h
install ./include/openssl/x509.h -> /workspaces/.riftengine/WebkitWasm/third_party/wasm-sysroot/include/openssl/x509.h
install ./include/openssl/x509_acert.h -> /workspaces/.riftengine/WebkitWasm/third_party/wasm-sysroot/include/openssl/x509_acert.h
install ./include/openssl/x509_vfy.h -> /workspaces/.riftengine/WebkitWasm/third_party/wasm-sysroot/include/openssl/x509_vfy.h
install ./include/openssl/x509err.h -> /workspaces/.riftengine/WebkitWasm/third_party/wasm-sysroot/include/openssl/x509err.h
install ./include/openssl/x509v3.h -> /workspaces/.riftengine/WebkitWasm/third_party/wasm-sysroot/include/openssl/x509v3.h
install ./include/openssl/x509v3err.h -> /workspaces/.riftengine/WebkitWasm/third_party/wasm-sysroot/include/openssl/x509v3err.h
install libcrypto.a -> /workspaces/.riftengine/WebkitWasm/third_party/wasm-sysroot/lib/libcrypto.a
install libssl.a -> /workspaces/.riftengine/WebkitWasm/third_party/wasm-sysroot/lib/libssl.a
install exporters/libcrypto.pc -> /workspaces/.riftengine/WebkitWasm/third_party/wasm-sysroot/lib/pkgconfig/libcrypto.pc
install exporters/libssl.pc -> /workspaces/.riftengine/WebkitWasm/third_party/wasm-sysroot/lib/pkgconfig/libssl.pc
install exporters/openssl.pc -> /workspaces/.riftengine/WebkitWasm/third_party/wasm-sysroot/lib/pkgconfig/openssl.pc
created directory `/workspaces/.riftengine/WebkitWasm/third_party/wasm-sysroot/lib/cmake/OpenSSL'
install exporters/OpenSSLConfig.cmake -> /workspaces/.riftengine/WebkitWasm/third_party/wasm-sysroot/lib/cmake/OpenSSL/OpenSSLConfig.cmake
install exporters/OpenSSLConfigVersion.cmake -> /workspaces/.riftengine/WebkitWasm/third_party/wasm-sysroot/lib/cmake/OpenSSL/OpenSSLConfigVersion.cmake

===== third_party/build-deps/openssl-configure.log =====
emconfigure: ./Configure linux-generic32 no-asm no-engine no-afalgeng no-hw no-dso no-shared no-async no-tests no-apps no-docs threads --prefix=/workspaces/.riftengine/WebkitWasm/third_party/wasm-sysroot --libdir=lib --openssldir=/etc/ssl -O2 -pthread in directory /workspaces/.riftengine/WebkitWasm/third_party/build-deps/openssl
***** Deprecated options: no-hw
Configuring OpenSSL version 3.5.0 for target linux-generic32
Using os-specific seed configuration
Created configdata.pm
Running configdata.pm
Created Makefile.in
Created Makefile
Created include/openssl/configuration.h

**********************************************************************
***                                                                ***
***   OpenSSL has been successfully configured                     ***
***                                                                ***
***   If you encounter a problem while building, please open an    ***
***   issue on GitHub <https://github.com/openssl/openssl/issues>  ***
***   and include the output from the following command:           ***
***                                                                ***
***       perl configdata.pm --dump                                ***
***                                                                ***
***   (If you are new to OpenSSL, you might want to consult the    ***
***   'Troubleshooting' section in the INSTALL.md file first)      ***
***                                                                ***
**********************************************************************

===== third_party/build-deps/zlib-build-build.log =====
ninja: Entering directory `zlib-build'
[1/34] Building C object CMakeFiles/zlib.dir/gzclose.c.o
[2/34] Building C object CMakeFiles/zlib.dir/compress.c.o
[3/34] Building C object CMakeFiles/zlib.dir/adler32.c.o
[4/34] Building C object CMakeFiles/zlib.dir/crc32.c.o
[5/34] Building C object CMakeFiles/zlib.dir/gzlib.c.o
[6/34] Building C object CMakeFiles/zlib.dir/gzread.c.o
[7/34] Building C object CMakeFiles/zlib.dir/deflate.c.o
[8/34] Building C object CMakeFiles/zlib.dir/gzwrite.c.o
[9/34] Building C object CMakeFiles/zlib.dir/inftrees.c.o
[10/34] Building C object CMakeFiles/zlib.dir/inffast.c.o
[11/34] Building C object CMakeFiles/zlib.dir/uncompr.c.o
[12/34] Building C object CMakeFiles/zlib.dir/infback.c.o
[13/34] Building C object CMakeFiles/zlib.dir/zutil.c.o
[14/34] Building C object CMakeFiles/zlib.dir/inflate.c.o
[15/34] Building C object CMakeFiles/zlib.dir/trees.c.o
[16/34] Building C object CMakeFiles/zlibstatic.dir/compress.c.o
[17/34] Building C object CMakeFiles/zlibstatic.dir/adler32.c.o
[18/34] Building C object CMakeFiles/zlibstatic.dir/gzclose.c.o
[19/34] Building C object CMakeFiles/zlibstatic.dir/crc32.c.o
[20/34] Building C object CMakeFiles/zlibstatic.dir/gzread.c.o
[21/34] Building C object CMakeFiles/zlibstatic.dir/gzlib.c.o
[22/34] Building C object CMakeFiles/zlibstatic.dir/gzwrite.c.o
[23/34] Building C object CMakeFiles/zlibstatic.dir/deflate.c.o
[24/34] Building C object CMakeFiles/zlibstatic.dir/inffast.c.o
[25/34] Building C object CMakeFiles/zlibstatic.dir/inftrees.c.o
[26/34] Building C object CMakeFiles/zlibstatic.dir/infback.c.o
[27/34] Linking C shared library libz.so.1.3.1
emcc: warning: ignoring unsupported linker flag: `--version-script` [-Wlinkflags]
cache:INFO: generating system asset: sysroot/lib/wasm32-emscripten/pic/crtbegin-mt.o... (this will be cached in "/workspaces/.riftengine/WebkitWasm/third_party/emsdk/upstream/emscripten/cache/sysroot/lib/wasm32-emscripten/pic/crtbegin-mt.o" for subsequent builds)
system_libs:INFO: compiled 1 inputs in 0.37s
cache:INFO:  - ok
[28/34] Building C object CMakeFiles/zlibstatic.dir/uncompr.c.o
[29/34] Creating library symlink libz.so.1 libz.so
[30/34] Building C object CMakeFiles/zlibstatic.dir/trees.c.o
[31/34] Building C object CMakeFiles/zlibstatic.dir/inflate.c.o
[32/34] Building C object CMakeFiles/zlibstatic.dir/zutil.c.o
[33/34] Linking C static library libz.a
[33/34] Install the project...
-- Install configuration: "Release"
-- Installing: /workspaces/.riftengine/WebkitWasm/third_party/wasm-sysroot/lib/libz.so.1.3.1
-- Installing: /workspaces/.riftengine/WebkitWasm/third_party/wasm-sysroot/lib/libz.so.1
-- Installing: /workspaces/.riftengine/WebkitWasm/third_party/wasm-sysroot/lib/libz.so
-- Installing: /workspaces/.riftengine/WebkitWasm/third_party/wasm-sysroot/lib/libz.a
-- Installing: /workspaces/.riftengine/WebkitWasm/third_party/wasm-sysroot/include/zconf.h
-- Installing: /workspaces/.riftengine/WebkitWasm/third_party/wasm-sysroot/include/zlib.h
-- Installing: /workspaces/.riftengine/WebkitWasm/third_party/wasm-sysroot/share/man/man3/zlib.3
-- Installing: /workspaces/.riftengine/WebkitWasm/third_party/wasm-sysroot/share/pkgconfig/zlib.pc

===== third_party/build-deps/zlib-build/CMakeFiles/CMakeOutput.log =====
Determining size of off64_t passed with the following output:
Change Dir: '/workspaces/.riftengine/WebkitWasm/third_party/build-deps/zlib-build/CMakeFiles/CMakeTmp'

Run Build Command(s): /usr/bin/ninja -v cmTC_ac524
[1/2] /workspaces/.riftengine/WebkitWasm/third_party/emsdk/upstream/emscripten/emcc -DHAVE_STDDEF_H -DHAVE_STDINT_H -DHAVE_SYS_TYPES_H -D_LARGEFILE64_SOURCE=1  -O2 -pthread -MD -MT CMakeFiles/cmTC_ac524.dir/OFF64_T.c.o -MF CMakeFiles/cmTC_ac524.dir/OFF64_T.c.o.d -o CMakeFiles/cmTC_ac524.dir/OFF64_T.c.o -c /workspaces/.riftengine/WebkitWasm/third_party/build-deps/zlib-build/CMakeFiles/CheckTypeSize/OFF64_T.c
[2/2] : && /workspaces/.riftengine/WebkitWasm/third_party/emsdk/upstream/emscripten/emcc -O2 -pthread  CMakeFiles/cmTC_ac524.dir/OFF64_T.c.o -o cmTC_ac524.js  --oformat=wasm  -sWASM=1 && :




===== third_party/build-deps/zlib-build-configure.log =====
emcmake: cmake -S zlib -B zlib-build -GNinja -DCMAKE_BUILD_TYPE=Release -DCMAKE_INSTALL_PREFIX=/workspaces/.riftengine/WebkitWasm/third_party/wasm-sysroot -DCMAKE_FIND_ROOT_PATH=/workspaces/.riftengine/WebkitWasm/third_party/wasm-sysroot -DBUILD_SHARED_LIBS=OFF -DZLIB_BUILD_EXAMPLES=OFF -DCMAKE_TOOLCHAIN_FILE=/workspaces/.riftengine/WebkitWasm/third_party/emsdk/upstream/emscripten/cmake/Modules/Platform/Emscripten.cmake -DCMAKE_CROSSCOMPILING_EMULATOR=/workspaces/.riftengine/WebkitWasm/third_party/emsdk/node/24.19.0_64bit/bin/node in directory /workspaces/.riftengine/WebkitWasm/third_party/build-deps
-- Looking for sys/types.h
-- Looking for sys/types.h - found
-- Looking for stdint.h
-- Looking for stdint.h - found
-- Looking for stddef.h
-- Looking for stddef.h - found
-- Check size of off64_t
-- Check size of off64_t - done
-- Looking for fseeko
-- Looking for fseeko - found
-- Looking for unistd.h
-- Looking for unistd.h - found
-- Renaming
--     /workspaces/.riftengine/WebkitWasm/third_party/build-deps/zlib/zconf.h
-- to 'zconf.h.included' because this file is included with zlib
-- but CMake generates it automatically in the build directory.
-- Configuring done (8.4s)
-- Generating done (0.0s)
-- Build files have been written to: /workspaces/.riftengine/WebkitWasm/third_party/build-deps/zlib-build

=== RiftEngine build started: 2026-08-29T03:05:27+00:00 ===
ROOT=/workspaces/.riftengine/WebkitWasm
LOG=/workspaces/.riftengine/riftengine-build.log
=== RiftEngine persistent bootstrap ===
==> checking host prerequisites
==> pinning WebKit @ aec9d2ad95
    port patch already applied (or needs manual reconcile — see BUILD.md)
==> installing + activating Emscripten 6.0.0
Resolving SDK version '6.0.0' to 'sdk-releases-772bb4648be4a897ca062d6adc65bc70223d2703-64bit'
Installing SDK 'sdk-releases-772bb4648be4a897ca062d6adc65bc70223d2703-64bit'..
Skipped installing node-24.19.0-64bit, already installed.
Skipped installing releases-772bb4648be4a897ca062d6adc65bc70223d2703-64bit, already installed.
All SDK components already installed: 'sdk-releases-772bb4648be4a897ca062d6adc65bc70223d2703-64bit'.
Resolving SDK version '6.0.0' to 'sdk-releases-772bb4648be4a897ca062d6adc65bc70223d2703-64bit'
Setting the following tools as active:
   node-24.19.0-64bit
   releases-772bb4648be4a897ca062d6adc65bc70223d2703-64bit

Next steps:
- To conveniently access emsdk tools from the command line,
  consider adding the following directories to your PATH:
    /workspaces/.riftengine/WebkitWasm/third_party/emsdk
    /workspaces/.riftengine/WebkitWasm/third_party/emsdk/upstream/emscripten
- This can be done for the current shell by running:
    source "/workspaces/.riftengine/WebkitWasm/third_party/emsdk/emsdk_env.sh"
- Configure emsdk in your shell startup scripts by running:
    echo 'source "/workspaces/.riftengine/WebkitWasm/third_party/emsdk/emsdk_env.sh"' >> $HOME/.bash_profile
==> building wasm deps  (icu -> webcore-deps -> curl-tier; each idempotent)
=== stage: fetch ===
=== stage: host build (tools for cross-compile) ===
=== stage: wasm build ===
=== done ===
drwxrwxrwx+ 3 vscode vscode    4096 Aug 29 03:05 icu
-rw-r--r--  1 vscode vscode    4042 Aug 29 02:50 libharfbuzz-icu.a
-rwxr-xr-x  1 vscode vscode     626 Aug 29 03:05 libicudata.a
-rwxr-xr-x  1 vscode vscode 4799802 Aug 29 03:05 libicui18n.a
-rwxr-xr-x  1 vscode vscode   53192 Aug 29 03:05 libicuio.a
-rwxr-xr-x  1 vscode vscode 2686602 Aug 29 03:05 libicuuc.a
ICU release-77-1 installed to /workspaces/.riftengine/WebkitWasm/third_party/wasm-sysroot
=== zlib ===
=== libpng ===
=== libjpeg-turbo ===
=== libwebp ===
=== brotli prebuild for freetype WOFF2 ===
=== freetype (no harfbuzz first pass) ===
=== harfbuzz ===
=== libxml2 ===
=== sqlite3 ===
=== DONE — sysroot contents ===
cmake
icu
libbrotlicommon.a
libbrotlidec.a
libbrotlienc.a
libcrypto.a
libcurl.a
libcurl.la
libfreetype.a
libharfbuzz.a
libharfbuzz-icu.a
libharfbuzz-subset.a
libicudata.a
libicui18n.a
libicuio.a
libicuuc.a
libjpeg.a
libnghttp2.a
libpng
libpng16.a
libpng.a
libpsl.a
libpsl.la
libsharpyuv.a
libsqlite3.a
libssl.a
libwebp.a
libwebpdecoder.a
libwebpdemux.a
libwebpmux.a
libxml2.a
libz.a
pkgconfig
=== OpenSSL ===
=== nghttp2 ===
=== brotli ===
=== libpsl ===
=== curl ===
=== zlib.pc shim ===
=== fontconfig ===
  % Total    % Received % Xferd  Average Speed   Time    Time     Time  Current
                                 Dload  Upload   Total   Spent    Left  Speed
  0     0    0     0    0     0      0      0 --:--:-- --:--:-- --:--:--     0  0     0    0     0    0     0      0      0 --:--:-- --:--:-- --:--:--     0
curl: (22) The requested URL returned error: 418

FAILED: RiftEngine build exited with code 22

=== Recent dependency/build logs ===

===== third_party/build-deps/curl-build.log =====
make[1]: Leaving directory '/workspaces/.riftengine/WebkitWasm/third_party/build-deps/curl/src'
Making install in scripts
make[1]: Entering directory '/workspaces/.riftengine/WebkitWasm/third_party/build-deps/curl/scripts'
make[2]: Entering directory '/workspaces/.riftengine/WebkitWasm/third_party/build-deps/curl/scripts'
make[2]: Nothing to be done for 'install-data-am'.
 /usr/bin/mkdir -p '/workspaces/.riftengine/WebkitWasm/third_party/wasm-sysroot/bin'
 /usr/bin/install -c wcurl '/workspaces/.riftengine/WebkitWasm/third_party/wasm-sysroot/bin'
make[2]: Leaving directory '/workspaces/.riftengine/WebkitWasm/third_party/build-deps/curl/scripts'
make[1]: Leaving directory '/workspaces/.riftengine/WebkitWasm/third_party/build-deps/curl/scripts'
make[1]: Entering directory '/workspaces/.riftengine/WebkitWasm/third_party/build-deps/curl'
make[2]: Entering directory '/workspaces/.riftengine/WebkitWasm/third_party/build-deps/curl'
 /usr/bin/mkdir -p '/workspaces/.riftengine/WebkitWasm/third_party/wasm-sysroot/bin'
 /usr/bin/mkdir -p '/workspaces/.riftengine/WebkitWasm/third_party/wasm-sysroot/lib/pkgconfig'
 /usr/bin/install -c curl-config '/workspaces/.riftengine/WebkitWasm/third_party/wasm-sysroot/bin'
 /usr/bin/install -c -m 644 libcurl.pc '/workspaces/.riftengine/WebkitWasm/third_party/wasm-sysroot/lib/pkgconfig'
make  install-data-hook
make[3]: Entering directory '/workspaces/.riftengine/WebkitWasm/third_party/build-deps/curl'
(cd include && make install)
make[4]: Entering directory '/workspaces/.riftengine/WebkitWasm/third_party/build-deps/curl/include'
Making install in curl
make[5]: Entering directory '/workspaces/.riftengine/WebkitWasm/third_party/build-deps/curl/include/curl'
make[6]: Entering directory '/workspaces/.riftengine/WebkitWasm/third_party/build-deps/curl/include/curl'
make[6]: Nothing to be done for 'install-exec-am'.
 /usr/bin/mkdir -p '/workspaces/.riftengine/WebkitWasm/third_party/wasm-sysroot/include/curl'
 /usr/bin/install -c -m 644 curl.h curlver.h easy.h mprintf.h stdcheaders.h multi.h typecheck-gcc.h system.h urlapi.h options.h header.h websockets.h '/workspaces/.riftengine/WebkitWasm/third_party/wasm-sysroot/include/curl'
make[6]: Leaving directory '/workspaces/.riftengine/WebkitWasm/third_party/build-deps/curl/include/curl'
make[5]: Leaving directory '/workspaces/.riftengine/WebkitWasm/third_party/build-deps/curl/include/curl'
make[5]: Entering directory '/workspaces/.riftengine/WebkitWasm/third_party/build-deps/curl/include'
make[6]: Entering directory '/workspaces/.riftengine/WebkitWasm/third_party/build-deps/curl/include'
make[6]: Nothing to be done for 'install-exec-am'.
make[6]: Nothing to be done for 'install-data-am'.
make[6]: Leaving directory '/workspaces/.riftengine/WebkitWasm/third_party/build-deps/curl/include'
make[5]: Leaving directory '/workspaces/.riftengine/WebkitWasm/third_party/build-deps/curl/include'
make[4]: Leaving directory '/workspaces/.riftengine/WebkitWasm/third_party/build-deps/curl/include'
(cd docs && make install)
make[4]: Entering directory '/workspaces/.riftengine/WebkitWasm/third_party/build-deps/curl/docs'
Making install in .
make[5]: Entering directory '/workspaces/.riftengine/WebkitWasm/third_party/build-deps/curl/docs'
make[6]: Entering directory '/workspaces/.riftengine/WebkitWasm/third_party/build-deps/curl/docs'
make[6]: Nothing to be done for 'install-exec-am'.
 /usr/bin/mkdir -p '/workspaces/.riftengine/WebkitWasm/third_party/wasm-sysroot/share/man/man1'
 /usr/bin/install -c -m 644 curl-config.1 wcurl.1 '/workspaces/.riftengine/WebkitWasm/third_party/wasm-sysroot/share/man/man1'
make[6]: Leaving directory '/workspaces/.riftengine/WebkitWasm/third_party/build-deps/curl/docs'
make[5]: Leaving directory '/workspaces/.riftengine/WebkitWasm/third_party/build-deps/curl/docs'
Making install in cmdline-opts
make[5]: Entering directory '/workspaces/.riftengine/WebkitWasm/third_party/build-deps/curl/docs/cmdline-opts'
make[6]: Entering directory '/workspaces/.riftengine/WebkitWasm/third_party/build-deps/curl/docs/cmdline-opts'
make[6]: Nothing to be done for 'install-exec-am'.
 /usr/bin/mkdir -p '/workspaces/.riftengine/WebkitWasm/third_party/wasm-sysroot/share/man/man1'
 /usr/bin/install -c -m 644 curl.1 '/workspaces/.riftengine/WebkitWasm/third_party/wasm-sysroot/share/man/man1'
make[6]: Leaving directory '/workspaces/.riftengine/WebkitWasm/third_party/build-deps/curl/docs/cmdline-opts'
make[5]: Leaving directory '/workspaces/.riftengine/WebkitWasm/third_party/build-deps/curl/docs/cmdline-opts'
Making install in libcurl
make[5]: Entering directory '/workspaces/.riftengine/WebkitWasm/third_party/build-deps/curl/docs/libcurl'
Making install in opts
make[6]: Entering directory '/workspaces/.riftengine/WebkitWasm/third_party/build-deps/curl/docs/libcurl/opts'
make[7]: Entering directory '/workspaces/.riftengine/WebkitWasm/third_party/build-deps/curl/docs/libcurl/opts'
make[7]: Nothing to be done for 'install-exec-am'.
 /usr/bin/mkdir -p '/workspaces/.riftengine/WebkitWasm/third_party/wasm-sysroot/share/man/man3'
 /usr/bin/install -c -m 644 CURLINFO_ACTIVESOCKET.3 CURLINFO_APPCONNECT_TIME.3 CURLINFO_APPCONNECT_TIME_T.3 CURLINFO_CAINFO.3 CURLINFO_CAPATH.3 CURLINFO_CERTINFO.3 CURLINFO_CONDITION_UNMET.3 CURLINFO_CONNECT_TIME.3 CURLINFO_CONN_ID.3 CURLINFO_CONNECT_TIME_T.3 CURLINFO_CONTENT_LENGTH_DOWNLOAD.3 CURLINFO_CONTENT_LENGTH_DOWNLOAD_T.3 CURLINFO_CONTENT_LENGTH_UPLOAD.3 CURLINFO_CONTENT_LENGTH_UPLOAD_T.3 CURLINFO_CONTENT_TYPE.3 CURLINFO_COOKIELIST.3 CURLINFO_EARLYDATA_SENT_T.3 CURLINFO_EFFECTIVE_METHOD.3 CURLINFO_EFFECTIVE_URL.3 CURLINFO_FILETIME.3 CURLINFO_FILETIME_T.3 CURLINFO_FTP_ENTRY_PATH.3 CURLINFO_HEADER_SIZE.3 CURLINFO_HTTP_CONNECTCODE.3 CURLINFO_HTTP_VERSION.3 CURLINFO_HTTPAUTH_AVAIL.3 CURLINFO_HTTPAUTH_USED.3 CURLINFO_LASTSOCKET.3 CURLINFO_LOCAL_IP.3 CURLINFO_LOCAL_PORT.3 CURLINFO_NAMELOOKUP_TIME.3 CURLINFO_NAMELOOKUP_TIME_T.3 CURLINFO_NUM_CONNECTS.3 CURLINFO_OS_ERRNO.3 CURLINFO_PRETRANSFER_TIME.3 CURLINFO_PRETRANSFER_TIME_T.3 CURLINFO_POSTTRANSFER_TIME_T.3 CURLINFO_PRIMARY_IP.3 CURLINFO_PRIMARY_PORT.3 CURLINFO_PRIVATE.3 '/workspaces/.riftengine/WebkitWasm/third_party/wasm-sysroot/share/man/man3'
 /usr/bin/install -c -m 644 CURLINFO_PROTOCOL.3 CURLINFO_PROXY_ERROR.3 CURLINFO_PROXY_SSL_VERIFYRESULT.3 CURLINFO_PROXYAUTH_AVAIL.3 CURLINFO_PROXYAUTH_USED.3 CURLINFO_QUEUE_TIME_T.3 CURLINFO_REDIRECT_COUNT.3 CURLINFO_REDIRECT_TIME.3 CURLINFO_REDIRECT_TIME_T.3 CURLINFO_REDIRECT_URL.3 CURLINFO_REFERER.3 CURLINFO_REQUEST_SIZE.3 CURLINFO_RESPONSE_CODE.3 CURLINFO_RETRY_AFTER.3 CURLINFO_RTSP_CLIENT_CSEQ.3 CURLINFO_RTSP_CSEQ_RECV.3 CURLINFO_RTSP_SERVER_CSEQ.3 CURLINFO_RTSP_SESSION_ID.3 CURLINFO_SCHEME.3 CURLINFO_SIZE_DOWNLOAD.3 CURLINFO_SIZE_DOWNLOAD_T.3 CURLINFO_SIZE_UPLOAD.3 CURLINFO_SIZE_UPLOAD_T.3 CURLINFO_SPEED_DOWNLOAD.3 CURLINFO_SPEED_DOWNLOAD_T.3 CURLINFO_SPEED_UPLOAD.3 CURLINFO_SPEED_UPLOAD_T.3 CURLINFO_SSL_ENGINES.3 CURLINFO_SSL_VERIFYRESULT.3 CURLINFO_STARTTRANSFER_TIME.3 CURLINFO_STARTTRANSFER_TIME_T.3 CURLINFO_TLS_SESSION.3 CURLINFO_TLS_SSL_PTR.3 CURLINFO_TOTAL_TIME.3 CURLINFO_TOTAL_TIME_T.3 CURLINFO_USED_PROXY.3 CURLINFO_XFER_ID.3 CURLMINFO_XFERS_ADDED.3 CURLMINFO_XFERS_CURRENT.3 CURLMINFO_XFERS_DONE.3 '/workspaces/.riftengine/WebkitWasm/third_party/wasm-sysroot/share/man/man3'
 /usr/bin/install -c -m 644 CURLMINFO_XFERS_PENDING.3 CURLMINFO_XFERS_RUNNING.3 CURLMOPT_CHUNK_LENGTH_PENALTY_SIZE.3 CURLMOPT_CONTENT_LENGTH_PENALTY_SIZE.3 CURLMOPT_MAX_CONCURRENT_STREAMS.3 CURLMOPT_MAX_HOST_CONNECTIONS.3 CURLMOPT_MAX_PIPELINE_LENGTH.3 CURLMOPT_MAX_TOTAL_CONNECTIONS.3 CURLMOPT_MAXCONNECTS.3 CURLMOPT_NETWORK_CHANGED.3 CURLMOPT_NOTIFYDATA.3 CURLMOPT_NOTIFYFUNCTION.3 CURLMOPT_PIPELINING.3 CURLMOPT_PIPELINING_SERVER_BL.3 CURLMOPT_PIPELINING_SITE_BL.3 CURLMOPT_PUSHDATA.3 CURLMOPT_PUSHFUNCTION.3 CURLMOPT_SOCKETDATA.3 CURLMOPT_SOCKETFUNCTION.3 CURLMOPT_TIMERDATA.3 CURLMOPT_TIMERFUNCTION.3 CURLOPT_ABSTRACT_UNIX_SOCKET.3 CURLOPT_ACCEPT_ENCODING.3 CURLOPT_ACCEPTTIMEOUT_MS.3 CURLOPT_ADDRESS_SCOPE.3 CURLOPT_ALTSVC.3 CURLOPT_ALTSVC_CTRL.3 CURLOPT_APPEND.3 CURLOPT_AUTOREFERER.3 CURLOPT_AWS_SIGV4.3 CURLOPT_BUFFERSIZE.3 CURLOPT_CAINFO.3 CURLOPT_CAINFO_BLOB.3 CURLOPT_CAPATH.3 CURLOPT_CA_CACHE_TIMEOUT.3 CURLOPT_CERTINFO.3 CURLOPT_CHUNK_BGN_FUNCTION.3 CURLOPT_CHUNK_DATA.3 CURLOPT_CHUNK_END_FUNCTION.3 CURLOPT_CLOSESOCKETDATA.3 '/workspaces/.riftengine/WebkitWasm/third_party/wasm-sysroot/share/man/man3'
 /usr/bin/install -c -m 644 CURLOPT_CLOSESOCKETFUNCTION.3 CURLOPT_CONNECT_ONLY.3 CURLOPT_CONNECT_TO.3 CURLOPT_CONNECTTIMEOUT.3 CURLOPT_CONNECTTIMEOUT_MS.3 CURLOPT_CONV_FROM_NETWORK_FUNCTION.3 CURLOPT_CONV_FROM_UTF8_FUNCTION.3 CURLOPT_CONV_TO_NETWORK_FUNCTION.3 CURLOPT_COOKIE.3 CURLOPT_COOKIEFILE.3 CURLOPT_COOKIEJAR.3 CURLOPT_COOKIELIST.3 CURLOPT_COOKIESESSION.3 CURLOPT_COPYPOSTFIELDS.3 CURLOPT_CRLF.3 CURLOPT_CRLFILE.3 CURLOPT_CURLU.3 CURLOPT_CUSTOMREQUEST.3 CURLOPT_DEBUGDATA.3 CURLOPT_DEBUGFUNCTION.3 CURLOPT_DEFAULT_PROTOCOL.3 CURLOPT_DIRLISTONLY.3 CURLOPT_DISALLOW_USERNAME_IN_URL.3 CURLOPT_DNS_CACHE_TIMEOUT.3 CURLOPT_DNS_INTERFACE.3 CURLOPT_DNS_LOCAL_IP4.3 CURLOPT_DNS_LOCAL_IP6.3 CURLOPT_DNS_SERVERS.3 CURLOPT_DNS_SHUFFLE_ADDRESSES.3 CURLOPT_DNS_USE_GLOBAL_CACHE.3 CURLOPT_DOH_SSL_VERIFYHOST.3 CURLOPT_DOH_SSL_VERIFYPEER.3 CURLOPT_DOH_SSL_VERIFYSTATUS.3 CURLOPT_DOH_URL.3 CURLOPT_ECH.3 CURLOPT_EGDSOCKET.3 CURLOPT_ERRORBUFFER.3 CURLOPT_EXPECT_100_TIMEOUT_MS.3 CURLOPT_FAILONERROR.3 CURLOPT_FILETIME.3 '/workspaces/.riftengine/WebkitWasm/third_party/wasm-sysroot/share/man/man3'
 /usr/bin/install -c -m 644 CURLOPT_FNMATCH_DATA.3 CURLOPT_FNMATCH_FUNCTION.3 CURLOPT_FOLLOWLOCATION.3 CURLOPT_FORBID_REUSE.3 CURLOPT_FRESH_CONNECT.3 CURLOPT_FTP_ACCOUNT.3 CURLOPT_FTP_ALTERNATIVE_TO_USER.3 CURLOPT_FTP_CREATE_MISSING_DIRS.3 CURLOPT_FTP_FILEMETHOD.3 CURLOPT_FTP_SKIP_PASV_IP.3 CURLOPT_FTP_SSL_CCC.3 CURLOPT_FTP_USE_EPRT.3 CURLOPT_FTP_USE_EPSV.3 CURLOPT_FTP_USE_PRET.3 CURLOPT_FTPPORT.3 CURLOPT_FTPSSLAUTH.3 CURLOPT_GSSAPI_DELEGATION.3 CURLOPT_HAPPY_EYEBALLS_TIMEOUT_MS.3 CURLOPT_HAPROXYPROTOCOL.3 CURLOPT_HAPROXY_CLIENT_IP.3 CURLOPT_HEADER.3 CURLOPT_HEADERDATA.3 CURLOPT_HEADERFUNCTION.3 CURLOPT_HEADEROPT.3 CURLOPT_HSTS.3 CURLOPT_HSTS_CTRL.3 CURLOPT_HSTSREADDATA.3 CURLOPT_HSTSREADFUNCTION.3 CURLOPT_HSTSWRITEDATA.3 CURLOPT_HSTSWRITEFUNCTION.3 CURLOPT_HTTP09_ALLOWED.3 CURLOPT_HTTP200ALIASES.3 CURLOPT_HTTP_CONTENT_DECODING.3 CURLOPT_HTTP_TRANSFER_DECODING.3 CURLOPT_HTTP_VERSION.3 CURLOPT_HTTPAUTH.3 CURLOPT_HTTPGET.3 CURLOPT_HTTPHEADER.3 CURLOPT_HTTPPOST.3 CURLOPT_HTTPPROXYTUNNEL.3 '/workspaces/.riftengine/WebkitWasm/third_party/wasm-sysroot/share/man/man3'
 /usr/bin/install -c -m 644 CURLOPT_IGNORE_CONTENT_LENGTH.3 CURLOPT_INFILESIZE.3 CURLOPT_INFILESIZE_LARGE.3 CURLOPT_INTERFACE.3 CURLOPT_INTERLEAVEDATA.3 CURLOPT_INTERLEAVEFUNCTION.3 CURLOPT_IOCTLDATA.3 CURLOPT_IOCTLFUNCTION.3 CURLOPT_IPRESOLVE.3 CURLOPT_ISSUERCERT.3 CURLOPT_ISSUERCERT_BLOB.3 CURLOPT_KEEP_SENDING_ON_ERROR.3 CURLOPT_KEYPASSWD.3 CURLOPT_KRBLEVEL.3 CURLOPT_LOCALPORT.3 CURLOPT_LOCALPORTRANGE.3 CURLOPT_LOGIN_OPTIONS.3 CURLOPT_LOW_SPEED_LIMIT.3 CURLOPT_LOW_SPEED_TIME.3 CURLOPT_MAIL_AUTH.3 CURLOPT_MAIL_FROM.3 CURLOPT_MAIL_RCPT.3 CURLOPT_MAIL_RCPT_ALLOWFAILS.3 CURLOPT_MAX_RECV_SPEED_LARGE.3 CURLOPT_MAX_SEND_SPEED_LARGE.3 CURLOPT_MAXAGE_CONN.3 CURLOPT_MAXCONNECTS.3 CURLOPT_MAXFILESIZE.3 CURLOPT_MAXFILESIZE_LARGE.3 CURLOPT_MAXLIFETIME_CONN.3 CURLOPT_MAXREDIRS.3 CURLOPT_MIME_OPTIONS.3 CURLOPT_MIMEPOST.3 CURLOPT_NETRC.3 CURLOPT_NETRC_FILE.3 CURLOPT_NEW_DIRECTORY_PERMS.3 CURLOPT_NEW_FILE_PERMS.3 CURLOPT_NOBODY.3 CURLOPT_NOPROGRESS.3 CURLOPT_NOPROXY.3 '/workspaces/.riftengine/WebkitWasm/third_party/wasm-sysroot/share/man/man3'
 /usr/bin/install -c -m 644 CURLOPT_NOSIGNAL.3 CURLOPT_OPENSOCKETDATA.3 CURLOPT_OPENSOCKETFUNCTION.3 CURLOPT_PASSWORD.3 CURLOPT_PATH_AS_IS.3 CURLOPT_PINNEDPUBLICKEY.3 CURLOPT_PIPEWAIT.3 CURLOPT_PORT.3 CURLOPT_POST.3 CURLOPT_POSTFIELDS.3 CURLOPT_POSTFIELDSIZE.3 CURLOPT_POSTFIELDSIZE_LARGE.3 CURLOPT_POSTQUOTE.3 CURLOPT_POSTREDIR.3 CURLOPT_PRE_PROXY.3 CURLOPT_PREQUOTE.3 CURLOPT_PREREQDATA.3 CURLOPT_PREREQFUNCTION.3 CURLOPT_PRIVATE.3 CURLOPT_PROGRESSDATA.3 CURLOPT_PROGRESSFUNCTION.3 CURLOPT_PROTOCOLS.3 CURLOPT_PROTOCOLS_STR.3 CURLOPT_PROXY.3 CURLOPT_PROXY_CAINFO.3 CURLOPT_PROXY_CAINFO_BLOB.3 CURLOPT_PROXY_CAPATH.3 CURLOPT_PROXY_CRLFILE.3 CURLOPT_PROXY_ISSUERCERT.3 CURLOPT_PROXY_ISSUERCERT_BLOB.3 CURLOPT_PROXY_KEYPASSWD.3 CURLOPT_PROXY_PINNEDPUBLICKEY.3 CURLOPT_PROXY_SERVICE_NAME.3 CURLOPT_PROXY_SSL_CIPHER_LIST.3 CURLOPT_PROXY_SSL_OPTIONS.3 CURLOPT_PROXY_SSL_VERIFYHOST.3 CURLOPT_PROXY_SSL_VERIFYPEER.3 CURLOPT_PROXY_SSLCERT.3 CURLOPT_PROXY_SSLCERT_BLOB.3 CURLOPT_PROXY_SSLCERTTYPE.3 '/workspaces/.riftengine/WebkitWasm/third_party/wasm-sysroot/share/man/man3'
 /usr/bin/install -c -m 644 CURLOPT_PROXY_SSLKEY.3 CURLOPT_PROXY_SSLKEY_BLOB.3 CURLOPT_PROXY_SSLKEYTYPE.3 CURLOPT_PROXY_SSLVERSION.3 CURLOPT_PROXY_TLS13_CIPHERS.3 CURLOPT_PROXY_TLSAUTH_PASSWORD.3 CURLOPT_PROXY_TLSAUTH_TYPE.3 CURLOPT_PROXY_TLSAUTH_USERNAME.3 CURLOPT_PROXY_TRANSFER_MODE.3 CURLOPT_PROXYAUTH.3 CURLOPT_PROXYHEADER.3 CURLOPT_PROXYPASSWORD.3 CURLOPT_PROXYPORT.3 CURLOPT_PROXYTYPE.3 CURLOPT_PROXYUSERNAME.3 CURLOPT_PROXYUSERPWD.3 CURLOPT_PUT.3 CURLOPT_QUICK_EXIT.3 CURLOPT_QUOTE.3 CURLOPT_RANDOM_FILE.3 CURLOPT_RANGE.3 CURLOPT_READDATA.3 CURLOPT_READFUNCTION.3 CURLOPT_REDIR_PROTOCOLS.3 CURLOPT_REDIR_PROTOCOLS_STR.3 CURLOPT_REFERER.3 CURLOPT_REQUEST_TARGET.3 CURLOPT_RESOLVE.3 CURLOPT_RESOLVER_START_DATA.3 CURLOPT_RESOLVER_START_FUNCTION.3 CURLOPT_RESUME_FROM.3 CURLOPT_RESUME_FROM_LARGE.3 CURLOPT_RTSP_CLIENT_CSEQ.3 CURLOPT_RTSP_REQUEST.3 CURLOPT_RTSP_SERVER_CSEQ.3 CURLOPT_RTSP_SESSION_ID.3 CURLOPT_RTSP_STREAM_URI.3 CURLOPT_RTSP_TRANSPORT.3 CURLOPT_SASL_AUTHZID.3 CURLOPT_SASL_IR.3 '/workspaces/.riftengine/WebkitWasm/third_party/wasm-sysroot/share/man/man3'
 /usr/bin/install -c -m 644 CURLOPT_SEEKDATA.3 CURLOPT_SEEKFUNCTION.3 CURLOPT_SERVER_RESPONSE_TIMEOUT.3 CURLOPT_SERVER_RESPONSE_TIMEOUT_MS.3 CURLOPT_SERVICE_NAME.3 CURLOPT_SHARE.3 CURLOPT_SOCKOPTDATA.3 CURLOPT_SOCKOPTFUNCTION.3 CURLOPT_SOCKS5_AUTH.3 CURLOPT_SOCKS5_GSSAPI_NEC.3 CURLOPT_SOCKS5_GSSAPI_SERVICE.3 CURLOPT_SSH_AUTH_TYPES.3 CURLOPT_SSH_COMPRESSION.3 CURLOPT_SSH_HOSTKEYDATA.3 CURLOPT_SSH_HOSTKEYFUNCTION.3 CURLOPT_SSH_HOST_PUBLIC_KEY_MD5.3 CURLOPT_SSH_HOST_PUBLIC_KEY_SHA256.3 CURLOPT_SSH_KEYDATA.3 CURLOPT_SSH_KEYFUNCTION.3 CURLOPT_SSH_KNOWNHOSTS.3 CURLOPT_SSH_PRIVATE_KEYFILE.3 CURLOPT_SSH_PUBLIC_KEYFILE.3 CURLOPT_SSL_CIPHER_LIST.3 CURLOPT_SSL_CTX_DATA.3 CURLOPT_SSL_CTX_FUNCTION.3 CURLOPT_SSL_EC_CURVES.3 CURLOPT_SSL_ENABLE_ALPN.3 CURLOPT_SSL_ENABLE_NPN.3 CURLOPT_SSL_FALSESTART.3 CURLOPT_SSL_OPTIONS.3 CURLOPT_SSL_SESSIONID_CACHE.3 CURLOPT_SSL_SIGNATURE_ALGORITHMS.3 CURLOPT_SSL_VERIFYHOST.3 CURLOPT_SSL_VERIFYPEER.3 CURLOPT_SSL_VERIFYSTATUS.3 CURLOPT_SSLCERT.3 CURLOPT_SSLCERT_BLOB.3 CURLOPT_SSLCERTTYPE.3 CURLOPT_SSLENGINE.3 CURLOPT_SSLENGINE_DEFAULT.3 '/workspaces/.riftengine/WebkitWasm/third_party/wasm-sysroot/share/man/man3'
 /usr/bin/install -c -m 644 CURLOPT_SSLKEY.3 CURLOPT_SSLKEY_BLOB.3 CURLOPT_SSLKEYTYPE.3 CURLOPT_SSLVERSION.3 CURLOPT_STDERR.3 CURLOPT_STREAM_DEPENDS.3 CURLOPT_STREAM_DEPENDS_E.3 CURLOPT_STREAM_WEIGHT.3 CURLOPT_SUPPRESS_CONNECT_HEADERS.3 CURLOPT_TCP_FASTOPEN.3 CURLOPT_TCP_KEEPALIVE.3 CURLOPT_TCP_KEEPIDLE.3 CURLOPT_TCP_KEEPINTVL.3 CURLOPT_TCP_KEEPCNT.3 CURLOPT_TCP_NODELAY.3 CURLOPT_TELNETOPTIONS.3 CURLOPT_TFTP_BLKSIZE.3 CURLOPT_TFTP_NO_OPTIONS.3 CURLOPT_TIMECONDITION.3 CURLOPT_TIMEOUT.3 CURLOPT_TIMEOUT_MS.3 CURLOPT_TIMEVALUE.3 CURLOPT_TIMEVALUE_LARGE.3 CURLOPT_TLS13_CIPHERS.3 CURLOPT_TLSAUTH_PASSWORD.3 CURLOPT_TLSAUTH_TYPE.3 CURLOPT_TLSAUTH_USERNAME.3 CURLOPT_TRAILERDATA.3 CURLOPT_TRAILERFUNCTION.3 CURLOPT_TRANSFER_ENCODING.3 CURLOPT_TRANSFERTEXT.3 CURLOPT_UNIX_SOCKET_PATH.3 CURLOPT_UNRESTRICTED_AUTH.3 CURLOPT_UPKEEP_INTERVAL_MS.3 CURLOPT_UPLOAD.3 CURLOPT_UPLOAD_BUFFERSIZE.3 CURLOPT_UPLOAD_FLAGS.3 CURLOPT_URL.3 CURLOPT_USE_SSL.3 CURLOPT_USERAGENT.3 '/workspaces/.riftengine/WebkitWasm/third_party/wasm-sysroot/share/man/man3'
 /usr/bin/install -c -m 644 CURLOPT_USERNAME.3 CURLOPT_USERPWD.3 CURLOPT_VERBOSE.3 CURLOPT_WILDCARDMATCH.3 CURLOPT_WRITEDATA.3 CURLOPT_WRITEFUNCTION.3 CURLOPT_WS_OPTIONS.3 CURLOPT_XFERINFODATA.3 CURLOPT_XFERINFOFUNCTION.3 CURLOPT_XOAUTH2_BEARER.3 CURLSHOPT_LOCKFUNC.3 CURLSHOPT_SHARE.3 CURLSHOPT_UNLOCKFUNC.3 CURLSHOPT_UNSHARE.3 CURLSHOPT_USERDATA.3 '/workspaces/.riftengine/WebkitWasm/third_party/wasm-sysroot/share/man/man3'
make[7]: Leaving directory '/workspaces/.riftengine/WebkitWasm/third_party/build-deps/curl/docs/libcurl/opts'
make[6]: Leaving directory '/workspaces/.riftengine/WebkitWasm/third_party/build-deps/curl/docs/libcurl/opts'
make[6]: Entering directory '/workspaces/.riftengine/WebkitWasm/third_party/build-deps/curl/docs/libcurl'
make[7]: Entering directory '/workspaces/.riftengine/WebkitWasm/third_party/build-deps/curl/docs/libcurl'
make[7]: Nothing to be done for 'install-exec-am'.
 /usr/bin/mkdir -p '/workspaces/.riftengine/WebkitWasm/third_party/wasm-sysroot/share/aclocal'
 /usr/bin/mkdir -p '/workspaces/.riftengine/WebkitWasm/third_party/wasm-sysroot/share/man/man3'
 /usr/bin/install -c -m 644 libcurl.m4 '/workspaces/.riftengine/WebkitWasm/third_party/wasm-sysroot/share/aclocal'
 /usr/bin/install -c -m 644 curl_easy_cleanup.3 curl_easy_duphandle.3 curl_easy_escape.3 curl_easy_getinfo.3 curl_easy_header.3 curl_easy_init.3 curl_easy_nextheader.3 curl_easy_option_by_id.3 curl_easy_option_by_name.3 curl_easy_option_next.3 curl_easy_pause.3 curl_easy_perform.3 curl_easy_recv.3 curl_easy_reset.3 curl_easy_send.3 curl_easy_setopt.3 curl_easy_ssls_export.3 curl_easy_ssls_import.3 curl_easy_strerror.3 curl_easy_unescape.3 curl_easy_upkeep.3 curl_escape.3 curl_formadd.3 curl_formfree.3 curl_formget.3 curl_free.3 curl_getdate.3 curl_getenv.3 curl_global_cleanup.3 curl_global_init.3 curl_global_init_mem.3 curl_global_sslset.3 curl_global_trace.3 curl_mime_addpart.3 curl_mime_data.3 curl_mime_data_cb.3 curl_mime_encoder.3 curl_mime_filedata.3 curl_mime_filename.3 curl_mime_free.3 '/workspaces/.riftengine/WebkitWasm/third_party/wasm-sysroot/share/man/man3'
 /usr/bin/install -c -m 644 curl_mime_headers.3 curl_mime_init.3 curl_mime_name.3 curl_mime_subparts.3 curl_mime_type.3 curl_mprintf.3 curl_multi_add_handle.3 curl_multi_assign.3 curl_multi_cleanup.3 curl_multi_fdset.3 curl_multi_get_handles.3 curl_multi_get_offt.3 curl_multi_info_read.3 curl_multi_init.3 curl_multi_notify_disable.3 curl_multi_notify_enable.3 curl_multi_perform.3 curl_multi_poll.3 curl_multi_remove_handle.3 curl_multi_setopt.3 curl_multi_socket.3 curl_multi_socket_action.3 curl_multi_socket_all.3 curl_multi_strerror.3 curl_multi_timeout.3 curl_multi_wait.3 curl_multi_waitfds.3 curl_multi_wakeup.3 curl_pushheader_byname.3 curl_pushheader_bynum.3 curl_share_cleanup.3 curl_share_init.3 curl_share_setopt.3 curl_share_strerror.3 curl_slist_append.3 curl_slist_free_all.3 curl_strequal.3 curl_strnequal.3 curl_unescape.3 curl_url.3 '/workspaces/.riftengine/WebkitWasm/third_party/wasm-sysroot/share/man/man3'
 /usr/bin/install -c -m 644 curl_url_cleanup.3 curl_url_dup.3 curl_url_get.3 curl_url_set.3 curl_url_strerror.3 curl_version.3 curl_version_info.3 curl_ws_meta.3 curl_ws_recv.3 curl_ws_send.3 curl_ws_start_frame.3 libcurl-easy.3 libcurl-env-dbg.3 libcurl-env.3 libcurl-errors.3 libcurl-multi.3 libcurl-security.3 libcurl-share.3 libcurl-symbols.3 libcurl-thread.3 libcurl-tutorial.3 libcurl-url.3 libcurl-ws.3 libcurl.3 '/workspaces/.riftengine/WebkitWasm/third_party/wasm-sysroot/share/man/man3'
make[7]: Leaving directory '/workspaces/.riftengine/WebkitWasm/third_party/build-deps/curl/docs/libcurl'
make[6]: Leaving directory '/workspaces/.riftengine/WebkitWasm/third_party/build-deps/curl/docs/libcurl'
make[5]: Leaving directory '/workspaces/.riftengine/WebkitWasm/third_party/build-deps/curl/docs/libcurl'
make[4]: Leaving directory '/workspaces/.riftengine/WebkitWasm/third_party/build-deps/curl/docs'
(cd docs/libcurl && make install)
make[4]: Entering directory '/workspaces/.riftengine/WebkitWasm/third_party/build-deps/curl/docs/libcurl'
Making install in opts
make[5]: Entering directory '/workspaces/.riftengine/WebkitWasm/third_party/build-deps/curl/docs/libcurl/opts'
make[6]: Entering directory '/workspaces/.riftengine/WebkitWasm/third_party/build-deps/curl/docs/libcurl/opts'
make[6]: Nothing to be done for 'install-exec-am'.
 /usr/bin/mkdir -p '/workspaces/.riftengine/WebkitWasm/third_party/wasm-sysroot/share/man/man3'
 /usr/bin/install -c -m 644 CURLINFO_ACTIVESOCKET.3 CURLINFO_APPCONNECT_TIME.3 CURLINFO_APPCONNECT_TIME_T.3 CURLINFO_CAINFO.3 CURLINFO_CAPATH.3 CURLINFO_CERTINFO.3 CURLINFO_CONDITION_UNMET.3 CURLINFO_CONNECT_TIME.3 CURLINFO_CONN_ID.3 CURLINFO_CONNECT_TIME_T.3 CURLINFO_CONTENT_LENGTH_DOWNLOAD.3 CURLINFO_CONTENT_LENGTH_DOWNLOAD_T.3 CURLINFO_CONTENT_LENGTH_UPLOAD.3 CURLINFO_CONTENT_LENGTH_UPLOAD_T.3 CURLINFO_CONTENT_TYPE.3 CURLINFO_COOKIELIST.3 CURLINFO_EARLYDATA_SENT_T.3 CURLINFO_EFFECTIVE_METHOD.3 CURLINFO_EFFECTIVE_URL.3 CURLINFO_FILETIME.3 CURLINFO_FILETIME_T.3 CURLINFO_FTP_ENTRY_PATH.3 CURLINFO_HEADER_SIZE.3 CURLINFO_HTTP_CONNECTCODE.3 CURLINFO_HTTP_VERSION.3 CURLINFO_HTTPAUTH_AVAIL.3 CURLINFO_HTTPAUTH_USED.3 CURLINFO_LASTSOCKET.3 CURLINFO_LOCAL_IP.3 CURLINFO_LOCAL_PORT.3 CURLINFO_NAMELOOKUP_TIME.3 CURLINFO_NAMELOOKUP_TIME_T.3 CURLINFO_NUM_CONNECTS.3 CURLINFO_OS_ERRNO.3 CURLINFO_PRETRANSFER_TIME.3 CURLINFO_PRETRANSFER_TIME_T.3 CURLINFO_POSTTRANSFER_TIME_T.3 CURLINFO_PRIMARY_IP.3 CURLINFO_PRIMARY_PORT.3 CURLINFO_PRIVATE.3 '/workspaces/.riftengine/WebkitWasm/third_party/wasm-sysroot/share/man/man3'
 /usr/bin/install -c -m 644 CURLINFO_PROTOCOL.3 CURLINFO_PROXY_ERROR.3 CURLINFO_PROXY_SSL_VERIFYRESULT.3 CURLINFO_PROXYAUTH_AVAIL.3 CURLINFO_PROXYAUTH_USED.3 CURLINFO_QUEUE_TIME_T.3 CURLINFO_REDIRECT_COUNT.3 CURLINFO_REDIRECT_TIME.3 CURLINFO_REDIRECT_TIME_T.3 CURLINFO_REDIRECT_URL.3 CURLINFO_REFERER.3 CURLINFO_REQUEST_SIZE.3 CURLINFO_RESPONSE_CODE.3 CURLINFO_RETRY_AFTER.3 CURLINFO_RTSP_CLIENT_CSEQ.3 CURLINFO_RTSP_CSEQ_RECV.3 CURLINFO_RTSP_SERVER_CSEQ.3 CURLINFO_RTSP_SESSION_ID.3 CURLINFO_SCHEME.3 CURLINFO_SIZE_DOWNLOAD.3 CURLINFO_SIZE_DOWNLOAD_T.3 CURLINFO_SIZE_UPLOAD.3 CURLINFO_SIZE_UPLOAD_T.3 CURLINFO_SPEED_DOWNLOAD.3 CURLINFO_SPEED_DOWNLOAD_T.3 CURLINFO_SPEED_UPLOAD.3 CURLINFO_SPEED_UPLOAD_T.3 CURLINFO_SSL_ENGINES.3 CURLINFO_SSL_VERIFYRESULT.3 CURLINFO_STARTTRANSFER_TIME.3 CURLINFO_STARTTRANSFER_TIME_T.3 CURLINFO_TLS_SESSION.3 CURLINFO_TLS_SSL_PTR.3 CURLINFO_TOTAL_TIME.3 CURLINFO_TOTAL_TIME_T.3 CURLINFO_USED_PROXY.3 CURLINFO_XFER_ID.3 CURLMINFO_XFERS_ADDED.3 CURLMINFO_XFERS_CURRENT.3 CURLMINFO_XFERS_DONE.3 '/workspaces/.riftengine/WebkitWasm/third_party/wasm-sysroot/share/man/man3'
 /usr/bin/install -c -m 644 CURLMINFO_XFERS_PENDING.3 CURLMINFO_XFERS_RUNNING.3 CURLMOPT_CHUNK_LENGTH_PENALTY_SIZE.3 CURLMOPT_CONTENT_LENGTH_PENALTY_SIZE.3 CURLMOPT_MAX_CONCURRENT_STREAMS.3 CURLMOPT_MAX_HOST_CONNECTIONS.3 CURLMOPT_MAX_PIPELINE_LENGTH.3 CURLMOPT_MAX_TOTAL_CONNECTIONS.3 CURLMOPT_MAXCONNECTS.3 CURLMOPT_NETWORK_CHANGED.3 CURLMOPT_NOTIFYDATA.3 CURLMOPT_NOTIFYFUNCTION.3 CURLMOPT_PIPELINING.3 CURLMOPT_PIPELINING_SERVER_BL.3 CURLMOPT_PIPELINING_SITE_BL.3 CURLMOPT_PUSHDATA.3 CURLMOPT_PUSHFUNCTION.3 CURLMOPT_SOCKETDATA.3 CURLMOPT_SOCKETFUNCTION.3 CURLMOPT_TIMERDATA.3 CURLMOPT_TIMERFUNCTION.3 CURLOPT_ABSTRACT_UNIX_SOCKET.3 CURLOPT_ACCEPT_ENCODING.3 CURLOPT_ACCEPTTIMEOUT_MS.3 CURLOPT_ADDRESS_SCOPE.3 CURLOPT_ALTSVC.3 CURLOPT_ALTSVC_CTRL.3 CURLOPT_APPEND.3 CURLOPT_AUTOREFERER.3 CURLOPT_AWS_SIGV4.3 CURLOPT_BUFFERSIZE.3 CURLOPT_CAINFO.3 CURLOPT_CAINFO_BLOB.3 CURLOPT_CAPATH.3 CURLOPT_CA_CACHE_TIMEOUT.3 CURLOPT_CERTINFO.3 CURLOPT_CHUNK_BGN_FUNCTION.3 CURLOPT_CHUNK_DATA.3 CURLOPT_CHUNK_END_FUNCTION.3 CURLOPT_CLOSESOCKETDATA.3 '/workspaces/.riftengine/WebkitWasm/third_party/wasm-sysroot/share/man/man3'
 /usr/bin/install -c -m 644 CURLOPT_CLOSESOCKETFUNCTION.3 CURLOPT_CONNECT_ONLY.3 CURLOPT_CONNECT_TO.3 CURLOPT_CONNECTTIMEOUT.3 CURLOPT_CONNECTTIMEOUT_MS.3 CURLOPT_CONV_FROM_NETWORK_FUNCTION.3 CURLOPT_CONV_FROM_UTF8_FUNCTION.3 CURLOPT_CONV_TO_NETWORK_FUNCTION.3 CURLOPT_COOKIE.3 CURLOPT_COOKIEFILE.3 CURLOPT_COOKIEJAR.3 CURLOPT_COOKIELIST.3 CURLOPT_COOKIESESSION.3 CURLOPT_COPYPOSTFIELDS.3 CURLOPT_CRLF.3 CURLOPT_CRLFILE.3 CURLOPT_CURLU.3 CURLOPT_CUSTOMREQUEST.3 CURLOPT_DEBUGDATA.3 CURLOPT_DEBUGFUNCTION.3 CURLOPT_DEFAULT_PROTOCOL.3 CURLOPT_DIRLISTONLY.3 CURLOPT_DISALLOW_USERNAME_IN_URL.3 CURLOPT_DNS_CACHE_TIMEOUT.3 CURLOPT_DNS_INTERFACE.3 CURLOPT_DNS_LOCAL_IP4.3 CURLOPT_DNS_LOCAL_IP6.3 CURLOPT_DNS_SERVERS.3 CURLOPT_DNS_SHUFFLE_ADDRESSES.3 CURLOPT_DNS_USE_GLOBAL_CACHE.3 CURLOPT_DOH_SSL_VERIFYHOST.3 CURLOPT_DOH_SSL_VERIFYPEER.3 CURLOPT_DOH_SSL_VERIFYSTATUS.3 CURLOPT_DOH_URL.3 CURLOPT_ECH.3 CURLOPT_EGDSOCKET.3 CURLOPT_ERRORBUFFER.3 CURLOPT_EXPECT_100_TIMEOUT_MS.3 CURLOPT_FAILONERROR.3 CURLOPT_FILETIME.3 '/workspaces/.riftengine/WebkitWasm/third_party/wasm-sysroot/share/man/man3'
 /usr/bin/install -c -m 644 CURLOPT_FNMATCH_DATA.3 CURLOPT_FNMATCH_FUNCTION.3 CURLOPT_FOLLOWLOCATION.3 CURLOPT_FORBID_REUSE.3 CURLOPT_FRESH_CONNECT.3 CURLOPT_FTP_ACCOUNT.3 CURLOPT_FTP_ALTERNATIVE_TO_USER.3 CURLOPT_FTP_CREATE_MISSING_DIRS.3 CURLOPT_FTP_FILEMETHOD.3 CURLOPT_FTP_SKIP_PASV_IP.3 CURLOPT_FTP_SSL_CCC.3 CURLOPT_FTP_USE_EPRT.3 CURLOPT_FTP_USE_EPSV.3 CURLOPT_FTP_USE_PRET.3 CURLOPT_FTPPORT.3 CURLOPT_FTPSSLAUTH.3 CURLOPT_GSSAPI_DELEGATION.3 CURLOPT_HAPPY_EYEBALLS_TIMEOUT_MS.3 CURLOPT_HAPROXYPROTOCOL.3 CURLOPT_HAPROXY_CLIENT_IP.3 CURLOPT_HEADER.3 CURLOPT_HEADERDATA.3 CURLOPT_HEADERFUNCTION.3 CURLOPT_HEADEROPT.3 CURLOPT_HSTS.3 CURLOPT_HSTS_CTRL.3 CURLOPT_HSTSREADDATA.3 CURLOPT_HSTSREADFUNCTION.3 CURLOPT_HSTSWRITEDATA.3 CURLOPT_HSTSWRITEFUNCTION.3 CURLOPT_HTTP09_ALLOWED.3 CURLOPT_HTTP200ALIASES.3 CURLOPT_HTTP_CONTENT_DECODING.3 CURLOPT_HTTP_TRANSFER_DECODING.3 CURLOPT_HTTP_VERSION.3 CURLOPT_HTTPAUTH.3 CURLOPT_HTTPGET.3 CURLOPT_HTTPHEADER.3 CURLOPT_HTTPPOST.3 CURLOPT_HTTPPROXYTUNNEL.3 '/workspaces/.riftengine/WebkitWasm/third_party/wasm-sysroot/share/man/man3'
 /usr/bin/install -c -m 644 CURLOPT_IGNORE_CONTENT_LENGTH.3 CURLOPT_INFILESIZE.3 CURLOPT_INFILESIZE_LARGE.3 CURLOPT_INTERFACE.3 CURLOPT_INTERLEAVEDATA.3 CURLOPT_INTERLEAVEFUNCTION.3 CURLOPT_IOCTLDATA.3 CURLOPT_IOCTLFUNCTION.3 CURLOPT_IPRESOLVE.3 CURLOPT_ISSUERCERT.3 CURLOPT_ISSUERCERT_BLOB.3 CURLOPT_KEEP_SENDING_ON_ERROR.3 CURLOPT_KEYPASSWD.3 CURLOPT_KRBLEVEL.3 CURLOPT_LOCALPORT.3 CURLOPT_LOCALPORTRANGE.3 CURLOPT_LOGIN_OPTIONS.3 CURLOPT_LOW_SPEED_LIMIT.3 CURLOPT_LOW_SPEED_TIME.3 CURLOPT_MAIL_AUTH.3 CURLOPT_MAIL_FROM.3 CURLOPT_MAIL_RCPT.3 CURLOPT_MAIL_RCPT_ALLOWFAILS.3 CURLOPT_MAX_RECV_SPEED_LARGE.3 CURLOPT_MAX_SEND_SPEED_LARGE.3 CURLOPT_MAXAGE_CONN.3 CURLOPT_MAXCONNECTS.3 CURLOPT_MAXFILESIZE.3 CURLOPT_MAXFILESIZE_LARGE.3 CURLOPT_MAXLIFETIME_CONN.3 CURLOPT_MAXREDIRS.3 CURLOPT_MIME_OPTIONS.3 CURLOPT_MIMEPOST.3 CURLOPT_NETRC.3 CURLOPT_NETRC_FILE.3 CURLOPT_NEW_DIRECTORY_PERMS.3 CURLOPT_NEW_FILE_PERMS.3 CURLOPT_NOBODY.3 CURLOPT_NOPROGRESS.3 CURLOPT_NOPROXY.3 '/workspaces/.riftengine/WebkitWasm/third_party/wasm-sysroot/share/man/man3'
 /usr/bin/install -c -m 644 CURLOPT_NOSIGNAL.3 CURLOPT_OPENSOCKETDATA.3 CURLOPT_OPENSOCKETFUNCTION.3 CURLOPT_PASSWORD.3 CURLOPT_PATH_AS_IS.3 CURLOPT_PINNEDPUBLICKEY.3 CURLOPT_PIPEWAIT.3 CURLOPT_PORT.3 CURLOPT_POST.3 CURLOPT_POSTFIELDS.3 CURLOPT_POSTFIELDSIZE.3 CURLOPT_POSTFIELDSIZE_LARGE.3 CURLOPT_POSTQUOTE.3 CURLOPT_POSTREDIR.3 CURLOPT_PRE_PROXY.3 CURLOPT_PREQUOTE.3 CURLOPT_PREREQDATA.3 CURLOPT_PREREQFUNCTION.3 CURLOPT_PRIVATE.3 CURLOPT_PROGRESSDATA.3 CURLOPT_PROGRESSFUNCTION.3 CURLOPT_PROTOCOLS.3 CURLOPT_PROTOCOLS_STR.3 CURLOPT_PROXY.3 CURLOPT_PROXY_CAINFO.3 CURLOPT_PROXY_CAINFO_BLOB.3 CURLOPT_PROXY_CAPATH.3 CURLOPT_PROXY_CRLFILE.3 CURLOPT_PROXY_ISSUERCERT.3 CURLOPT_PROXY_ISSUERCERT_BLOB.3 CURLOPT_PROXY_KEYPASSWD.3 CURLOPT_PROXY_PINNEDPUBLICKEY.3 CURLOPT_PROXY_SERVICE_NAME.3 CURLOPT_PROXY_SSL_CIPHER_LIST.3 CURLOPT_PROXY_SSL_OPTIONS.3 CURLOPT_PROXY_SSL_VERIFYHOST.3 CURLOPT_PROXY_SSL_VERIFYPEER.3 CURLOPT_PROXY_SSLCERT.3 CURLOPT_PROXY_SSLCERT_BLOB.3 CURLOPT_PROXY_SSLCERTTYPE.3 '/workspaces/.riftengine/WebkitWasm/third_party/wasm-sysroot/share/man/man3'
 /usr/bin/install -c -m 644 CURLOPT_PROXY_SSLKEY.3 CURLOPT_PROXY_SSLKEY_BLOB.3 CURLOPT_PROXY_SSLKEYTYPE.3 CURLOPT_PROXY_SSLVERSION.3 CURLOPT_PROXY_TLS13_CIPHERS.3 CURLOPT_PROXY_TLSAUTH_PASSWORD.3 CURLOPT_PROXY_TLSAUTH_TYPE.3 CURLOPT_PROXY_TLSAUTH_USERNAME.3 CURLOPT_PROXY_TRANSFER_MODE.3 CURLOPT_PROXYAUTH.3 CURLOPT_PROXYHEADER.3 CURLOPT_PROXYPASSWORD.3 CURLOPT_PROXYPORT.3 CURLOPT_PROXYTYPE.3 CURLOPT_PROXYUSERNAME.3 CURLOPT_PROXYUSERPWD.3 CURLOPT_PUT.3 CURLOPT_QUICK_EXIT.3 CURLOPT_QUOTE.3 CURLOPT_RANDOM_FILE.3 CURLOPT_RANGE.3 CURLOPT_READDATA.3 CURLOPT_READFUNCTION.3 CURLOPT_REDIR_PROTOCOLS.3 CURLOPT_REDIR_PROTOCOLS_STR.3 CURLOPT_REFERER.3 CURLOPT_REQUEST_TARGET.3 CURLOPT_RESOLVE.3 CURLOPT_RESOLVER_START_DATA.3 CURLOPT_RESOLVER_START_FUNCTION.3 CURLOPT_RESUME_FROM.3 CURLOPT_RESUME_FROM_LARGE.3 CURLOPT_RTSP_CLIENT_CSEQ.3 CURLOPT_RTSP_REQUEST.3 CURLOPT_RTSP_SERVER_CSEQ.3 CURLOPT_RTSP_SESSION_ID.3 CURLOPT_RTSP_STREAM_URI.3 CURLOPT_RTSP_TRANSPORT.3 CURLOPT_SASL_AUTHZID.3 CURLOPT_SASL_IR.3 '/workspaces/.riftengine/WebkitWasm/third_party/wasm-sysroot/share/man/man3'
 /usr/bin/install -c -m 644 CURLOPT_SEEKDATA.3 CURLOPT_SEEKFUNCTION.3 CURLOPT_SERVER_RESPONSE_TIMEOUT.3 CURLOPT_SERVER_RESPONSE_TIMEOUT_MS.3 CURLOPT_SERVICE_NAME.3 CURLOPT_SHARE.3 CURLOPT_SOCKOPTDATA.3 CURLOPT_SOCKOPTFUNCTION.3 CURLOPT_SOCKS5_AUTH.3 CURLOPT_SOCKS5_GSSAPI_NEC.3 CURLOPT_SOCKS5_GSSAPI_SERVICE.3 CURLOPT_SSH_AUTH_TYPES.3 CURLOPT_SSH_COMPRESSION.3 CURLOPT_SSH_HOSTKEYDATA.3 CURLOPT_SSH_HOSTKEYFUNCTION.3 CURLOPT_SSH_HOST_PUBLIC_KEY_MD5.3 CURLOPT_SSH_HOST_PUBLIC_KEY_SHA256.3 CURLOPT_SSH_KEYDATA.3 CURLOPT_SSH_KEYFUNCTION.3 CURLOPT_SSH_KNOWNHOSTS.3 CURLOPT_SSH_PRIVATE_KEYFILE.3 CURLOPT_SSH_PUBLIC_KEYFILE.3 CURLOPT_SSL_CIPHER_LIST.3 CURLOPT_SSL_CTX_DATA.3 CURLOPT_SSL_CTX_FUNCTION.3 CURLOPT_SSL_EC_CURVES.3 CURLOPT_SSL_ENABLE_ALPN.3 CURLOPT_SSL_ENABLE_NPN.3 CURLOPT_SSL_FALSESTART.3 CURLOPT_SSL_OPTIONS.3 CURLOPT_SSL_SESSIONID_CACHE.3 CURLOPT_SSL_SIGNATURE_ALGORITHMS.3 CURLOPT_SSL_VERIFYHOST.3 CURLOPT_SSL_VERIFYPEER.3 CURLOPT_SSL_VERIFYSTATUS.3 CURLOPT_SSLCERT.3 CURLOPT_SSLCERT_BLOB.3 CURLOPT_SSLCERTTYPE.3 CURLOPT_SSLENGINE.3 CURLOPT_SSLENGINE_DEFAULT.3 '/workspaces/.riftengine/WebkitWasm/third_party/wasm-sysroot/share/man/man3'
 /usr/bin/install -c -m 644 CURLOPT_SSLKEY.3 CURLOPT_SSLKEY_BLOB.3 CURLOPT_SSLKEYTYPE.3 CURLOPT_SSLVERSION.3 CURLOPT_STDERR.3 CURLOPT_STREAM_DEPENDS.3 CURLOPT_STREAM_DEPENDS_E.3 CURLOPT_STREAM_WEIGHT.3 CURLOPT_SUPPRESS_CONNECT_HEADERS.3 CURLOPT_TCP_FASTOPEN.3 CURLOPT_TCP_KEEPALIVE.3 CURLOPT_TCP_KEEPIDLE.3 CURLOPT_TCP_KEEPINTVL.3 CURLOPT_TCP_KEEPCNT.3 CURLOPT_TCP_NODELAY.3 CURLOPT_TELNETOPTIONS.3 CURLOPT_TFTP_BLKSIZE.3 CURLOPT_TFTP_NO_OPTIONS.3 CURLOPT_TIMECONDITION.3 CURLOPT_TIMEOUT.3 CURLOPT_TIMEOUT_MS.3 CURLOPT_TIMEVALUE.3 CURLOPT_TIMEVALUE_LARGE.3 CURLOPT_TLS13_CIPHERS.3 CURLOPT_TLSAUTH_PASSWORD.3 CURLOPT_TLSAUTH_TYPE.3 CURLOPT_TLSAUTH_USERNAME.3 CURLOPT_TRAILERDATA.3 CURLOPT_TRAILERFUNCTION.3 CURLOPT_TRANSFER_ENCODING.3 CURLOPT_TRANSFERTEXT.3 CURLOPT_UNIX_SOCKET_PATH.3 CURLOPT_UNRESTRICTED_AUTH.3 CURLOPT_UPKEEP_INTERVAL_MS.3 CURLOPT_UPLOAD.3 CURLOPT_UPLOAD_BUFFERSIZE.3 CURLOPT_UPLOAD_FLAGS.3 CURLOPT_URL.3 CURLOPT_USE_SSL.3 CURLOPT_USERAGENT.3 '/workspaces/.riftengine/WebkitWasm/third_party/wasm-sysroot/share/man/man3'
 /usr/bin/install -c -m 644 CURLOPT_USERNAME.3 CURLOPT_USERPWD.3 CURLOPT_VERBOSE.3 CURLOPT_WILDCARDMATCH.3 CURLOPT_WRITEDATA.3 CURLOPT_WRITEFUNCTION.3 CURLOPT_WS_OPTIONS.3 CURLOPT_XFERINFODATA.3 CURLOPT_XFERINFOFUNCTION.3 CURLOPT_XOAUTH2_BEARER.3 CURLSHOPT_LOCKFUNC.3 CURLSHOPT_SHARE.3 CURLSHOPT_UNLOCKFUNC.3 CURLSHOPT_UNSHARE.3 CURLSHOPT_USERDATA.3 '/workspaces/.riftengine/WebkitWasm/third_party/wasm-sysroot/share/man/man3'
make[6]: Leaving directory '/workspaces/.riftengine/WebkitWasm/third_party/build-deps/curl/docs/libcurl/opts'
make[5]: Leaving directory '/workspaces/.riftengine/WebkitWasm/third_party/build-deps/curl/docs/libcurl/opts'
make[5]: Entering directory '/workspaces/.riftengine/WebkitWasm/third_party/build-deps/curl/docs/libcurl'
make[6]: Entering directory '/workspaces/.riftengine/WebkitWasm/third_party/build-deps/curl/docs/libcurl'
make[6]: Nothing to be done for 'install-exec-am'.
 /usr/bin/mkdir -p '/workspaces/.riftengine/WebkitWasm/third_party/wasm-sysroot/share/aclocal'
 /usr/bin/mkdir -p '/workspaces/.riftengine/WebkitWasm/third_party/wasm-sysroot/share/man/man3'
 /usr/bin/install -c -m 644 libcurl.m4 '/workspaces/.riftengine/WebkitWasm/third_party/wasm-sysroot/share/aclocal'
 /usr/bin/install -c -m 644 curl_easy_cleanup.3 curl_easy_duphandle.3 curl_easy_escape.3 curl_easy_getinfo.3 curl_easy_header.3 curl_easy_init.3 curl_easy_nextheader.3 curl_easy_option_by_id.3 curl_easy_option_by_name.3 curl_easy_option_next.3 curl_easy_pause.3 curl_easy_perform.3 curl_easy_recv.3 curl_easy_reset.3 curl_easy_send.3 curl_easy_setopt.3 curl_easy_ssls_export.3 curl_easy_ssls_import.3 curl_easy_strerror.3 curl_easy_unescape.3 curl_easy_upkeep.3 curl_escape.3 curl_formadd.3 curl_formfree.3 curl_formget.3 curl_free.3 curl_getdate.3 curl_getenv.3 curl_global_cleanup.3 curl_global_init.3 curl_global_init_mem.3 curl_global_sslset.3 curl_global_trace.3 curl_mime_addpart.3 curl_mime_data.3 curl_mime_data_cb.3 curl_mime_encoder.3 curl_mime_filedata.3 curl_mime_filename.3 curl_mime_free.3 '/workspaces/.riftengine/WebkitWasm/third_party/wasm-sysroot/share/man/man3'
 /usr/bin/install -c -m 644 curl_mime_headers.3 curl_mime_init.3 curl_mime_name.3 curl_mime_subparts.3 curl_mime_type.3 curl_mprintf.3 curl_multi_add_handle.3 curl_multi_assign.3 curl_multi_cleanup.3 curl_multi_fdset.3 curl_multi_get_handles.3 curl_multi_get_offt.3 curl_multi_info_read.3 curl_multi_init.3 curl_multi_notify_disable.3 curl_multi_notify_enable.3 curl_multi_perform.3 curl_multi_poll.3 curl_multi_remove_handle.3 curl_multi_setopt.3 curl_multi_socket.3 curl_multi_socket_action.3 curl_multi_socket_all.3 curl_multi_strerror.3 curl_multi_timeout.3 curl_multi_wait.3 curl_multi_waitfds.3 curl_multi_wakeup.3 curl_pushheader_byname.3 curl_pushheader_bynum.3 curl_share_cleanup.3 curl_share_init.3 curl_share_setopt.3 curl_share_strerror.3 curl_slist_append.3 curl_slist_free_all.3 curl_strequal.3 curl_strnequal.3 curl_unescape.3 curl_url.3 '/workspaces/.riftengine/WebkitWasm/third_party/wasm-sysroot/share/man/man3'
 /usr/bin/install -c -m 644 curl_url_cleanup.3 curl_url_dup.3 curl_url_get.3 curl_url_set.3 curl_url_strerror.3 curl_version.3 curl_version_info.3 curl_ws_meta.3 curl_ws_recv.3 curl_ws_send.3 curl_ws_start_frame.3 libcurl-easy.3 libcurl-env-dbg.3 libcurl-env.3 libcurl-errors.3 libcurl-multi.3 libcurl-security.3 libcurl-share.3 libcurl-symbols.3 libcurl-thread.3 libcurl-tutorial.3 libcurl-url.3 libcurl-ws.3 libcurl.3 '/workspaces/.riftengine/WebkitWasm/third_party/wasm-sysroot/share/man/man3'
make[6]: Leaving directory '/workspaces/.riftengine/WebkitWasm/third_party/build-deps/curl/docs/libcurl'
make[5]: Leaving directory '/workspaces/.riftengine/WebkitWasm/third_party/build-deps/curl/docs/libcurl'
make[4]: Leaving directory '/workspaces/.riftengine/WebkitWasm/third_party/build-deps/curl/docs/libcurl'
make[3]: Leaving directory '/workspaces/.riftengine/WebkitWasm/third_party/build-deps/curl'
make[2]: Leaving directory '/workspaces/.riftengine/WebkitWasm/third_party/build-deps/curl'
make[1]: Leaving directory '/workspaces/.riftengine/WebkitWasm/third_party/build-deps/curl'

===== third_party/build-deps/curl/config.log =====
#define HAVE_PWD_H 1
#define HAVE_UTIME_H 1
#define HAVE_SYS_POLL_H 1
#define HAVE_POLL_H 1
#define HAVE_SYS_RESOURCE_H 1
#define HAVE_LIBGEN_H 1
#define HAVE_LOCALE_H 1
#define HAVE_STDBOOL_H 1
#define HAVE_STDINT_H 1
#define HAVE_SYS_TYPES_H 1
#define HAVE_STRUCT_TIMEVAL 1
#define SIZEOF_SIZE_T 4
#define SIZEOF_LONG 4
#define SIZEOF_INT 4
#define SIZEOF_TIME_T 8
#define SIZEOF_OFF_T 8
#define SIZEOF_CURL_OFF_T 8
#define SIZEOF_CURL_SOCKET_T 4
#define HAVE_LONGLONG 1
#define HAVE_BOOL_T 1
#define HAVE_SA_FAMILY_T 1
#define HAVE_SUSECONDS_T 1
#define HAVE_STRUCT_SOCKADDR_STORAGE 1
#define HAVE_SYS_SELECT_H 1
#define HAVE_SELECT 1
#define HAVE_SYS_TYPES_H 1
#define HAVE_RECV 1
#define HAVE_SYS_TYPES_H 1
#define HAVE_SEND 1
#define HAVE_SYS_TYPES_H 1
#define HAVE_MSG_NOSIGNAL 1
#define HAVE_SYS_TYPES_H 1
#define HAVE_UNISTD_H 1
#define HAVE_ALARM 1
#define HAVE_SYS_TYPES_H 1
#define HAVE_STRINGS_H 1
#define HAVE_SYS_TYPES_H 1
#define HAVE_LIBGEN_H 1
#define HAVE_BASENAME 1
#define HAVE_SYS_TYPES_H 1
#define HAVE_SYS_TYPES_H 1
#define HAVE_UNISTD_H 1
#define HAVE_FCNTL_H 1
#define HAVE_FCNTL 1
#define HAVE_FCNTL_O_NONBLOCK 1
#define HAVE_SYS_TYPES_H 1
#define HAVE_NETDB_H 1
#define HAVE_FREEADDRINFO 1
#define HAVE_SYS_TYPES_H 1
#define HAVE_SYS_XATTR_H 1
#define HAVE_FTRUNCATE 1
#define HAVE_SYS_TYPES_H 1
#define HAVE_GETADDRINFO 1
#define HAVE_GETADDRINFO_THREADSAFE 1
#define HAVE_GETHOSTBYNAME_R 1
#define HAVE_GETHOSTBYNAME_R_6 1
#define GETHOSTNAME_TYPE_ARG2 size_t
#define HAVE_GETHOSTNAME 1
#define HAVE_SYS_TYPES_H 1
#define HAVE_NETINET_IN_H 1
#define HAVE_IFADDRS_H 1
#define HAVE_GETIFADDRS 1
#define HAVE_GETPEERNAME 1
#define HAVE_GETSOCKNAME 1
#define HAVE_SYS_TYPES_H 1
#define HAVE_GMTIME_R 1
#define HAVE_SYS_TYPES_H 1
#define HAVE_UNISTD_H 1
#define HAVE_SYS_IOCTL_H 1
#define HAVE_STROPTS_H 1
#define HAVE_IOCTL_FIONBIO 1
#define HAVE_IOCTL_SIOCGIFADDR 1
#define HAVE_SYS_TYPES_H 1
#define HAVE_SIGACTION 1
#define HAVE_SIGINTERRUPT 1
#define HAVE_SIGNAL 1
#define HAVE_SYS_TYPES_H 1
#define HAVE_SIGSETJMP 1
#define HAVE_SOCKET 1
#define HAVE_SOCKETPAIR 1
#define HAVE_STRDUP 1
#define HAVE_STRERROR_R 1
#define HAVE_POSIX_STRERROR_R 1
#define HAVE_ACCEPT4 1
#define HAVE_FNMATCH 1
#define HAVE_GETEUID 1
#define HAVE_GETPPID 1
#define HAVE_GETPWUID 1
#define HAVE_GETPWUID_R 1
#define HAVE_GETRLIMIT 1
#define HAVE_GETTIMEOFDAY 1
#define HAVE_PIPE 1
#define HAVE_PIPE2 1
#define HAVE_POLL 1
#define HAVE_SENDMMSG 1
#define HAVE_SENDMSG 1
#define HAVE_SETLOCALE 1
#define HAVE_SETRLIMIT 1
#define HAVE_SNPRINTF 1
#define HAVE_UTIME 1
#define HAVE_UTIMES 1
#define HAVE_IF_NAMETOINDEX 1
#define HAVE_REALPATH 1
#define HAVE_SCHED_YIELD 1
#define HAVE_SYS_TYPES_H 1
#define HAVE_NETINET_IN_H 1
#define HAVE_ARPA_INET_H 1
#define HAVE_INET_NTOP 1
#define HAVE_INET_PTON 1
#define HAVE_STRCASECMP 1
#define HAVE_FSEEKO 1
#define HAVE_DECL_FSEEKO 1
#define HAVE_DIRENT_H 1
#define HAVE_OPENDIR 1
#define CURL_DISABLE_NTLM 1
#define USE_TLS_SRP 1
#define HAVE_SSL_SET0_WBIO 1
#define CURL_EXTERN_SYMBOL __attribute__((__visibility__("default")))

configure: exit 0

===== third_party/build-deps/curl-configure.log =====
checking convert -I options to -isystem... yes
checking whether to enable verbose strings... yes
checking whether to enable SSPI support (Windows native builds only)... no
checking whether to enable basic authentication method... yes
checking whether to enable bearer authentication method... yes
checking whether to enable digest authentication method... yes
checking whether to enable kerberos authentication method... yes
checking whether to enable negotiate authentication method... yes
checking whether to enable aws sig methods... yes
checking whether to support NTLM... no
checking whether to enable TLS-SRP authentication... yes
checking whether to enable Unix domain sockets... no
checking whether to support cookies... yes
checking whether to support socketpair... yes
checking whether to support HTTP authentication... yes
checking whether to support DoH... yes
checking whether to support the MIME API... yes
checking whether to support binding connections locally... yes
checking whether to support the form API... yes
checking whether to support date parsing... yes
checking whether to support netrc parsing... yes
checking whether to support progress-meter... yes
checking whether to support the SHA-512/256 hash algorithm... yes
checking whether to support DNS shuffling... yes
checking whether to support curl_easy_option*... yes
checking whether to support alt-svc... yes
checking whether to support headers-api... yes
checking whether to support HSTS... yes
checking whether to enable HTTPS-RR support... no
checking for SSL_set0_wbio... yes
checking whether to support WebSockets... yes
checking whether hiding of library internal symbols will actually happen... yes
checking if this build supports HTTPS-proxy... yes
checking that generated files are newer than configure... done
configure: creating ./config.status
config.status: creating Makefile
config.status: creating docs/Makefile
config.status: creating docs/examples/Makefile
config.status: creating docs/libcurl/Makefile
config.status: creating docs/libcurl/opts/Makefile
config.status: creating docs/cmdline-opts/Makefile
config.status: creating include/Makefile
config.status: creating include/curl/Makefile
config.status: creating src/Makefile
config.status: creating lib/Makefile
config.status: creating scripts/Makefile
config.status: creating lib/libcurl.vers
config.status: creating tests/Makefile
config.status: creating tests/config
config.status: creating tests/configurehelp.pm
config.status: creating tests/certs/Makefile
config.status: creating tests/data/Makefile
config.status: creating tests/server/Makefile
config.status: creating tests/libtest/Makefile
config.status: creating tests/unit/Makefile
config.status: creating tests/tunit/Makefile
config.status: creating tests/http/config.ini
config.status: creating tests/http/Makefile
config.status: creating packages/Makefile
config.status: creating packages/vms/Makefile
config.status: creating libcurl.pc
config.status: creating curl-config
config.status: creating lib/curl_config.h
config.status: executing depfiles commands
config.status: executing libtool commands
configure: Configured to build curl/libcurl:

  Host setup:       wasm32-unknown-emscripten
  Install prefix:   /workspaces/.riftengine/WebkitWasm/third_party/wasm-sysroot
  Compiler:         /workspaces/.riftengine/WebkitWasm/third_party/emsdk/upstream/emscripten/emcc
   CFLAGS:          -O2 -pthread -Qunused-arguments -Werror-implicit-function-declaration
   CFLAGS extras:   
   CPPFLAGS:        -isystem /workspaces/.riftengine/WebkitWasm/third_party/wasm-sysroot/include -isystem /workspaces/.riftengine/WebkitWasm/third_party/wasm-sysroot/include -isystem /workspaces/.riftengine/WebkitWasm/third_party/wasm-sysroot/include -isystem /workspaces/.riftengine/WebkitWasm/third_party/wasm-sysroot/include -isystem /workspaces/.riftengine/WebkitWasm/third_party/wasm-sysroot/include
   LDFLAGS:         -L/workspaces/.riftengine/WebkitWasm/third_party/wasm-sysroot/lib -L/workspaces/.riftengine/WebkitWasm/third_party/wasm-sysroot/lib -L/workspaces/.riftengine/WebkitWasm/third_party/wasm-sysroot/lib -L/workspaces/.riftengine/WebkitWasm/third_party/wasm-sysroot/lib -L/workspaces/.riftengine/WebkitWasm/third_party/wasm-sysroot/lib
     curl-config:   -L/workspaces/.riftengine/WebkitWasm/third_party/wasm-sysroot/lib -L/workspaces/.riftengine/WebkitWasm/third_party/wasm-sysroot/lib -L/workspaces/.riftengine/WebkitWasm/third_party/wasm-sysroot/lib -L/workspaces/.riftengine/WebkitWasm/third_party/wasm-sysroot/lib
   LIBS:            -lnghttp2 -lpsl -lssl -lcrypto -lssl -lcrypto -lbrotlidec -lbrotlidec -lbrotlicommon -lz

  curl version:     8.17.0
  SSL:              enabled (OpenSSL v3+)
  SSH:              no      (--with-{libssh,libssh2})
  zlib:             enabled
  brotli:           enabled (libbrotlidec)
  zstd:             no      (--with-zstd)
  GSS-API:          no      (--with-gssapi)
  GSASL:            no      (--with-gsasl)
  TLS-SRP:          enabled
  resolver:         blocking (--enable-ares / --enable-threaded-resolver)
  IPv6:             no      (--enable-ipv6)
  Unix sockets:     no      (--enable-unix-sockets)
  IDN:              no      (--with-{libidn2,winidn})
  Build docs:       enabled (--disable-docs)
  Build libcurl:    Shared=no, Static=yes
  Built-in manual:  no      (--enable-manual)
  --libcurl option: enabled (--disable-libcurl-option)
  Verbose errors:   enabled (--disable-verbose)
  Code coverage:    disabled
  SSPI:             no      (--enable-sspi)
  ca native:        no
  ca cert bundle:   /etc/ssl/ca-bundle.crt   (warning: certs not found)
  ca cert path:     no
  ca cert embed:    no
  ca fallback:      no
  LDAP:             no      (--enable-ldap / --with-ldap-lib / --with-lber-lib)
  LDAPS:            no      (--enable-ldaps)
  IPFS/IPNS:        enabled
  RTSP:             no      (--enable-rtsp)
  RTMP:             no      (--with-librtmp)
  PSL:              enabled
  Alt-svc:          enabled (--disable-alt-svc)
  Headers API:      enabled (--disable-headers-api)
  HSTS:             enabled (--disable-hsts)
  HTTP1:            enabled (internal)
  HTTP2:            enabled (nghttp2)
  HTTP3:            no      (--with-ngtcp2 --with-nghttp3, --with-quiche, --with-openssl-quic)
  ECH:              no      (--enable-ech)
  HTTPS RR:         no      (--enable-httpsrr)
  SSLS-EXPORT:      no      (--enable-ssls-export)
  Protocols:        file http https ipfs ipns ws wss
  Features:         alt-svc brotli HSTS HTTP2 HTTPS-proxy Largefile libz PSL SSL threadsafe TLS-SRP


===== third_party/build-deps/freetype-build-build.log =====
ninja: Entering directory `freetype-build'
[1/44] Building C object CMakeFiles/freetype.dir/src/base/ftbdf.c.o
[2/44] Building C object CMakeFiles/freetype.dir/src/base/ftcid.c.o
[3/44] Building C object CMakeFiles/freetype.dir/src/base/ftfstype.c.o
[4/44] Building C object CMakeFiles/freetype.dir/src/base/ftbitmap.c.o
[5/44] Building C object CMakeFiles/freetype.dir/src/base/ftbbox.c.o
[6/44] Building C object CMakeFiles/freetype.dir/src/base/ftgasp.c.o
[7/44] Building C object CMakeFiles/freetype.dir/src/base/ftgxval.c.o
[8/44] Building C object CMakeFiles/freetype.dir/src/base/ftinit.c.o
[9/44] Building C object CMakeFiles/freetype.dir/src/base/ftglyph.c.o
[10/44] Building C object CMakeFiles/freetype.dir/src/base/ftotval.c.o
[11/44] Building C object CMakeFiles/freetype.dir/src/base/ftmm.c.o
[12/44] Building C object CMakeFiles/freetype.dir/src/base/ftpatent.c.o
[13/44] Building C object CMakeFiles/freetype.dir/src/base/ftpfr.c.o
[14/44] Building C object CMakeFiles/freetype.dir/src/base/ftsynth.c.o
[15/44] Building C object CMakeFiles/freetype.dir/src/base/fttype1.c.o
[16/44] Building C object CMakeFiles/freetype.dir/src/base/ftwinfnt.c.o
[17/44] Building C object CMakeFiles/freetype.dir/src/base/ftstroke.c.o
[18/44] Building C object CMakeFiles/freetype.dir/src/bzip2/ftbzip2.c.o
[19/44] Building C object CMakeFiles/freetype.dir/src/bdf/bdf.c.o
[20/44] Building C object CMakeFiles/freetype.dir/src/autofit/autofit.c.o
[21/44] Building C object CMakeFiles/freetype.dir/src/cache/ftcache.c.o
[22/44] Building C object CMakeFiles/freetype.dir/src/cid/type1cid.c.o
[23/44] Building C object CMakeFiles/freetype.dir/src/base/ftbase.c.o
[24/44] Building C object CMakeFiles/freetype.dir/src/gzip/ftgzip.c.o
[25/44] Building C object CMakeFiles/freetype.dir/src/lzw/ftlzw.c.o
[26/44] Building C object CMakeFiles/freetype.dir/src/cff/cff.c.o
[27/44] Building C object CMakeFiles/freetype.dir/src/pcf/pcf.c.o
[28/44] Building C object CMakeFiles/freetype.dir/src/pfr/pfr.c.o
[29/44] Building C object CMakeFiles/freetype.dir/src/psnames/psnames.c.o
[30/44] Building C object CMakeFiles/freetype.dir/src/pshinter/pshinter.c.o
[31/44] Building C object CMakeFiles/freetype.dir/src/svg/svg.c.o
[32/44] Building C object CMakeFiles/freetype.dir/src/raster/raster.c.o
[33/44] Building C object CMakeFiles/freetype.dir/src/smooth/smooth.c.o
[34/44] Building C object CMakeFiles/freetype.dir/src/sdf/sdf.c.o
[35/44] Building C object CMakeFiles/freetype.dir/src/type42/type42.c.o
[36/44] Building C object CMakeFiles/freetype.dir/src/winfonts/winfnt.c.o
[37/44] Building C object CMakeFiles/freetype.dir/builds/unix/ftsystem.c.o
[38/44] Building C object CMakeFiles/freetype.dir/src/base/ftdebug.c.o
[39/44] Building C object CMakeFiles/freetype.dir/src/psaux/psaux.c.o
[40/44] Building C object CMakeFiles/freetype.dir/src/type1/type1.c.o
[41/44] Building C object CMakeFiles/freetype.dir/src/truetype/truetype.c.o
[42/44] Building C object CMakeFiles/freetype.dir/src/sfnt/sfnt.c.o
[43/44] Linking C static library libfreetype.a
[43/44] Install the project...
-- Install configuration: "Release"
-- Installing: /workspaces/.riftengine/WebkitWasm/third_party/wasm-sysroot/include/freetype2
-- Installing: /workspaces/.riftengine/WebkitWasm/third_party/wasm-sysroot/include/freetype2/ft2build.h
-- Installing: /workspaces/.riftengine/WebkitWasm/third_party/wasm-sysroot/include/freetype2/freetype
-- Installing: /workspaces/.riftengine/WebkitWasm/third_party/wasm-sysroot/include/freetype2/freetype/ftbbox.h
-- Installing: /workspaces/.riftengine/WebkitWasm/third_party/wasm-sysroot/include/freetype2/freetype/ftcolor.h
-- Installing: /workspaces/.riftengine/WebkitWasm/third_party/wasm-sysroot/include/freetype2/freetype/ftlist.h
-- Installing: /workspaces/.riftengine/WebkitWasm/third_party/wasm-sysroot/include/freetype2/freetype/ftoutln.h
-- Installing: /workspaces/.riftengine/WebkitWasm/third_party/wasm-sysroot/include/freetype2/freetype/fttrigon.h
-- Installing: /workspaces/.riftengine/WebkitWasm/third_party/wasm-sysroot/include/freetype2/freetype/ftlogging.h
-- Installing: /workspaces/.riftengine/WebkitWasm/third_party/wasm-sysroot/include/freetype2/freetype/ftcid.h
-- Installing: /workspaces/.riftengine/WebkitWasm/third_party/wasm-sysroot/include/freetype2/freetype/ftwinfnt.h
-- Installing: /workspaces/.riftengine/WebkitWasm/third_party/wasm-sysroot/include/freetype2/freetype/ftchapters.h
-- Installing: /workspaces/.riftengine/WebkitWasm/third_party/wasm-sysroot/include/freetype2/freetype/ttnameid.h
-- Installing: /workspaces/.riftengine/WebkitWasm/third_party/wasm-sysroot/include/freetype2/freetype/ftbzip2.h
-- Installing: /workspaces/.riftengine/WebkitWasm/third_party/wasm-sysroot/include/freetype2/freetype/t1tables.h
-- Installing: /workspaces/.riftengine/WebkitWasm/third_party/wasm-sysroot/include/freetype2/freetype/otsvg.h
-- Installing: /workspaces/.riftengine/WebkitWasm/third_party/wasm-sysroot/include/freetype2/freetype/ftgasp.h
-- Installing: /workspaces/.riftengine/WebkitWasm/third_party/wasm-sysroot/include/freetype2/freetype/ftmodapi.h
-- Installing: /workspaces/.riftengine/WebkitWasm/third_party/wasm-sysroot/include/freetype2/freetype/freetype.h
-- Installing: /workspaces/.riftengine/WebkitWasm/third_party/wasm-sysroot/include/freetype2/freetype/ftpfr.h
-- Installing: /workspaces/.riftengine/WebkitWasm/third_party/wasm-sysroot/include/freetype2/freetype/ftsnames.h
-- Installing: /workspaces/.riftengine/WebkitWasm/third_party/wasm-sysroot/include/freetype2/freetype/ftgxval.h
-- Installing: /workspaces/.riftengine/WebkitWasm/third_party/wasm-sysroot/include/freetype2/freetype/ftmoderr.h
-- Installing: /workspaces/.riftengine/WebkitWasm/third_party/wasm-sysroot/include/freetype2/freetype/config
-- Installing: /workspaces/.riftengine/WebkitWasm/third_party/wasm-sysroot/include/freetype2/freetype/config/mac-support.h
-- Installing: /workspaces/.riftengine/WebkitWasm/third_party/wasm-sysroot/include/freetype2/freetype/config/integer-types.h
-- Installing: /workspaces/.riftengine/WebkitWasm/third_party/wasm-sysroot/include/freetype2/freetype/config/public-macros.h
-- Installing: /workspaces/.riftengine/WebkitWasm/third_party/wasm-sysroot/include/freetype2/freetype/config/ftstdlib.h
-- Installing: /workspaces/.riftengine/WebkitWasm/third_party/wasm-sysroot/include/freetype2/freetype/config/ftheader.h
-- Installing: /workspaces/.riftengine/WebkitWasm/third_party/wasm-sysroot/include/freetype2/freetype/config/ftmodule.h
-- Installing: /workspaces/.riftengine/WebkitWasm/third_party/wasm-sysroot/include/freetype2/freetype/fterrdef.h
-- Installing: /workspaces/.riftengine/WebkitWasm/third_party/wasm-sysroot/include/freetype2/freetype/ftmm.h
-- Installing: /workspaces/.riftengine/WebkitWasm/third_party/wasm-sysroot/include/freetype2/freetype/fterrors.h
-- Installing: /workspaces/.riftengine/WebkitWasm/third_party/wasm-sysroot/include/freetype2/freetype/ftmac.h
-- Installing: /workspaces/.riftengine/WebkitWasm/third_party/wasm-sysroot/include/freetype2/freetype/tttags.h
-- Installing: /workspaces/.riftengine/WebkitWasm/third_party/wasm-sysroot/include/freetype2/freetype/tttables.h
-- Installing: /workspaces/.riftengine/WebkitWasm/third_party/wasm-sysroot/include/freetype2/freetype/ftimage.h
-- Installing: /workspaces/.riftengine/WebkitWasm/third_party/wasm-sysroot/include/freetype2/freetype/ftgzip.h
-- Installing: /workspaces/.riftengine/WebkitWasm/third_party/wasm-sysroot/include/freetype2/freetype/fttypes.h
-- Installing: /workspaces/.riftengine/WebkitWasm/third_party/wasm-sysroot/include/freetype2/freetype/ftbitmap.h
-- Installing: /workspaces/.riftengine/WebkitWasm/third_party/wasm-sysroot/include/freetype2/freetype/ftadvanc.h
-- Installing: /workspaces/.riftengine/WebkitWasm/third_party/wasm-sysroot/include/freetype2/freetype/ftsystem.h
-- Installing: /workspaces/.riftengine/WebkitWasm/third_party/wasm-sysroot/include/freetype2/freetype/ftfntfmt.h
-- Installing: /workspaces/.riftengine/WebkitWasm/third_party/wasm-sysroot/include/freetype2/freetype/ftdriver.h
-- Installing: /workspaces/.riftengine/WebkitWasm/third_party/wasm-sysroot/include/freetype2/freetype/ftglyph.h
-- Installing: /workspaces/.riftengine/WebkitWasm/third_party/wasm-sysroot/include/freetype2/freetype/ftsizes.h
-- Installing: /workspaces/.riftengine/WebkitWasm/third_party/wasm-sysroot/include/freetype2/freetype/ftparams.h
-- Installing: /workspaces/.riftengine/WebkitWasm/third_party/wasm-sysroot/include/freetype2/freetype/ftbdf.h
-- Installing: /workspaces/.riftengine/WebkitWasm/third_party/wasm-sysroot/include/freetype2/freetype/ftlzw.h
-- Installing: /workspaces/.riftengine/WebkitWasm/third_party/wasm-sysroot/include/freetype2/freetype/ftincrem.h
-- Installing: /workspaces/.riftengine/WebkitWasm/third_party/wasm-sysroot/include/freetype2/freetype/ftlcdfil.h
-- Installing: /workspaces/.riftengine/WebkitWasm/third_party/wasm-sysroot/include/freetype2/freetype/ftsynth.h
-- Installing: /workspaces/.riftengine/WebkitWasm/third_party/wasm-sysroot/include/freetype2/freetype/ftotval.h
-- Installing: /workspaces/.riftengine/WebkitWasm/third_party/wasm-sysroot/include/freetype2/freetype/ftrender.h
-- Installing: /workspaces/.riftengine/WebkitWasm/third_party/wasm-sysroot/include/freetype2/freetype/ftcache.h
-- Installing: /workspaces/.riftengine/WebkitWasm/third_party/wasm-sysroot/include/freetype2/freetype/ftstroke.h
-- Installing: /workspaces/.riftengine/WebkitWasm/third_party/wasm-sysroot/include/freetype2/freetype/config/ftconfig.h
-- Installing: /workspaces/.riftengine/WebkitWasm/third_party/wasm-sysroot/include/freetype2/freetype/config/ftoption.h
-- Installing: /workspaces/.riftengine/WebkitWasm/third_party/wasm-sysroot/lib/pkgconfig/freetype2.pc
-- Installing: /workspaces/.riftengine/WebkitWasm/third_party/wasm-sysroot/lib/libfreetype.a
-- Installing: /workspaces/.riftengine/WebkitWasm/third_party/wasm-sysroot/lib/cmake/freetype/freetype-config.cmake
-- Installing: /workspaces/.riftengine/WebkitWasm/third_party/wasm-sysroot/lib/cmake/freetype/freetype-config-release.cmake
-- Installing: /workspaces/.riftengine/WebkitWasm/third_party/wasm-sysroot/lib/cmake/freetype/freetype-config-version.cmake

===== third_party/build-deps/freetype-build-configure.log =====
emcmake: cmake -S freetype -B freetype-build -GNinja -DCMAKE_BUILD_TYPE=Release -DCMAKE_INSTALL_PREFIX=/workspaces/.riftengine/WebkitWasm/third_party/wasm-sysroot -DCMAKE_FIND_ROOT_PATH=/workspaces/.riftengine/WebkitWasm/third_party/wasm-sysroot -DBUILD_SHARED_LIBS=OFF -DFT_DISABLE_HARFBUZZ=ON -DFT_DISABLE_BZIP2=ON -DFT_DISABLE_BROTLI=OFF -DFT_REQUIRE_BROTLI=ON -DFT_REQUIRE_ZLIB=ON -DFT_REQUIRE_PNG=ON -DZLIB_ROOT=/workspaces/.riftengine/WebkitWasm/third_party/wasm-sysroot -DBROTLIDEC_INCLUDE_DIRS=/workspaces/.riftengine/WebkitWasm/third_party/wasm-sysroot/include '-DBROTLIDEC_LIBRARIES=/workspaces/.riftengine/WebkitWasm/third_party/wasm-sysroot/lib/libbrotlidec.a;/workspaces/.riftengine/WebkitWasm/third_party/wasm-sysroot/lib/libbrotlicommon.a' -DCMAKE_TOOLCHAIN_FILE=/workspaces/.riftengine/WebkitWasm/third_party/emsdk/upstream/emscripten/cmake/Modules/Platform/Emscripten.cmake -DCMAKE_CROSSCOMPILING_EMULATOR=/workspaces/.riftengine/WebkitWasm/third_party/emsdk/node/24.19.0_64bit/bin/node in directory /workspaces/.riftengine/WebkitWasm/third_party/build-deps
-- Found PkgConfig: /usr/bin/pkg-config (found version "1.8.1") 
CMake Warning (dev) at /usr/share/cmake-3.28/Modules/FindPNG.cmake:65 (find_package):
  Policy CMP0074 is not set: find_package uses <PackageName>_ROOT variables.
  Run "cmake --help-policy CMP0074" for policy details.  Use the cmake_policy
  command to set the policy and suppress this warning.

  CMake variable ZLIB_ROOT is set to:

    /workspaces/.riftengine/WebkitWasm/third_party/wasm-sysroot

  For compatibility, CMake is ignoring the variable.
Call Stack (most recent call first):
  CMakeLists.txt:264 (find_package)
This warning is for project developers.  Use -Wno-dev to suppress it.

-- Found ZLIB: /workspaces/.riftengine/WebkitWasm/third_party/wasm-sysroot/lib/libz.a (found version "1.3.1")  
-- Found PNG: /workspaces/.riftengine/WebkitWasm/third_party/wasm-sysroot/lib/libpng.a (found version "1.6.43") 
-- Found BrotliDec: /workspaces/.riftengine/WebkitWasm/third_party/wasm-sysroot/include  
-- Looking for unistd.h
-- Looking for unistd.h - found
-- Looking for fcntl.h
-- Looking for fcntl.h - found
-- Configuring done (3.0s)
-- Generating done (0.0s)
-- Build files have been written to: /workspaces/.riftengine/WebkitWasm/third_party/build-deps/freetype-build

===== third_party/build-deps/harfbuzz-build-build.log =====
      |                                                       ^
/workspaces/.riftengine/WebkitWasm/third_party/build-deps/harfbuzz/src/hb-iter.hh:482:12: note: (skipping 1 context in backtrace; use -ftemplate-backtrace-limit=0 to see all)
  482 |   { return hb_filter_iter_t<Iter, Pred, Proj> (it, p, f); }
      |            ^
/workspaces/.riftengine/WebkitWasm/third_party/build-deps/harfbuzz/src/hb-iter.hh:369:51: note: in instantiation of function template specialization 'hb_filter_iter_factory_t<bool (hb_hashmap_t<unsigned int, hb_set_t>::item_t::*)() const, const (unnamed struct at /workspaces/.riftengine/WebkitWasm/third_party/build-deps/harfbuzz/src/hb-algs.hh:228:1) &>::operator()<hb_array_t<hb_hashmap_t<unsigned int, hb_set_t>::item_t>, nullptr>' requested here
  369 | operator | (Lhs&& lhs, Rhs&& rhs) HB_AUTO_RETURN (std::forward<Rhs> (rhs) (std::forward<Lhs> (lhs)))
      |                                                   ^
/workspaces/.riftengine/WebkitWasm/third_party/build-deps/harfbuzz/src/hb-meta.hh:76:55: note: expanded from macro 'HB_AUTO_RETURN'
   76 | #define HB_AUTO_RETURN(E) -> decltype ((E)) { return (E); }
      |                                                       ^
/workspaces/.riftengine/WebkitWasm/third_party/build-deps/harfbuzz/src/hb-map.hh:424:5: note: in instantiation of function template specialization 'operator|<hb_array_t<hb_hashmap_t<unsigned int, hb_set_t>::item_t>, hb_filter_iter_factory_t<bool (hb_hashmap_t<unsigned int, hb_set_t>::item_t::*)() const, const (unnamed struct at /workspaces/.riftengine/WebkitWasm/third_party/build-deps/harfbuzz/src/hb-algs.hh:228:1) &>, nullptr>' requested here
  424 |     | hb_filter (&item_t::is_real)
      |     ^
/workspaces/.riftengine/WebkitWasm/third_party/build-deps/harfbuzz/src/hb-meta.hh:76:55: note: expanded from macro 'HB_AUTO_RETURN'
   76 | #define HB_AUTO_RETURN(E) -> decltype ((E)) { return (E); }
      |                                                       ^
/workspaces/.riftengine/WebkitWasm/third_party/build-deps/harfbuzz/src/hb-map.hh:448:13: note: in instantiation of member function 'hb_hashmap_t<unsigned int, hb_set_t>::iter_items' requested here
  448 |     + this->iter_items ()
      |             ^
/workspaces/.riftengine/WebkitWasm/third_party/build-deps/harfbuzz/src/hb-meta.hh:76:55: note: expanded from macro 'HB_AUTO_RETURN'
   76 | #define HB_AUTO_RETURN(E) -> decltype ((E)) { return (E); }
      |                                                       ^
/workspaces/.riftengine/WebkitWasm/third_party/build-deps/harfbuzz/src/hb-map.hh:453:13: note: in instantiation of member function 'hb_hashmap_t<unsigned int, hb_set_t>::values_ref' requested here
  453 |     + this->values_ref ()
      |             ^
/workspaces/.riftengine/WebkitWasm/third_party/build-deps/harfbuzz/src/hb-meta.hh:76:55: note: expanded from macro 'HB_AUTO_RETURN'
   76 | #define HB_AUTO_RETURN(E) -> decltype ((E)) { return (E); }
      |                                                       ^
/workspaces/.riftengine/WebkitWasm/third_party/build-deps/harfbuzz/src/graph/classdef-graph.hh:238:47: note: in instantiation of member function 'hb_hashmap_t<unsigned int, hb_set_t>::values' requested here
  238 |     for (const hb_set_t& s : glyphs_per_class.values ())
      |                                               ^
/workspaces/.riftengine/WebkitWasm/third_party/build-deps/harfbuzz/src/hb-null.hh:179:11: note: explicitly cast the pointer to silence this warning
  179 |   memcpy (obj, std::addressof (Null (Type)), sizeof (*obj));
      |           ^
      |           (void*)
/workspaces/.riftengine/WebkitWasm/third_party/build-deps/harfbuzz/src/hb-null.hh:179:11: warning: first argument in call to 'memcpy' is a pointer to non-trivially copyable type 'graph::MarkBasePosFormat1::class_info_t' [-Wnontrivial-memcall]
  179 |   memcpy (obj, std::addressof (Null (Type)), sizeof (*obj));
      |           ^
/workspaces/.riftengine/WebkitWasm/third_party/build-deps/harfbuzz/src/hb-null.hh:186:38: note: in instantiation of function template specialization 'Crap<graph::MarkBasePosFormat1::class_info_t>' requested here
  186 |   static Type & get_crap () { return Crap<Type> (); }
      |                                      ^
/workspaces/.riftengine/WebkitWasm/third_party/build-deps/harfbuzz/src/hb-vector.hh:159:14: note: in instantiation of member function 'CrapHelper<graph::MarkBasePosFormat1::class_info_t>::get_crap' requested here
  159 |       return Crap (Type);
      |              ^
/workspaces/.riftengine/WebkitWasm/third_party/build-deps/harfbuzz/src/hb-null.hh:188:38: note: expanded from macro 'Crap'
  188 | #define Crap(Type) CrapHelper<Type>::get_crap ()
      |                                      ^
/workspaces/.riftengine/WebkitWasm/third_party/build-deps/harfbuzz/src/graph/markbasepos-graph.hh:242:41: note: in instantiation of member function 'hb_vector_t<graph::MarkBasePosFormat1::class_info_t>::operator[]' requested here
  242 |       class_info_t& info = class_to_info[klass];
      |                                         ^
/workspaces/.riftengine/WebkitWasm/third_party/build-deps/harfbuzz/src/hb-null.hh:179:11: note: explicitly cast the pointer to silence this warning
  179 |   memcpy (obj, std::addressof (Null (Type)), sizeof (*obj));
      |           ^
      |           (void*)
/workspaces/.riftengine/WebkitWasm/third_party/build-deps/harfbuzz/src/hb-null.hh:179:11: warning: first argument in call to 'memcpy' is a pointer to non-trivially copyable type 'hb_pair_t<unsigned int, hb_vector_t<unsigned int>>' [-Wnontrivial-memcall]
  179 |   memcpy (obj, std::addressof (Null (Type)), sizeof (*obj));
      |           ^
/workspaces/.riftengine/WebkitWasm/third_party/build-deps/harfbuzz/src/hb-null.hh:186:38: note: in instantiation of function template specialization 'Crap<hb_pair_t<unsigned int, hb_vector_t<unsigned int>>>' requested here
  186 |   static Type & get_crap () { return Crap<Type> (); }
      |                                      ^
/workspaces/.riftengine/WebkitWasm/third_party/build-deps/harfbuzz/src/hb-vector.hh:210:30: note: in instantiation of member function 'CrapHelper<hb_pair_t<unsigned int, hb_vector_t<unsigned int>>>::get_crap' requested here
  210 |       return std::addressof (Crap (Type));
      |                              ^
/workspaces/.riftengine/WebkitWasm/third_party/build-deps/harfbuzz/src/hb-null.hh:188:38: note: expanded from macro 'Crap'
  188 | #define Crap(Type) CrapHelper<Type>::get_crap ()
      |                                      ^
/workspaces/.riftengine/WebkitWasm/third_party/build-deps/harfbuzz/src/graph/gsubgpos-graph.hh:164:77: note: in instantiation of member function 'hb_vector_t<hb_pair_t<unsigned int, hb_vector_t<unsigned int>>>::push' requested here
  164 |       hb_pair_t<unsigned, hb_vector_t<unsigned>>* entry = all_new_subtables.push ();
      |                                                                             ^
/workspaces/.riftengine/WebkitWasm/third_party/build-deps/harfbuzz/src/hb-null.hh:179:11: note: explicitly cast the pointer to silence this warning
  179 |   memcpy (obj, std::addressof (Null (Type)), sizeof (*obj));
      |           ^
      |           (void*)
25 warnings generated.
[19/20] Linking C static library libharfbuzz-subset.a
[19/20] Install the project...
-- Install configuration: "Release"
-- Installing: /workspaces/.riftengine/WebkitWasm/third_party/wasm-sysroot/include/harfbuzz/hb-aat-layout.h
-- Installing: /workspaces/.riftengine/WebkitWasm/third_party/wasm-sysroot/include/harfbuzz/hb-aat.h
-- Installing: /workspaces/.riftengine/WebkitWasm/third_party/wasm-sysroot/include/harfbuzz/hb-blob.h
-- Installing: /workspaces/.riftengine/WebkitWasm/third_party/wasm-sysroot/include/harfbuzz/hb-buffer.h
-- Installing: /workspaces/.riftengine/WebkitWasm/third_party/wasm-sysroot/include/harfbuzz/hb-common.h
-- Installing: /workspaces/.riftengine/WebkitWasm/third_party/wasm-sysroot/include/harfbuzz/hb-cplusplus.hh
-- Installing: /workspaces/.riftengine/WebkitWasm/third_party/wasm-sysroot/include/harfbuzz/hb-deprecated.h
-- Installing: /workspaces/.riftengine/WebkitWasm/third_party/wasm-sysroot/include/harfbuzz/hb-draw.h
-- Installing: /workspaces/.riftengine/WebkitWasm/third_party/wasm-sysroot/include/harfbuzz/hb-face.h
-- Installing: /workspaces/.riftengine/WebkitWasm/third_party/wasm-sysroot/include/harfbuzz/hb-font.h
-- Installing: /workspaces/.riftengine/WebkitWasm/third_party/wasm-sysroot/include/harfbuzz/hb-map.h
-- Installing: /workspaces/.riftengine/WebkitWasm/third_party/wasm-sysroot/include/harfbuzz/hb-ot-color.h
-- Installing: /workspaces/.riftengine/WebkitWasm/third_party/wasm-sysroot/include/harfbuzz/hb-ot-deprecated.h
-- Installing: /workspaces/.riftengine/WebkitWasm/third_party/wasm-sysroot/include/harfbuzz/hb-ot-font.h
-- Installing: /workspaces/.riftengine/WebkitWasm/third_party/wasm-sysroot/include/harfbuzz/hb-ot-layout.h
-- Installing: /workspaces/.riftengine/WebkitWasm/third_party/wasm-sysroot/include/harfbuzz/hb-ot-math.h
-- Installing: /workspaces/.riftengine/WebkitWasm/third_party/wasm-sysroot/include/harfbuzz/hb-ot-meta.h
-- Installing: /workspaces/.riftengine/WebkitWasm/third_party/wasm-sysroot/include/harfbuzz/hb-ot-metrics.h
-- Installing: /workspaces/.riftengine/WebkitWasm/third_party/wasm-sysroot/include/harfbuzz/hb-ot-name.h
-- Installing: /workspaces/.riftengine/WebkitWasm/third_party/wasm-sysroot/include/harfbuzz/hb-ot-shape.h
-- Installing: /workspaces/.riftengine/WebkitWasm/third_party/wasm-sysroot/include/harfbuzz/hb-ot-var.h
-- Installing: /workspaces/.riftengine/WebkitWasm/third_party/wasm-sysroot/include/harfbuzz/hb-ot.h
-- Installing: /workspaces/.riftengine/WebkitWasm/third_party/wasm-sysroot/include/harfbuzz/hb-paint.h
-- Installing: /workspaces/.riftengine/WebkitWasm/third_party/wasm-sysroot/include/harfbuzz/hb-set.h
-- Installing: /workspaces/.riftengine/WebkitWasm/third_party/wasm-sysroot/include/harfbuzz/hb-shape-plan.h
-- Installing: /workspaces/.riftengine/WebkitWasm/third_party/wasm-sysroot/include/harfbuzz/hb-shape.h
-- Installing: /workspaces/.riftengine/WebkitWasm/third_party/wasm-sysroot/include/harfbuzz/hb-style.h
-- Installing: /workspaces/.riftengine/WebkitWasm/third_party/wasm-sysroot/include/harfbuzz/hb-unicode.h
-- Installing: /workspaces/.riftengine/WebkitWasm/third_party/wasm-sysroot/include/harfbuzz/hb-version.h
-- Installing: /workspaces/.riftengine/WebkitWasm/third_party/wasm-sysroot/include/harfbuzz/hb.h
-- Installing: /workspaces/.riftengine/WebkitWasm/third_party/wasm-sysroot/include/harfbuzz/hb-ft.h
-- Installing: /workspaces/.riftengine/WebkitWasm/third_party/wasm-sysroot/include/harfbuzz/hb-icu.h
-- Installing: /workspaces/.riftengine/WebkitWasm/third_party/wasm-sysroot/include/harfbuzz/hb-subset.h
-- Installing: /workspaces/.riftengine/WebkitWasm/third_party/wasm-sysroot/include/harfbuzz/hb-subset-repacker.h
-- Installing: /workspaces/.riftengine/WebkitWasm/third_party/wasm-sysroot/lib/libharfbuzz.a
-- Installing: /workspaces/.riftengine/WebkitWasm/third_party/wasm-sysroot/lib/pkgconfig/harfbuzz.pc
-- Installing: /workspaces/.riftengine/WebkitWasm/third_party/wasm-sysroot/lib/cmake/harfbuzz/harfbuzzConfig.cmake
-- Installing: /workspaces/.riftengine/WebkitWasm/third_party/wasm-sysroot/lib/cmake/harfbuzz/harfbuzzConfig-release.cmake
-- Installing: /workspaces/.riftengine/WebkitWasm/third_party/wasm-sysroot/lib/libharfbuzz-icu.a
-- Installing: /workspaces/.riftengine/WebkitWasm/third_party/wasm-sysroot/lib/pkgconfig/harfbuzz-icu.pc
-- Installing: /workspaces/.riftengine/WebkitWasm/third_party/wasm-sysroot/lib/libharfbuzz-subset.a
-- Installing: /workspaces/.riftengine/WebkitWasm/third_party/wasm-sysroot/lib/pkgconfig/harfbuzz-subset.pc
-- Installing: /workspaces/.riftengine/WebkitWasm/third_party/wasm-sysroot/include/harfbuzz/hb-features.h

===== third_party/build-deps/harfbuzz-build-configure.log =====
emcmake: cmake -S harfbuzz -B harfbuzz-build -GNinja -DCMAKE_BUILD_TYPE=Release -DCMAKE_INSTALL_PREFIX=/workspaces/.riftengine/WebkitWasm/third_party/wasm-sysroot -DCMAKE_FIND_ROOT_PATH=/workspaces/.riftengine/WebkitWasm/third_party/wasm-sysroot -DBUILD_SHARED_LIBS=OFF -DHB_HAVE_FREETYPE=ON -DHB_HAVE_ICU=ON -DHB_BUILD_UTILS=OFF -DFREETYPE_DIR=/workspaces/.riftengine/WebkitWasm/third_party/wasm-sysroot -DICU_ROOT=/workspaces/.riftengine/WebkitWasm/third_party/wasm-sysroot -DCMAKE_TOOLCHAIN_FILE=/workspaces/.riftengine/WebkitWasm/third_party/emsdk/upstream/emscripten/cmake/Modules/Platform/Emscripten.cmake -DCMAKE_CROSSCOMPILING_EMULATOR=/workspaces/.riftengine/WebkitWasm/third_party/emsdk/node/24.19.0_64bit/bin/node in directory /workspaces/.riftengine/WebkitWasm/third_party/build-deps
WARNHarfBuzz has a Meson port and tries to migrate all the other build systems to it, please consider using it as we might remove our cmake port soon.
-- Found Python3: /usr/bin/python3 (found version "3.12.3") found components: Interpreter 
-- Looking for atexit
-- Looking for atexit - found
-- Looking for mprotect
-- Looking for mprotect - found
-- Looking for sysconf
-- Looking for sysconf - found
-- Looking for getpagesize
-- Looking for getpagesize - found
-- Looking for mmap
-- Looking for mmap - found
-- Looking for isatty
-- Looking for isatty - found
-- Looking for unistd.h
-- Looking for unistd.h - found
-- Looking for sys/mman.h
-- Looking for sys/mman.h - found
-- Looking for stdbool.h
-- Looking for stdbool.h - found
-- Performing Test CMAKE_HAVE_LIBC_PTHREAD
-- Performing Test CMAKE_HAVE_LIBC_PTHREAD - Success
-- Found Threads: TRUE  
-- Found Freetype: /workspaces/.riftengine/WebkitWasm/third_party/wasm-sysroot/lib/libfreetype.a (found version "2.13.3") 
-- Looking for FT_Get_Var_Blend_Coordinates
-- Looking for FT_Get_Var_Blend_Coordinates - found
-- Looking for FT_Set_Var_Blend_Coordinates
-- Looking for FT_Set_Var_Blend_Coordinates - found
-- Looking for FT_Done_MM_Var
-- Looking for FT_Done_MM_Var - found
-- Found the following ICU libraries:
--   uc (required): /workspaces/.riftengine/WebkitWasm/third_party/wasm-sysroot/lib/libicuuc.a
-- Found ICU: /workspaces/.riftengine/WebkitWasm/third_party/wasm-sysroot/include (found version "77.1") 
-- Performing Test CXX_SUPPORTS_FLAG_BSYMB_FUNCS
-- Performing Test CXX_SUPPORTS_FLAG_BSYMB_FUNCS - Success
-- Performing Test COMPILER_SUPPORTS_CXX11
-- Performing Test COMPILER_SUPPORTS_CXX11 - Success
-- Configuring done (19.2s)
-- Generating done (0.0s)
CMake Warning:
  Manually-specified variables were not used by the project:

    FREETYPE_DIR


-- Build files have been written to: /workspaces/.riftengine/WebkitWasm/third_party/build-deps/harfbuzz-build

===== third_party/build-deps/icu-host/config.log =====
config.status:884: creating tools/genccode/genccode.8

## ---------------------- ##
## Running config.status. ##
## ---------------------- ##

This file was extended by ICU config.status 77.1, which was
generated by GNU Autoconf 2.72.  Invocation command line was

  CONFIG_FILES    = tools/gencmn/gencmn.8
  CONFIG_HEADERS  = 
  CONFIG_LINKS    = 
  CONFIG_COMMANDS = 
  $ ./config.status 

on codespaces-d8d5bd

config.status:884: creating tools/gencmn/gencmn.8

## ---------------------- ##
## Running config.status. ##
## ---------------------- ##

This file was extended by ICU config.status 77.1, which was
generated by GNU Autoconf 2.72.  Invocation command line was

  CONFIG_FILES    = tools/icupkg/icupkg.8
  CONFIG_HEADERS  = 
  CONFIG_LINKS    = 
  CONFIG_COMMANDS = 
  $ ./config.status 

on codespaces-d8d5bd

config.status:884: creating tools/icupkg/icupkg.8

## ---------------------- ##
## Running config.status. ##
## ---------------------- ##

This file was extended by ICU config.status 77.1, which was
generated by GNU Autoconf 2.72.  Invocation command line was

  CONFIG_FILES    = tools/pkgdata/pkgdata.1
  CONFIG_HEADERS  = 
  CONFIG_LINKS    = 
  CONFIG_COMMANDS = 
  $ ./config.status 

on codespaces-d8d5bd

config.status:884: creating tools/pkgdata/pkgdata.1

## ---------------------- ##
## Running config.status. ##
## ---------------------- ##

This file was extended by ICU config.status 77.1, which was
generated by GNU Autoconf 2.72.  Invocation command line was

  CONFIG_FILES    = tools/gencfu/gencfu.1
  CONFIG_HEADERS  = 
  CONFIG_LINKS    = 
  CONFIG_COMMANDS = 
  $ ./config.status 

on codespaces-d8d5bd

config.status:884: creating tools/gencfu/gencfu.1

## ---------------------- ##
## Running config.status. ##
## ---------------------- ##

This file was extended by ICU config.status 77.1, which was
generated by GNU Autoconf 2.72.  Invocation command line was

  CONFIG_FILES    = tools/gendict/gendict.1
  CONFIG_HEADERS  = 
  CONFIG_LINKS    = 
  CONFIG_COMMANDS = 
  $ ./config.status 

on codespaces-d8d5bd

config.status:884: creating tools/gendict/gendict.1

## ---------------------- ##
## Running config.status. ##
## ---------------------- ##

This file was extended by ICU config.status 77.1, which was
generated by GNU Autoconf 2.72.  Invocation command line was

  CONFIG_FILES    = tools/icuexportdata/icuexportdata.1
  CONFIG_HEADERS  = 
  CONFIG_LINKS    = 
  CONFIG_COMMANDS = 
  $ ./config.status 

on codespaces-d8d5bd

config.status:884: creating tools/icuexportdata/icuexportdata.1

## ---------------------- ##
## Running config.status. ##
## ---------------------- ##

This file was extended by ICU config.status 77.1, which was
generated by GNU Autoconf 2.72.  Invocation command line was

  CONFIG_FILES    = extra/uconv/uconv.1
  CONFIG_HEADERS  = 
  CONFIG_LINKS    = 
  CONFIG_COMMANDS = 
  $ ./config.status 

on codespaces-d8d5bd

config.status:884: creating extra/uconv/uconv.1

===== third_party/build-deps/icu-host/configure-host.log =====
checking for a sed that does not truncate output... /usr/bin/sed
checking for ar... ar
checking whether to enable renaming of symbols... yes
checking whether to enable function and data tracing... no
checking for elf.h... yes
checking whether to enable dynamic loading of plugins. Ignored if plugins disabled.... yes
checking for dlfcn.h... yes
checking for library containing dlopen... none required
checking for dlopen... yes
checking for gettimeofday... yes
checking if we have a C++ compiler... Good
checking if we have a C++17 compiler... yes
configure: Adding CXXFLAGS option -std=c++17
checking for pthread_attr_init in -lpthread... yes
checking for mmap... yes
checking for genccode assembly... -a gcc
checking for dirent.h... yes
checking whether byte ordering is bigendian... no
checking for nl_langinfo... yes
checking for nl_langinfo's argument to obtain the codeset... CODESET
checking for properly overriding new and delete... yes
checking for placement new and delete... yes
checking for popen... yes
checking for tzset... yes
checking for tzname... yes
checking for timezone... yes
checking for strtod_l... yes
checking for xlocale.h... no
checking for wchar.h... yes
checking for library containing wcscpy... none required
checking size of wchar_t... 4
checking for UTF-16 string literal support... available
checking for a library suffix to use... none
CPPFLAGS= $(THREADSCPPFLAGS)  -DU_HAVE_ELF_H=1 -DU_HAVE_STRTOD_L=1 -DU_HAVE_XLOCALE_H=0 
CFLAGS=-O3  -std=c11 -Wall -pedantic -Wshadow -Wpointer-arith -Wmissing-prototypes -Wwrite-strings $(THREADSCFLAGS) 
CXXFLAGS=-O3  -W -Wall -pedantic -Wpointer-arith -Wwrite-strings -Wno-long-long -std=c++17 $(THREADSCXXFLAGS) 
configure: creating ./config.status
config.status: creating icudefs.mk
config.status: creating Makefile
config.status: creating data/pkgdataMakefile
config.status: creating config/Makefile.inc
config.status: creating config/icu.pc
config.status: creating config/pkgdataMakefile
config.status: creating data/Makefile
config.status: creating stubdata/Makefile
config.status: creating common/Makefile
config.status: creating i18n/Makefile
config.status: creating layoutex/Makefile
config.status: creating io/Makefile
config.status: creating extra/Makefile
config.status: creating extra/uconv/Makefile
config.status: creating extra/uconv/pkgdataMakefile
config.status: creating extra/scrptrun/Makefile
config.status: creating tools/Makefile
config.status: creating tools/ctestfw/Makefile
config.status: creating tools/toolutil/Makefile
config.status: creating tools/makeconv/Makefile
config.status: creating tools/genrb/Makefile
config.status: creating tools/genccode/Makefile
config.status: creating tools/gencmn/Makefile
config.status: creating tools/gencnval/Makefile
config.status: creating tools/gendict/Makefile
config.status: creating tools/gentest/Makefile
config.status: creating tools/gennorm2/Makefile
config.status: creating tools/genbrk/Makefile
config.status: creating tools/gensprep/Makefile
config.status: creating tools/icuinfo/Makefile
config.status: creating tools/icupkg/Makefile
config.status: creating tools/icuswap/Makefile
config.status: creating tools/pkgdata/Makefile
config.status: creating tools/icuexportdata/Makefile
config.status: creating tools/tzcode/Makefile
config.status: creating tools/gencfu/Makefile
config.status: creating tools/escapesrc/Makefile
config.status: creating test/Makefile
config.status: creating test/compat/Makefile
config.status: creating test/testdata/Makefile
config.status: creating test/testdata/pkgdataMakefile
config.status: creating test/hdrtst/Makefile
config.status: creating test/intltest/Makefile
config.status: creating test/cintltst/Makefile
config.status: creating test/iotest/Makefile
config.status: creating test/letest/Makefile
config.status: creating test/perf/Makefile
config.status: creating test/perf/collationperf/Makefile
config.status: creating test/perf/collperf/Makefile
config.status: creating test/perf/collperf2/Makefile
config.status: creating test/perf/dicttrieperf/Makefile
config.status: creating test/perf/ubrkperf/Makefile
config.status: creating test/perf/charperf/Makefile
config.status: creating test/perf/convperf/Makefile
config.status: creating test/perf/localecanperf/Makefile
config.status: creating test/perf/normperf/Makefile
config.status: creating test/perf/DateFmtPerf/Makefile
config.status: creating test/perf/howExpensiveIs/Makefile
config.status: creating test/perf/strsrchperf/Makefile
config.status: creating test/perf/unisetperf/Makefile
config.status: creating test/perf/usetperf/Makefile
config.status: creating test/perf/ustrperf/Makefile
config.status: creating test/perf/utfperf/Makefile
config.status: creating test/perf/utrie2perf/Makefile
config.status: creating test/fuzzer/Makefile
config.status: creating samples/Makefile
Not rebuilding data/rules.mk, assuming prebuilt data in data/in
Spawning Python to generate test/testdata/rules.mk...

ICU for C/C++ 77.1 is ready to be built.
=== Important Notes: ===
Data Packaging: library
 This means: ICU data will be linked with ICU. A shared data library will be built. 
 To locate data: ICU will use the linked data library. If linked with the stub library located in stubdata/, the application can use udata_setCommonData() or set a data path to override.
Building ICU: Use a GNU make such as /usr/bin/gmake to build ICU.
checking the version of "/usr/bin/gmake"... 4.3 (we wanted at least 3.80)
ok
C   apps may want to build with CFLAGS   =  -std=c11
C++ apps may want to build with CXXFLAGS =  -std=c++17

If the result of the above commands looks okay to you, go to the directory
source in the ICU distribution to build ICU. Please remember that ICU needs
GNU make to build properly...

===== third_party/build-deps/icu-host/make-host.log =====
   cc	 ...  ../../../icu/source/tools/pkgdata/pkgtypes.c
config.status: creating tools/pkgdata/pkgdata.1
c++ -O3  -W -Wall -pedantic -Wpointer-arith -Wwrite-strings -Wno-long-long -std=c++17     -o ../../bin/pkgdata pkgdata.o pkgtypes.o -L../../lib -licutu -L../../lib -licui18n -L../../lib -licuuc -L../../stubdata -licudata -lpthread -lm  
make[2]: Leaving directory '/workspaces/.riftengine/WebkitWasm/third_party/build-deps/icu-host/tools/pkgdata'
make[1]: Making `all' in `gentest'
make[2]: Entering directory '/workspaces/.riftengine/WebkitWasm/third_party/build-deps/icu-host/tools/gentest'
   (deps)	 ../../../icu/source/tools/gentest/gentest.c
   (deps)	 ../../../icu/source/tools/gentest/genres32.c
   cc	 ...  ../../../icu/source/tools/gentest/genres32.c
   cc	 ...  ../../../icu/source/tools/gentest/gentest.c
c++ -O3  -W -Wall -pedantic -Wpointer-arith -Wwrite-strings -Wno-long-long -std=c++17     -o gentest genres32.o gentest.o -L../../tools/ctestfw -licutest -L../../lib -licutu -L../../lib -licui18n -L../../lib -licuuc -L../../stubdata -licudata -lpthread -lm   
make[2]: Leaving directory '/workspaces/.riftengine/WebkitWasm/third_party/build-deps/icu-host/tools/gentest'
make[1]: Making `all' in `gennorm2'
make[2]: Entering directory '/workspaces/.riftengine/WebkitWasm/third_party/build-deps/icu-host/tools/gennorm2'
   (deps)	 ../../../icu/source/tools/gennorm2/norms.cpp
   (deps)	 ../../../icu/source/tools/gennorm2/n2builder.cpp
   (deps)	 ../../../icu/source/tools/gennorm2/gennorm2.cpp
   (deps)	 ../../../icu/source/tools/gennorm2/extradata.cpp
   c++	 ...  ../../../icu/source/tools/gennorm2/extradata.cpp
   c++	 ...  ../../../icu/source/tools/gennorm2/gennorm2.cpp
   c++	 ...  ../../../icu/source/tools/gennorm2/n2builder.cpp
   c++	 ...  ../../../icu/source/tools/gennorm2/norms.cpp
c++ -O3  -W -Wall -pedantic -Wpointer-arith -Wwrite-strings -Wno-long-long -std=c++17     -o ../../bin/gennorm2 extradata.o gennorm2.o n2builder.o norms.o -L../../lib -licutu -L../../lib -licui18n -L../../lib -licuuc -L../../stubdata -licudata -lpthread -lm  
make[2]: Leaving directory '/workspaces/.riftengine/WebkitWasm/third_party/build-deps/icu-host/tools/gennorm2'
make[1]: Making `all' in `gencfu'
make[2]: Entering directory '/workspaces/.riftengine/WebkitWasm/third_party/build-deps/icu-host/tools/gencfu'
   (deps)	 ../../../icu/source/tools/gencfu/gencfu.cpp
cd ../.. \
 && CONFIG_FILES=tools/gencfu/gencfu.1 CONFIG_HEADERS= /bin/bash ./config.status
   c++	 ...  ../../../icu/source/tools/gencfu/gencfu.cpp
config.status: creating tools/gencfu/gencfu.1
c++ -O3  -W -Wall -pedantic -Wpointer-arith -Wwrite-strings -Wno-long-long -std=c++17     -o ../../bin/gencfu gencfu.o -L../../lib -licutu -L../../lib -licui18n -L../../lib -licuuc -L../../stubdata -licudata -lpthread -lm  
make[2]: Leaving directory '/workspaces/.riftengine/WebkitWasm/third_party/build-deps/icu-host/tools/gencfu'
make[1]: Making `all' in `gendict'
make[2]: Entering directory '/workspaces/.riftengine/WebkitWasm/third_party/build-deps/icu-host/tools/gendict'
   (deps)	 ../../../icu/source/tools/gendict/gendict.cpp
   c++	 ...  ../../../icu/source/tools/gendict/gendict.cpp
cd ../.. \
 && CONFIG_FILES=tools/gendict/gendict.1 CONFIG_HEADERS= /bin/bash ./config.status
config.status: creating tools/gendict/gendict.1
c++ -O3  -W -Wall -pedantic -Wpointer-arith -Wwrite-strings -Wno-long-long -std=c++17     -o ../../bin/gendict gendict.o -L../../lib -licutu -L../../lib -licui18n -L../../lib -licuuc -L../../stubdata -licudata -lpthread -lm  
make[2]: Leaving directory '/workspaces/.riftengine/WebkitWasm/third_party/build-deps/icu-host/tools/gendict'
make[1]: Making `all' in `icuexportdata'
make[2]: Entering directory '/workspaces/.riftengine/WebkitWasm/third_party/build-deps/icu-host/tools/icuexportdata'
   (deps)	 ../../../icu/source/tools/icuexportdata/icuexportdata.cpp
cd ../.. \
 && CONFIG_FILES=tools/icuexportdata/icuexportdata.1 CONFIG_HEADERS= /bin/bash ./config.status
   c++	 ...  ../../../icu/source/tools/icuexportdata/icuexportdata.cpp
config.status: creating tools/icuexportdata/icuexportdata.1
c++ -O3  -W -Wall -pedantic -Wpointer-arith -Wwrite-strings -Wno-long-long -std=c++17     -o ../../bin/icuexportdata icuexportdata.o -L../../lib -licutu -L../../lib -licui18n -L../../lib -licuuc -L../../stubdata -licudata -lpthread -lm  
make[2]: Leaving directory '/workspaces/.riftengine/WebkitWasm/third_party/build-deps/icu-host/tools/icuexportdata'
make[1]: Making `all' in `escapesrc'
make[2]: Entering directory '/workspaces/.riftengine/WebkitWasm/third_party/build-deps/icu-host/tools/escapesrc'
   (deps)	 ../../../icu/source/tools/escapesrc/escapesrc.cpp
   c++	 ...  ../../../icu/source/tools/escapesrc/escapesrc.cpp
c++ -O3  -W -Wall -pedantic -Wpointer-arith -Wwrite-strings -Wno-long-long -std=c++17     -o ../../bin/escapesrc escapesrc.o -lpthread -lm  
make[2]: Leaving directory '/workspaces/.riftengine/WebkitWasm/third_party/build-deps/icu-host/tools/escapesrc'
make[2]: Entering directory '/workspaces/.riftengine/WebkitWasm/third_party/build-deps/icu-host/tools'
make[2]: Nothing to be done for 'all-local'.
make[2]: Leaving directory '/workspaces/.riftengine/WebkitWasm/third_party/build-deps/icu-host/tools'
make[1]: Leaving directory '/workspaces/.riftengine/WebkitWasm/third_party/build-deps/icu-host/tools'
make[0]: Making `all' in `data'
make[1]: Entering directory '/workspaces/.riftengine/WebkitWasm/third_party/build-deps/icu-host/data'
make -f pkgdataMakefile
/bin/bash ../../icu/source/mkinstalldirs ./out/tmp ./out/build/icudt77l
make[2]: Entering directory '/workspaces/.riftengine/WebkitWasm/third_party/build-deps/icu-host/data'
rm -rf icupkg.inc
mkdir ./out
mkdir ./out/tmp
mkdir ./out/build
mkdir ./out/build/icudt77l
Unpacking ../../icu/source/data/in/icudt77l.dat and generating out/tmp/icudata.lst (list of data files)
LD_LIBRARY_PATH=../lib:../stubdata:../tools/ctestfw:$LD_LIBRARY_PATH  ../bin/icupkg -d ./out/build/icudt77l --list -x \* ../../icu/source/data/in/icudt77l.dat -o out/tmp/icudata.lst
make[2]: Leaving directory '/workspaces/.riftengine/WebkitWasm/third_party/build-deps/icu-host/data'
echo timestamp > build-local
LD_LIBRARY_PATH=../stubdata:../tools/ctestfw:../lib:$LD_LIBRARY_PATH  ../bin/pkgdata -O ../data/icupkg.inc -q -c -s /workspaces/.riftengine/WebkitWasm/third_party/build-deps/icu-host/data/out/build/icudt77l -d ../lib -e icudt77  -T ./out/tmp -p icudt77l -m dll -r 77.1 -L icudata ./out/tmp/icudata.lst
pkgdata: cc -D_REENTRANT  -DU_HAVE_ELF_H=1 -DU_HAVE_STRTOD_L=1 -DU_HAVE_XLOCALE_H=0  -DU_ALL_IMPLEMENTATION -DU_ATTRIBUTE_DEPRECATED= -O3  -std=c11 -Wall -pedantic -Wshadow -Wpointer-arith -Wmissing-prototypes -Wwrite-strings   -c -I../../icu/source/common -I../common -DPIC -fPIC -o ./out/tmp/icudt77l_dat.o ./out/tmp/icudt77l_dat.S
pkgdata: cc -O3  -std=c11 -Wall -pedantic -Wshadow -Wpointer-arith -Wmissing-prototypes -Wwrite-strings    -shared -Wl,-Bsymbolic -nodefaultlibs -nostdlib -o ../lib/libicudata.so.77.1 ./out/tmp/icudt77l_dat.o -Wl,-soname -Wl,libicudata.so.77  -Wl,-Bsymbolic
pkgdata: cd ../lib/ && rm -f libicudata.so.77 && ln -s libicudata.so.77.1 libicudata.so.77
pkgdata: cd ../lib/ && rm -f libicudata.so && ln -s libicudata.so.77.1 libicudata.so
echo timestamp > packagedata
make[1]: Leaving directory '/workspaces/.riftengine/WebkitWasm/third_party/build-deps/icu-host/data'
make[0]: Making `all' in `extra'
make[1]: Entering directory '/workspaces/.riftengine/WebkitWasm/third_party/build-deps/icu-host/extra'
make[1]: Making `all' in `scrptrun'
make[2]: Entering directory '/workspaces/.riftengine/WebkitWasm/third_party/build-deps/icu-host/extra/scrptrun'
   (deps)	 ../../../icu/source/extra/scrptrun/srtest.cpp
   (deps)	 ../../../icu/source/extra/scrptrun/scrptrun.cpp
   c++	 ...  ../../../icu/source/extra/scrptrun/scrptrun.cpp
   c++	 ...  ../../../icu/source/extra/scrptrun/srtest.cpp
c++ -O3  -W -Wall -pedantic -Wpointer-arith -Wwrite-strings -Wno-long-long -std=c++17     -o srtest scrptrun.o srtest.o -L../../lib -licuuc -L../../stubdata -licudata 
make[2]: Leaving directory '/workspaces/.riftengine/WebkitWasm/third_party/build-deps/icu-host/extra/scrptrun'
make[1]: Making `all' in `uconv'
make[2]: Entering directory '/workspaces/.riftengine/WebkitWasm/third_party/build-deps/icu-host/extra/uconv'
make -f pkgdataMakefile
   c++	 ...  ../../../icu/source/extra/uconv/uconv.cpp
   cc	 ...  ../../../icu/source/extra/uconv/uwmsg.c
mkdir uconvmsg
LD_LIBRARY_PATH=../../lib:../../stubdata:../../tools/ctestfw:$LD_LIBRARY_PATH  ../../bin/genrb -e UTF-8 -s ../../../icu/source/extra/uconv/resources -d uconvmsg root.txt
make[3]: Entering directory '/workspaces/.riftengine/WebkitWasm/third_party/build-deps/icu-host/extra/uconv'
rm -rf pkgdata.inc
LD_LIBRARY_PATH=../../lib:../../stubdata:../../tools/ctestfw:$LD_LIBRARY_PATH  ../../bin/genrb -e UTF-8 -s ../../../icu/source/extra/uconv/resources -d uconvmsg fr.txt
make[3]: Leaving directory '/workspaces/.riftengine/WebkitWasm/third_party/build-deps/icu-host/extra/uconv'
LD_LIBRARY_PATH=../../lib:../../stubdata:../../tools/ctestfw:$LD_LIBRARY_PATH   ../../bin/pkgdata -p uconvmsg -O pkgdata.inc -m static -s uconvmsg -d uconvmsg -T uconvmsg uconvmsg/uconvmsg.lst
cd ../.. \
 && CONFIG_FILES=extra/uconv/uconv.1 CONFIG_HEADERS= /bin/bash ./config.status
config.status: creating extra/uconv/uconv.1
ar: creating uconvmsg/libuconvmsg.a
pkgdata: cc -D_REENTRANT  -DU_HAVE_ELF_H=1 -DU_HAVE_STRTOD_L=1 -DU_HAVE_XLOCALE_H=0  -DU_ALL_IMPLEMENTATION -DU_ATTRIBUTE_DEPRECATED= -O3  -std=c11 -Wall -pedantic -Wshadow -Wpointer-arith -Wmissing-prototypes -Wwrite-strings   -c -I../../../icu/source/common -I../../common -DPIC -fPIC -o uconvmsg/uconvmsg_dat.o uconvmsg/uconvmsg_dat.S
pkgdata: ar r uconvmsg/libuconvmsg.a uconvmsg/uconvmsg_dat.o
pkgdata: ranlib uconvmsg/libuconvmsg.a
c++ -O3  -W -Wall -pedantic -Wpointer-arith -Wwrite-strings -Wno-long-long -std=c++17     -o ../../bin/uconv uconv.o uwmsg.o -L../../lib -licui18n -L../../lib -licuuc -L../../stubdata -licudata -lpthread -lm   uconvmsg/libuconvmsg.a
make[2]: Leaving directory '/workspaces/.riftengine/WebkitWasm/third_party/build-deps/icu-host/extra/uconv'
make[2]: Entering directory '/workspaces/.riftengine/WebkitWasm/third_party/build-deps/icu-host/extra'
make[2]: Nothing to be done for 'all-local'.
make[2]: Leaving directory '/workspaces/.riftengine/WebkitWasm/third_party/build-deps/icu-host/extra'
make[1]: Leaving directory '/workspaces/.riftengine/WebkitWasm/third_party/build-deps/icu-host/extra'
make[1]: Entering directory '/workspaces/.riftengine/WebkitWasm/third_party/build-deps/icu-host'
Note: rebuild with "make VERBOSE=1 all-local" to show all compiler parameters.
make[1]: Leaving directory '/workspaces/.riftengine/WebkitWasm/third_party/build-deps/icu-host'

===== third_party/build-deps/icu-wasm/config.log =====
U_HAVE_TZSET='1'
U_HAVE_WCHAR_H='1'
U_HAVE_WCSCPY='1'
U_IS_BIG_ENDIAN='0'
U_MAKE='/usr/bin/gmake'
U_NL_LANGINFO_CODESET='CODESET'
U_OVERRIDE_CXX_ALLOCATION='1'
U_TIMEZONE='timezone'
U_TZNAME='tzname'
U_TZSET='tzset'
VERSION='77.1'
ac_ct_CC=''
ac_ct_CXX=''
bindir='${exec_prefix}/bin'
build='x86_64-pc-linux-gnu'
build_alias=''
build_cpu='x86_64'
build_os='linux-gnu'
build_vendor='pc'
cross_buildroot='/workspaces/.riftengine/WebkitWasm/third_party/build-deps/icu-host'
cross_compiling='yes'
datadir='${datarootdir}'
datarootdir='${prefix}/share'
docdir='${datarootdir}/doc/${PACKAGE_TARNAME}'
dvidir='${docdir}'
exec_prefix='${prefix}'
host='wasm32-unknown-emscripten'
host_alias='wasm32-unknown-emscripten'
host_cpu='wasm32'
host_os='emscripten'
host_vendor='unknown'
htmldir='${docdir}'
includedir='${prefix}/include'
infodir='${datarootdir}/info'
libdir='${exec_prefix}/lib'
libexecdir='${exec_prefix}/libexec'
localedir='${datarootdir}/locale'
localstatedir='${prefix}/var'
mandir='${datarootdir}/man'
oldincludedir='/usr/include'
pdfdir='${docdir}'
pkgicudatadir='${datarootdir}'
platform='U_UNKNOWN_PLATFORM'
platform_make_fragment='$(top_srcdir)/config/mh-unknown'
platform_make_fragment_name='mh-unknown'
prefix='/workspaces/.riftengine/WebkitWasm/third_party/wasm-sysroot'
program_transform_name='s,x,x,'
psdir='${docdir}'
runstatedir='${localstatedir}/run'
sbindir='${exec_prefix}/sbin'
sharedstatedir='${prefix}/com'
sysconfdir='${prefix}/etc'
target_alias=''
thepkgicudatadir='${prefix}/share'

## ----------- ##
## confdefs.h. ##
## ----------- ##

/* confdefs.h */
#define PACKAGE_NAME "ICU"
#define PACKAGE_TARNAME "icu4c"
#define PACKAGE_VERSION "77.1"
#define PACKAGE_STRING "ICU 77.1"
#define PACKAGE_BUGREPORT "https://icu.unicode.org/bugs"
#define PACKAGE_URL "https://icu.unicode.org/"
#define HAVE_STDIO_H 1
#define HAVE_STDLIB_H 1
#define HAVE_STRING_H 1
#define HAVE_INTTYPES_H 1
#define HAVE_STDINT_H 1
#define HAVE_STRINGS_H 1
#define HAVE_SYS_STAT_H 1
#define HAVE_SYS_TYPES_H 1
#define HAVE_UNISTD_H 1
#define STDC_HEADERS 1
#define SIZEOF_VOID_P 4
#define HAVE_LIBM 1
#define HAVE_ELF_H 1
#define HAVE_GETTIMEOFDAY 1
#define HAVE_LIBPTHREAD 1
#define HAVE_DIRENT_H 1
#define HAVE_WCHAR_H 1
#define SIZEOF_WCHAR_T 4

configure: exit 0

## ---------------------- ##
## Running config.status. ##
## ---------------------- ##

This file was extended by ICU config.status 77.1, which was
generated by GNU Autoconf 2.72.  Invocation command line was

  CONFIG_FILES    = common/Makefile
  CONFIG_HEADERS  = 
  CONFIG_LINKS    = 
  CONFIG_COMMANDS = 
  $ ./config.status 

on codespaces-d8d5bd

config.status:885: creating common/Makefile

## ---------------------- ##
## Running config.status. ##
## ---------------------- ##

This file was extended by ICU config.status 77.1, which was
generated by GNU Autoconf 2.72.  Invocation command line was

  CONFIG_FILES    = ./config/icu-config.1
  CONFIG_HEADERS  = 
  CONFIG_LINKS    = 
  CONFIG_COMMANDS = 
  $ ./config.status 

on codespaces-d8d5bd

config.status:885: creating ./config/icu-config.1

===== third_party/build-deps/icu-wasm/configure-wasm.log =====
checking whether to build static libraries... yes
checking whether we can use static library optimization option... yes
checking whether to enable auto cleanup of libraries... no
checking whether to enable draft APIs... yes
checking for wasm32-unknown-emscripten-ranlib... /workspaces/.riftengine/WebkitWasm/third_party/emsdk/upstream/emscripten/emranlib
checking for a sed that does not truncate output... /usr/bin/sed
checking for wasm32-unknown-emscripten-ar... /workspaces/.riftengine/WebkitWasm/third_party/emsdk/upstream/emscripten/emar
checking whether to enable renaming of symbols... yes
checking whether to enable function and data tracing... no
checking for elf.h... yes
checking whether to enable dynamic loading of plugins. Ignored if plugins disabled.... no
checking for gettimeofday... yes
checking if we have a C++ compiler... Good
checking if we have a C++17 compiler... yes
configure: Adding CXXFLAGS option -std=c++17
checking for pthread_attr_init in -lpthread... yes
checking for mmap... yes
checking for genccode assembly... 
checking for dirent.h... yes
checking whether byte ordering is bigendian... no
checking for nl_langinfo... yes
checking for nl_langinfo's argument to obtain the codeset... CODESET
checking for properly overriding new and delete... yes
checking for placement new and delete... yes
checking for popen... yes
checking for tzset... yes
checking for tzname... yes
checking for timezone... yes
checking for strtod_l... yes
checking for xlocale.h... yes
checking for wchar.h... yes
checking for library containing wcscpy... none required
checking size of wchar_t... 4
checking for UTF-16 string literal support... available
checking for a library suffix to use... none
CPPFLAGS= $(THREADSCPPFLAGS)  -DU_HAVE_ELF_H=1 -DU_ENABLE_DYLOAD=0 -DU_HAVE_STRTOD_L=1 -DU_HAVE_XLOCALE_H=1 
CFLAGS=-O2 -pthread -std=c11 -Wall -pedantic -Wshadow -Wpointer-arith -Wmissing-prototypes -Wwrite-strings $(THREADSCFLAGS) 
CXXFLAGS=-O2 -pthread -W -Wall -pedantic -Wpointer-arith -Wwrite-strings -Wno-long-long -std=c++17 $(THREADSCXXFLAGS) 
configure: creating ./config.status
config.status: creating icudefs.mk
config.status: creating Makefile
config.status: creating data/pkgdataMakefile
config.status: creating config/Makefile.inc
config.status: creating config/icu.pc
config.status: creating config/pkgdataMakefile
config.status: creating data/Makefile
config.status: creating stubdata/Makefile
config.status: creating common/Makefile
config.status: creating i18n/Makefile
config.status: creating layoutex/Makefile
config.status: creating io/Makefile
config.status: creating extra/Makefile
config.status: creating extra/uconv/Makefile
config.status: creating extra/uconv/pkgdataMakefile
config.status: creating extra/scrptrun/Makefile
config.status: creating tools/Makefile
config.status: creating tools/ctestfw/Makefile
config.status: creating tools/toolutil/Makefile
config.status: creating tools/makeconv/Makefile
config.status: creating tools/genrb/Makefile
config.status: creating tools/genccode/Makefile
config.status: creating tools/gencmn/Makefile
config.status: creating tools/gencnval/Makefile
config.status: creating tools/gendict/Makefile
config.status: creating tools/gentest/Makefile
config.status: creating tools/gennorm2/Makefile
config.status: creating tools/genbrk/Makefile
config.status: creating tools/gensprep/Makefile
config.status: creating tools/icuinfo/Makefile
config.status: creating tools/icupkg/Makefile
config.status: creating tools/icuswap/Makefile
config.status: creating tools/pkgdata/Makefile
config.status: creating tools/icuexportdata/Makefile
config.status: creating tools/tzcode/Makefile
config.status: creating tools/gencfu/Makefile
config.status: creating tools/escapesrc/Makefile
config.status: creating test/Makefile
config.status: creating test/compat/Makefile
config.status: creating test/testdata/Makefile
config.status: creating test/testdata/pkgdataMakefile
config.status: creating test/hdrtst/Makefile
config.status: creating test/intltest/Makefile
config.status: creating test/cintltst/Makefile
config.status: creating test/iotest/Makefile
config.status: creating test/letest/Makefile
config.status: creating test/perf/Makefile
config.status: creating test/perf/collationperf/Makefile
config.status: creating test/perf/collperf/Makefile
config.status: creating test/perf/collperf2/Makefile
config.status: creating test/perf/dicttrieperf/Makefile
config.status: creating test/perf/ubrkperf/Makefile
config.status: creating test/perf/charperf/Makefile
config.status: creating test/perf/convperf/Makefile
config.status: creating test/perf/localecanperf/Makefile
config.status: creating test/perf/normperf/Makefile
config.status: creating test/perf/DateFmtPerf/Makefile
config.status: creating test/perf/howExpensiveIs/Makefile
config.status: creating test/perf/strsrchperf/Makefile
config.status: creating test/perf/unisetperf/Makefile
config.status: creating test/perf/usetperf/Makefile
config.status: creating test/perf/ustrperf/Makefile
config.status: creating test/perf/utfperf/Makefile
config.status: creating test/perf/utrie2perf/Makefile
config.status: creating test/fuzzer/Makefile
config.status: creating samples/Makefile
Not rebuilding data/rules.mk, assuming prebuilt data in data/in
Spawning Python to generate test/testdata/rules.mk...

ICU for C/C++ 77.1 is ready to be built.
=== Important Notes: ===
Data Packaging: archive
 This means: ICU data will be stored in a single .dat file.
 To locate data: ICU will look in /workspaces/.riftengine/WebkitWasm/third_party/wasm-sysroot/share/icu/77.1 which is the installation location. Call u_setDataDirectory() or use the ICU_DATA environment variable to override.
Building ICU: Use a GNU make such as /usr/bin/gmake to build ICU.
checking the version of "/usr/bin/gmake"... 4.3 (we wanted at least 3.80)
ok
C   apps may want to build with CFLAGS   =  -std=c11
C++ apps may want to build with CXXFLAGS =  -std=c++17
## Note: you have disabled ICU's tools. This ICU cannot build its own data or tests.
## Expect build failures in the 'data', 'test', and other directories.

===== third_party/build-deps/icu-wasm/install-wasm.log =====
/usr/bin/install -c -m 644 ../../icu/source/i18n/unicode/displayoptions.h /workspaces/.riftengine/WebkitWasm/third_party/wasm-sysroot/include/unicode
/usr/bin/install -c -m 644 ../../icu/source/i18n/unicode/dtfmtsym.h /workspaces/.riftengine/WebkitWasm/third_party/wasm-sysroot/include/unicode
/usr/bin/install -c -m 644 ../../icu/source/i18n/unicode/dtitvfmt.h /workspaces/.riftengine/WebkitWasm/third_party/wasm-sysroot/include/unicode
/usr/bin/install -c -m 644 ../../icu/source/i18n/unicode/dtitvinf.h /workspaces/.riftengine/WebkitWasm/third_party/wasm-sysroot/include/unicode
/usr/bin/install -c -m 644 ../../icu/source/i18n/unicode/dtptngen.h /workspaces/.riftengine/WebkitWasm/third_party/wasm-sysroot/include/unicode
/usr/bin/install -c -m 644 ../../icu/source/i18n/unicode/dtrule.h /workspaces/.riftengine/WebkitWasm/third_party/wasm-sysroot/include/unicode
/usr/bin/install -c -m 644 ../../icu/source/i18n/unicode/fieldpos.h /workspaces/.riftengine/WebkitWasm/third_party/wasm-sysroot/include/unicode
/usr/bin/install -c -m 644 ../../icu/source/i18n/unicode/fmtable.h /workspaces/.riftengine/WebkitWasm/third_party/wasm-sysroot/include/unicode
/usr/bin/install -c -m 644 ../../icu/source/i18n/unicode/format.h /workspaces/.riftengine/WebkitWasm/third_party/wasm-sysroot/include/unicode
/usr/bin/install -c -m 644 ../../icu/source/i18n/unicode/formattednumber.h /workspaces/.riftengine/WebkitWasm/third_party/wasm-sysroot/include/unicode
/usr/bin/install -c -m 644 ../../icu/source/i18n/unicode/formattedvalue.h /workspaces/.riftengine/WebkitWasm/third_party/wasm-sysroot/include/unicode
/usr/bin/install -c -m 644 ../../icu/source/i18n/unicode/fpositer.h /workspaces/.riftengine/WebkitWasm/third_party/wasm-sysroot/include/unicode
/usr/bin/install -c -m 644 ../../icu/source/i18n/unicode/gender.h /workspaces/.riftengine/WebkitWasm/third_party/wasm-sysroot/include/unicode
/usr/bin/install -c -m 644 ../../icu/source/i18n/unicode/gregocal.h /workspaces/.riftengine/WebkitWasm/third_party/wasm-sysroot/include/unicode
/usr/bin/install -c -m 644 ../../icu/source/i18n/unicode/listformatter.h /workspaces/.riftengine/WebkitWasm/third_party/wasm-sysroot/include/unicode
/usr/bin/install -c -m 644 ../../icu/source/i18n/unicode/measfmt.h /workspaces/.riftengine/WebkitWasm/third_party/wasm-sysroot/include/unicode
/usr/bin/install -c -m 644 ../../icu/source/i18n/unicode/measunit.h /workspaces/.riftengine/WebkitWasm/third_party/wasm-sysroot/include/unicode
/usr/bin/install -c -m 644 ../../icu/source/i18n/unicode/measure.h /workspaces/.riftengine/WebkitWasm/third_party/wasm-sysroot/include/unicode
/usr/bin/install -c -m 644 ../../icu/source/i18n/unicode/messageformat2_arguments.h /workspaces/.riftengine/WebkitWasm/third_party/wasm-sysroot/include/unicode
/usr/bin/install -c -m 644 ../../icu/source/i18n/unicode/messageformat2_data_model.h /workspaces/.riftengine/WebkitWasm/third_party/wasm-sysroot/include/unicode
/usr/bin/install -c -m 644 ../../icu/source/i18n/unicode/messageformat2_data_model_names.h /workspaces/.riftengine/WebkitWasm/third_party/wasm-sysroot/include/unicode
/usr/bin/install -c -m 644 ../../icu/source/i18n/unicode/messageformat2_formattable.h /workspaces/.riftengine/WebkitWasm/third_party/wasm-sysroot/include/unicode
/usr/bin/install -c -m 644 ../../icu/source/i18n/unicode/messageformat2_function_registry.h /workspaces/.riftengine/WebkitWasm/third_party/wasm-sysroot/include/unicode
/usr/bin/install -c -m 644 ../../icu/source/i18n/unicode/messageformat2.h /workspaces/.riftengine/WebkitWasm/third_party/wasm-sysroot/include/unicode
/usr/bin/install -c -m 644 ../../icu/source/i18n/unicode/msgfmt.h /workspaces/.riftengine/WebkitWasm/third_party/wasm-sysroot/include/unicode
/usr/bin/install -c -m 644 ../../icu/source/i18n/unicode/nounit.h /workspaces/.riftengine/WebkitWasm/third_party/wasm-sysroot/include/unicode
/usr/bin/install -c -m 644 ../../icu/source/i18n/unicode/numberformatter.h /workspaces/.riftengine/WebkitWasm/third_party/wasm-sysroot/include/unicode
/usr/bin/install -c -m 644 ../../icu/source/i18n/unicode/numberrangeformatter.h /workspaces/.riftengine/WebkitWasm/third_party/wasm-sysroot/include/unicode
/usr/bin/install -c -m 644 ../../icu/source/i18n/unicode/numfmt.h /workspaces/.riftengine/WebkitWasm/third_party/wasm-sysroot/include/unicode
/usr/bin/install -c -m 644 ../../icu/source/i18n/unicode/numsys.h /workspaces/.riftengine/WebkitWasm/third_party/wasm-sysroot/include/unicode
/usr/bin/install -c -m 644 ../../icu/source/i18n/unicode/plurfmt.h /workspaces/.riftengine/WebkitWasm/third_party/wasm-sysroot/include/unicode
/usr/bin/install -c -m 644 ../../icu/source/i18n/unicode/plurrule.h /workspaces/.riftengine/WebkitWasm/third_party/wasm-sysroot/include/unicode
/usr/bin/install -c -m 644 ../../icu/source/i18n/unicode/rbnf.h /workspaces/.riftengine/WebkitWasm/third_party/wasm-sysroot/include/unicode
/usr/bin/install -c -m 644 ../../icu/source/i18n/unicode/rbtz.h /workspaces/.riftengine/WebkitWasm/third_party/wasm-sysroot/include/unicode
/usr/bin/install -c -m 644 ../../icu/source/i18n/unicode/regex.h /workspaces/.riftengine/WebkitWasm/third_party/wasm-sysroot/include/unicode
/usr/bin/install -c -m 644 ../../icu/source/i18n/unicode/region.h /workspaces/.riftengine/WebkitWasm/third_party/wasm-sysroot/include/unicode
/usr/bin/install -c -m 644 ../../icu/source/i18n/unicode/reldatefmt.h /workspaces/.riftengine/WebkitWasm/third_party/wasm-sysroot/include/unicode
/usr/bin/install -c -m 644 ../../icu/source/i18n/unicode/scientificnumberformatter.h /workspaces/.riftengine/WebkitWasm/third_party/wasm-sysroot/include/unicode
/usr/bin/install -c -m 644 ../../icu/source/i18n/unicode/search.h /workspaces/.riftengine/WebkitWasm/third_party/wasm-sysroot/include/unicode
/usr/bin/install -c -m 644 ../../icu/source/i18n/unicode/selfmt.h /workspaces/.riftengine/WebkitWasm/third_party/wasm-sysroot/include/unicode
/usr/bin/install -c -m 644 ../../icu/source/i18n/unicode/simplenumberformatter.h /workspaces/.riftengine/WebkitWasm/third_party/wasm-sysroot/include/unicode
/usr/bin/install -c -m 644 ../../icu/source/i18n/unicode/simpletz.h /workspaces/.riftengine/WebkitWasm/third_party/wasm-sysroot/include/unicode
/usr/bin/install -c -m 644 ../../icu/source/i18n/unicode/smpdtfmt.h /workspaces/.riftengine/WebkitWasm/third_party/wasm-sysroot/include/unicode
/usr/bin/install -c -m 644 ../../icu/source/i18n/unicode/sortkey.h /workspaces/.riftengine/WebkitWasm/third_party/wasm-sysroot/include/unicode
/usr/bin/install -c -m 644 ../../icu/source/i18n/unicode/stsearch.h /workspaces/.riftengine/WebkitWasm/third_party/wasm-sysroot/include/unicode
/usr/bin/install -c -m 644 ../../icu/source/i18n/unicode/tblcoll.h /workspaces/.riftengine/WebkitWasm/third_party/wasm-sysroot/include/unicode
/usr/bin/install -c -m 644 ../../icu/source/i18n/unicode/timezone.h /workspaces/.riftengine/WebkitWasm/third_party/wasm-sysroot/include/unicode
/usr/bin/install -c -m 644 ../../icu/source/i18n/unicode/tmunit.h /workspaces/.riftengine/WebkitWasm/third_party/wasm-sysroot/include/unicode
/usr/bin/install -c -m 644 ../../icu/source/i18n/unicode/tmutamt.h /workspaces/.riftengine/WebkitWasm/third_party/wasm-sysroot/include/unicode
/usr/bin/install -c -m 644 ../../icu/source/i18n/unicode/tmutfmt.h /workspaces/.riftengine/WebkitWasm/third_party/wasm-sysroot/include/unicode
/usr/bin/install -c -m 644 ../../icu/source/i18n/unicode/translit.h /workspaces/.riftengine/WebkitWasm/third_party/wasm-sysroot/include/unicode
/usr/bin/install -c -m 644 ../../icu/source/i18n/unicode/tzfmt.h /workspaces/.riftengine/WebkitWasm/third_party/wasm-sysroot/include/unicode
/usr/bin/install -c -m 644 ../../icu/source/i18n/unicode/tznames.h /workspaces/.riftengine/WebkitWasm/third_party/wasm-sysroot/include/unicode
/usr/bin/install -c -m 644 ../../icu/source/i18n/unicode/tzrule.h /workspaces/.riftengine/WebkitWasm/third_party/wasm-sysroot/include/unicode
/usr/bin/install -c -m 644 ../../icu/source/i18n/unicode/tztrans.h /workspaces/.riftengine/WebkitWasm/third_party/wasm-sysroot/include/unicode
/usr/bin/install -c -m 644 ../../icu/source/i18n/unicode/ucal.h /workspaces/.riftengine/WebkitWasm/third_party/wasm-sysroot/include/unicode
/usr/bin/install -c -m 644 ../../icu/source/i18n/unicode/ucoleitr.h /workspaces/.riftengine/WebkitWasm/third_party/wasm-sysroot/include/unicode
/usr/bin/install -c -m 644 ../../icu/source/i18n/unicode/ucol.h /workspaces/.riftengine/WebkitWasm/third_party/wasm-sysroot/include/unicode
/usr/bin/install -c -m 644 ../../icu/source/i18n/unicode/ucsdet.h /workspaces/.riftengine/WebkitWasm/third_party/wasm-sysroot/include/unicode
/usr/bin/install -c -m 644 ../../icu/source/i18n/unicode/udateintervalformat.h /workspaces/.riftengine/WebkitWasm/third_party/wasm-sysroot/include/unicode
/usr/bin/install -c -m 644 ../../icu/source/i18n/unicode/udat.h /workspaces/.riftengine/WebkitWasm/third_party/wasm-sysroot/include/unicode
/usr/bin/install -c -m 644 ../../icu/source/i18n/unicode/udatpg.h /workspaces/.riftengine/WebkitWasm/third_party/wasm-sysroot/include/unicode
/usr/bin/install -c -m 644 ../../icu/source/i18n/unicode/udisplayoptions.h /workspaces/.riftengine/WebkitWasm/third_party/wasm-sysroot/include/unicode
/usr/bin/install -c -m 644 ../../icu/source/i18n/unicode/ufieldpositer.h /workspaces/.riftengine/WebkitWasm/third_party/wasm-sysroot/include/unicode
/usr/bin/install -c -m 644 ../../icu/source/i18n/unicode/uformattable.h /workspaces/.riftengine/WebkitWasm/third_party/wasm-sysroot/include/unicode
/usr/bin/install -c -m 644 ../../icu/source/i18n/unicode/uformattednumber.h /workspaces/.riftengine/WebkitWasm/third_party/wasm-sysroot/include/unicode
/usr/bin/install -c -m 644 ../../icu/source/i18n/unicode/uformattedvalue.h /workspaces/.riftengine/WebkitWasm/third_party/wasm-sysroot/include/unicode
/usr/bin/install -c -m 644 ../../icu/source/i18n/unicode/ugender.h /workspaces/.riftengine/WebkitWasm/third_party/wasm-sysroot/include/unicode
/usr/bin/install -c -m 644 ../../icu/source/i18n/unicode/ulistformatter.h /workspaces/.riftengine/WebkitWasm/third_party/wasm-sysroot/include/unicode
/usr/bin/install -c -m 644 ../../icu/source/i18n/unicode/ulocdata.h /workspaces/.riftengine/WebkitWasm/third_party/wasm-sysroot/include/unicode
/usr/bin/install -c -m 644 ../../icu/source/i18n/unicode/umsg.h /workspaces/.riftengine/WebkitWasm/third_party/wasm-sysroot/include/unicode
/usr/bin/install -c -m 644 ../../icu/source/i18n/unicode/unirepl.h /workspaces/.riftengine/WebkitWasm/third_party/wasm-sysroot/include/unicode
/usr/bin/install -c -m 644 ../../icu/source/i18n/unicode/unumberformatter.h /workspaces/.riftengine/WebkitWasm/third_party/wasm-sysroot/include/unicode
/usr/bin/install -c -m 644 ../../icu/source/i18n/unicode/unumberoptions.h /workspaces/.riftengine/WebkitWasm/third_party/wasm-sysroot/include/unicode
/usr/bin/install -c -m 644 ../../icu/source/i18n/unicode/unumberrangeformatter.h /workspaces/.riftengine/WebkitWasm/third_party/wasm-sysroot/include/unicode
/usr/bin/install -c -m 644 ../../icu/source/i18n/unicode/unum.h /workspaces/.riftengine/WebkitWasm/third_party/wasm-sysroot/include/unicode
/usr/bin/install -c -m 644 ../../icu/source/i18n/unicode/unumsys.h /workspaces/.riftengine/WebkitWasm/third_party/wasm-sysroot/include/unicode
/usr/bin/install -c -m 644 ../../icu/source/i18n/unicode/upluralrules.h /workspaces/.riftengine/WebkitWasm/third_party/wasm-sysroot/include/unicode
/usr/bin/install -c -m 644 ../../icu/source/i18n/unicode/uregex.h /workspaces/.riftengine/WebkitWasm/third_party/wasm-sysroot/include/unicode
/usr/bin/install -c -m 644 ../../icu/source/i18n/unicode/uregion.h /workspaces/.riftengine/WebkitWasm/third_party/wasm-sysroot/include/unicode
/usr/bin/install -c -m 644 ../../icu/source/i18n/unicode/ureldatefmt.h /workspaces/.riftengine/WebkitWasm/third_party/wasm-sysroot/include/unicode
/usr/bin/install -c -m 644 ../../icu/source/i18n/unicode/usearch.h /workspaces/.riftengine/WebkitWasm/third_party/wasm-sysroot/include/unicode
/usr/bin/install -c -m 644 ../../icu/source/i18n/unicode/usimplenumberformatter.h /workspaces/.riftengine/WebkitWasm/third_party/wasm-sysroot/include/unicode
/usr/bin/install -c -m 644 ../../icu/source/i18n/unicode/uspoof.h /workspaces/.riftengine/WebkitWasm/third_party/wasm-sysroot/include/unicode
/usr/bin/install -c -m 644 ../../icu/source/i18n/unicode/utmscale.h /workspaces/.riftengine/WebkitWasm/third_party/wasm-sysroot/include/unicode
/usr/bin/install -c -m 644 ../../icu/source/i18n/unicode/utrans.h /workspaces/.riftengine/WebkitWasm/third_party/wasm-sysroot/include/unicode
/usr/bin/install -c -m 644 ../../icu/source/i18n/unicode/vtzone.h /workspaces/.riftengine/WebkitWasm/third_party/wasm-sysroot/include/unicode
/bin/bash ../../icu/source/mkinstalldirs /workspaces/.riftengine/WebkitWasm/third_party/wasm-sysroot/lib
/usr/bin/install -c ../lib/libicui18n.a /workspaces/.riftengine/WebkitWasm/third_party/wasm-sysroot/lib
make[1]: Leaving directory '/workspaces/.riftengine/WebkitWasm/third_party/build-deps/icu-wasm/i18n'
make[0]: Making `install' in `io'
make[1]: Entering directory '/workspaces/.riftengine/WebkitWasm/third_party/build-deps/icu-wasm/io'
/bin/bash ../../icu/source/mkinstalldirs /workspaces/.riftengine/WebkitWasm/third_party/wasm-sysroot/include/unicode
/usr/bin/install -c -m 644 ../../icu/source/io/unicode/ustdio.h /workspaces/.riftengine/WebkitWasm/third_party/wasm-sysroot/include/unicode
/usr/bin/install -c -m 644 ../../icu/source/io/unicode/ustream.h /workspaces/.riftengine/WebkitWasm/third_party/wasm-sysroot/include/unicode
/bin/bash ../../icu/source/mkinstalldirs /workspaces/.riftengine/WebkitWasm/third_party/wasm-sysroot/lib
/usr/bin/install -c ../lib/libicuio.a /workspaces/.riftengine/WebkitWasm/third_party/wasm-sysroot/lib
make[1]: Leaving directory '/workspaces/.riftengine/WebkitWasm/third_party/build-deps/icu-wasm/io'
make[0]: Making `install' in `data'
make[1]: Entering directory '/workspaces/.riftengine/WebkitWasm/third_party/build-deps/icu-wasm/data'
/bin/bash ../../icu/source/mkinstalldirs  /workspaces/.riftengine/WebkitWasm/third_party/wasm-sysroot/share/icu/77.1
LD_LIBRARY_PATH=/workspaces/.riftengine/WebkitWasm/third_party/build-deps/icu-host/stubdata:/workspaces/.riftengine/WebkitWasm/third_party/build-deps/icu-host/tools/ctestfw:/workspaces/.riftengine/WebkitWasm/third_party/build-deps/icu-host/lib:$LD_LIBRARY_PATH  /workspaces/.riftengine/WebkitWasm/third_party/build-deps/icu-host/bin/pkgdata -O ../data/icupkg.inc -q -c -s /workspaces/.riftengine/WebkitWasm/third_party/build-deps/icu-wasm/data/out/build/icudt77l -d ./out -m common -r 77.1 -e icudt77  -T ./out/tmp -s ./out/build/icudt77l -p icudt77l  ./out/tmp/icudata.lst -I /workspaces/.riftengine/WebkitWasm/third_party/wasm-sysroot/share/icu/77.1
pkgdata: /usr/bin/install -c ./out/icudt77l.dat /workspaces/.riftengine/WebkitWasm/third_party/wasm-sysroot/share/icu/77.1
make[1]: Leaving directory '/workspaces/.riftengine/WebkitWasm/third_party/build-deps/icu-wasm/data'
make[1]: Entering directory '/workspaces/.riftengine/WebkitWasm/third_party/build-deps/icu-wasm'
/usr/bin/install -c -m 644 ../icu/source/config/mh-unknown /workspaces/.riftengine/WebkitWasm/third_party/wasm-sysroot/share/icu/77.1/config/mh-unknown
/usr/bin/install -c ../icu/source/mkinstalldirs /workspaces/.riftengine/WebkitWasm/third_party/wasm-sysroot/share/icu/77.1/mkinstalldirs
/usr/bin/install -c ../icu/source/install-sh /workspaces/.riftengine/WebkitWasm/third_party/wasm-sysroot/share/icu/77.1/install-sh
/usr/bin/install -c -m 644 ./config/icu-uc.pc ./config/icu-i18n.pc ./config/icu-io.pc /workspaces/.riftengine/WebkitWasm/third_party/wasm-sysroot/lib/pkgconfig/
/usr/bin/install -c -m 644 ../icu/source/../LICENSE /workspaces/.riftengine/WebkitWasm/third_party/wasm-sysroot/share/icu/77.1/LICENSE
/usr/bin/install -c ./config/icu-config /workspaces/.riftengine/WebkitWasm/third_party/wasm-sysroot/bin/icu-config
/usr/bin/install -c -m 644 ./config/Makefile.inc /workspaces/.riftengine/WebkitWasm/third_party/wasm-sysroot/lib/icu/77.1/Makefile.inc
/usr/bin/install -c -m 644 ./config/pkgdata.inc /workspaces/.riftengine/WebkitWasm/third_party/wasm-sysroot/lib/icu/77.1/pkgdata.inc
cd /workspaces/.riftengine/WebkitWasm/third_party/wasm-sysroot/lib/icu/77.1/..; \
    rm -rf current && ln -s 77.1 current; \
    rm -f Makefile.inc && ln -s current/Makefile.inc Makefile.inc; \
    rm -f pkgdata.inc && ln -s current/pkgdata.inc pkgdata.inc
/bin/bash ../icu/source/mkinstalldirs /workspaces/.riftengine/WebkitWasm/third_party/wasm-sysroot/share/man/man1
/usr/bin/install -c -m 644 config/icu-config.1 /workspaces/.riftengine/WebkitWasm/third_party/wasm-sysroot/share/man/man1
make[1]: Leaving directory '/workspaces/.riftengine/WebkitWasm/third_party/build-deps/icu-wasm'

===== third_party/build-deps/icu-wasm/make-wasm.log =====
emmake: "make -j4" in "/workspaces/.riftengine/WebkitWasm/third_party/build-deps/icu-wasm"
rm -rf config/icu-config
rebuilding config/icucross.inc
/usr/bin/install -c ../icu/source/config/icu-config-top config/icu-config
make[0]: Making `all' in `stubdata'
chmod u+w config/icu-config
make[1]: Entering directory '/workspaces/.riftengine/WebkitWasm/third_party/build-deps/icu-wasm/stubdata'
LC_ALL=C /usr/bin/sed -f ../icu/source/config/make2sh.sed < ./config/Makefile.inc | grep -v '#M#' | uniq >> config/icu-config
make[1]: Nothing to be done for 'all'.
make[1]: Leaving directory '/workspaces/.riftengine/WebkitWasm/third_party/build-deps/icu-wasm/stubdata'
make[0]: Making `all' in `common'
make[1]: Entering directory '/workspaces/.riftengine/WebkitWasm/third_party/build-deps/icu-wasm/common'
LC_ALL=C /usr/bin/sed -f ../icu/source/config/make2sh.sed < ../icu/source/config/mh-unknown | grep -v '#M#' | uniq >> config/icu-config
cat ../icu/source/config/icu-config-bottom >> config/icu-config
chmod u-w config/icu-config
Note: rebuild with "make VERBOSE=1 " to show all compiler parameters.
make[1]: Nothing to be done for 'all'.
make[1]: Leaving directory '/workspaces/.riftengine/WebkitWasm/third_party/build-deps/icu-wasm/common'
make[0]: Making `all' in `i18n'
make[1]: Entering directory '/workspaces/.riftengine/WebkitWasm/third_party/build-deps/icu-wasm/i18n'
make[1]: Nothing to be done for 'all'.
make[1]: Leaving directory '/workspaces/.riftengine/WebkitWasm/third_party/build-deps/icu-wasm/i18n'
make[0]: Making `all' in `io'
make[1]: Entering directory '/workspaces/.riftengine/WebkitWasm/third_party/build-deps/icu-wasm/io'
make[1]: Nothing to be done for 'all'.
make[1]: Leaving directory '/workspaces/.riftengine/WebkitWasm/third_party/build-deps/icu-wasm/io'
make[0]: Making `all' in `data'
make[1]: Entering directory '/workspaces/.riftengine/WebkitWasm/third_party/build-deps/icu-wasm/data'
make[1]: Nothing to be done for 'all'.
make[1]: Leaving directory '/workspaces/.riftengine/WebkitWasm/third_party/build-deps/icu-wasm/data'
make[1]: Entering directory '/workspaces/.riftengine/WebkitWasm/third_party/build-deps/icu-wasm'
Note: rebuild with "make VERBOSE=1 all-local" to show all compiler parameters.
make[1]: Leaving directory '/workspaces/.riftengine/WebkitWasm/third_party/build-deps/icu-wasm'

===== third_party/build-deps/libjpeg-turbo-build-build.log =====
[56/145] Building C object CMakeFiles/jpeg-static.dir/jdpostct.c.o
[57/145] Building C object CMakeFiles/jpeg-static.dir/jutils.c.o
[58/145] Building C object CMakeFiles/jpeg-static.dir/jdcolor.c.o
[59/145] Building C object CMakeFiles/jpeg-static.dir/jccoefct.c.o
[60/145] Building C object CMakeFiles/jpeg-static.dir/jcdctmgr.c.o
[61/145] Building C object CMakeFiles/jpeg-static.dir/jfdctfst.c.o
[62/145] Building C object CMakeFiles/jpeg-static.dir/jddctmgr.c.o
[63/145] Building C object CMakeFiles/jpeg-static.dir/jdcoefct.c.o
[64/145] Building C object CMakeFiles/jpeg-static.dir/jfdctint.c.o
[65/145] Building C object CMakeFiles/jpeg-static.dir/jdmerge.c.o
[66/145] Building C object CMakeFiles/jpeg-static.dir/jidctfst.c.o
[67/145] Building C object CMakeFiles/jpeg-static.dir/jidctflt.c.o
[68/145] Building C object CMakeFiles/jpeg-static.dir/jidctred.c.o
[69/145] Building C object CMakeFiles/jpeg-static.dir/jcapimin.c.o
[70/145] Building C object CMakeFiles/jpeg-static.dir/jquant1.c.o
[71/145] Building C object CMakeFiles/jpeg-static.dir/jcicc.c.o
[72/145] Building C object CMakeFiles/jpeg-static.dir/jidctint.c.o
[73/145] Building C object CMakeFiles/jpeg-static.dir/jcinit.c.o
[74/145] Building C object CMakeFiles/jpeg-static.dir/jquant2.c.o
[75/145] Building C object CMakeFiles/jpeg-static.dir/jcomapi.c.o
[76/145] Building C object CMakeFiles/jpeg-static.dir/jclhuff.c.o
[77/145] Building C object CMakeFiles/jpeg-static.dir/jcmarker.c.o
[78/145] Building C object CMakeFiles/jpeg-static.dir/jcmaster.c.o
[79/145] Building C object CMakeFiles/jpeg-static.dir/jcparam.c.o
[80/145] Building C object CMakeFiles/jpeg-static.dir/jdapimin.c.o
[81/145] Building C object CMakeFiles/jpeg-static.dir/jdatasrc.c.o
[82/145] Building C object CMakeFiles/jpeg-static.dir/jctrans.c.o
[83/145] Building C object CMakeFiles/jpeg-static.dir/jdatadst.c.o
[84/145] Building C object CMakeFiles/jpeg-static.dir/jcphuff.c.o
[85/145] Building C object CMakeFiles/jpeg-static.dir/jdinput.c.o
[86/145] Building C object CMakeFiles/jpeg-static.dir/jdicc.c.o
[87/145] Building C object CMakeFiles/jpeg-static.dir/jdlhuff.c.o
[88/145] Building C object CMakeFiles/jpeg-static.dir/jdhuff.c.o
[89/145] Building C object CMakeFiles/jpeg-static.dir/jdtrans.c.o
[90/145] Building C object CMakeFiles/jpeg-static.dir/jdphuff.c.o
[91/145] Building C object CMakeFiles/jpeg-static.dir/jdmarker.c.o
[92/145] Building C object CMakeFiles/jpeg-static.dir/jdmaster.c.o
[93/145] Building C object CMakeFiles/jpeg-static.dir/jerror.c.o
[94/145] Building C object CMakeFiles/jpeg-static.dir/jchuff.c.o
[95/145] Building C object CMakeFiles/jpeg-static.dir/jmemnobs.c.o
[96/145] Building C object CMakeFiles/jpeg-static.dir/jfdctflt.c.o
[97/145] Building C object CMakeFiles/jpeg-static.dir/jaricom.c.o
[98/145] Building C object CMakeFiles/jpeg-static.dir/jpeg_nbits.c.o
[99/145] Building C object CMakeFiles/jpeg-static.dir/jmemmgr.c.o
[100/145] Building C object CMakeFiles/jpeg-static.dir/jcarith.c.o
[101/145] Building C object CMakeFiles/cjpeg12-static.dir/rdgif.c.o
[102/145] Building C object CMakeFiles/cjpeg16-static.dir/rdgif.c.o
[103/145] Building C object CMakeFiles/jpeg-static.dir/jdarith.c.o
[104/145] Building C object CMakeFiles/cjpeg12-static.dir/rdppm.c.o
[105/145] Building C object CMakeFiles/cjpeg16-static.dir/rdppm.c.o
[106/145] Building C object CMakeFiles/cjpeg-static.dir/cjpeg.c.o
[107/145] Building C object CMakeFiles/cjpeg-static.dir/cdjpeg.c.o
[108/145] Linking C static library libjpeg.a
[109/145] Building C object CMakeFiles/cjpeg-static.dir/rdgif.c.o
[110/145] Building C object CMakeFiles/cjpeg-static.dir/rdswitch.c.o
[111/145] Building C object CMakeFiles/cjpeg-static.dir/rdtarga.c.o
[112/145] Building C object CMakeFiles/cjpeg-static.dir/rdbmp.c.o
[113/145] Building C object CMakeFiles/cjpeg-static.dir/rdppm.c.o
[114/145] Building C object CMakeFiles/djpeg12-static.dir/wrppm.c.o
[115/145] Building C object CMakeFiles/djpeg12-static.dir/wrgif.c.o
[116/145] Building C object CMakeFiles/djpeg12-static.dir/rdcolmap.c.o
[117/145] Building C object CMakeFiles/djpeg16-static.dir/wrppm.c.o
[118/145] Building C object CMakeFiles/djpeg-static.dir/rdcolmap.c.o
[119/145] Building C object CMakeFiles/djpeg-static.dir/djpeg.c.o
[120/145] Building C object CMakeFiles/djpeg-static.dir/cdjpeg.c.o
[121/145] Building C object CMakeFiles/djpeg-static.dir/rdswitch.c.o
[122/145] Building C object CMakeFiles/djpeg-static.dir/wrbmp.c.o
[123/145] Building C object CMakeFiles/djpeg-static.dir/wrppm.c.o
[124/145] Building C object CMakeFiles/djpeg-static.dir/wrgif.c.o
[125/145] Building C object CMakeFiles/djpeg-static.dir/wrtarga.c.o
[126/145] Building C object CMakeFiles/jpegtran-static.dir/cdjpeg.c.o
[127/145] Building C object CMakeFiles/jpegtran-static.dir/jpegtran.c.o
[128/145] Building C object CMakeFiles/jpegtran-static.dir/rdswitch.c.o
[129/145] Building C object CMakeFiles/rdjpgcom.dir/rdjpgcom.c.o
[130/145] Building C object CMakeFiles/example-static.dir/example.c.o
[131/145] Building C object CMakeFiles/wrjpgcom.dir/wrjpgcom.c.o
[132/145] Building C object CMakeFiles/jpegtran-static.dir/transupp.c.o
[133/145] Linking C executable rdjpgcom.js
[134/145] Building C object CMakeFiles/strtest.dir/strtest.c.o
[135/145] Linking C executable wrjpgcom.js
[136/145] Building C object md5/CMakeFiles/md5cmp.dir/md5cmp.c.o
[137/145] Building C object md5/CMakeFiles/md5cmp.dir/md5.c.o
[138/145] Building C object md5/CMakeFiles/md5cmp.dir/md5hl.c.o
[139/145] Linking C executable djpeg-static.js
[140/145] Linking C executable cjpeg-static.js
[141/145] Linking C executable example-static.js
[142/145] Linking C executable strtest.js
[143/145] Linking C executable jpegtran-static.js
[144/145] Linking C executable md5/md5cmp.js
[144/145] Install the project...
-- Install configuration: "Release"
-- Installing: /workspaces/.riftengine/WebkitWasm/third_party/wasm-sysroot/lib/libjpeg.a
-- Installing: /workspaces/.riftengine/WebkitWasm/third_party/wasm-sysroot/bin/cjpeg.js
-- Installing: /workspaces/.riftengine/WebkitWasm/third_party/wasm-sysroot/bin/djpeg.js
-- Installing: /workspaces/.riftengine/WebkitWasm/third_party/wasm-sysroot/bin/jpegtran.js
-- Installing: /workspaces/.riftengine/WebkitWasm/third_party/wasm-sysroot/bin/rdjpgcom.js
-- Installing: /workspaces/.riftengine/WebkitWasm/third_party/wasm-sysroot/bin/wrjpgcom.js
-- Installing: /workspaces/.riftengine/WebkitWasm/third_party/wasm-sysroot/share/doc/libjpeg-turbo/README.ijg
-- Installing: /workspaces/.riftengine/WebkitWasm/third_party/wasm-sysroot/share/doc/libjpeg-turbo/README.md
-- Installing: /workspaces/.riftengine/WebkitWasm/third_party/wasm-sysroot/share/doc/libjpeg-turbo/example.c
-- Installing: /workspaces/.riftengine/WebkitWasm/third_party/wasm-sysroot/share/doc/libjpeg-turbo/tjexample.c
-- Installing: /workspaces/.riftengine/WebkitWasm/third_party/wasm-sysroot/share/doc/libjpeg-turbo/libjpeg.txt
-- Installing: /workspaces/.riftengine/WebkitWasm/third_party/wasm-sysroot/share/doc/libjpeg-turbo/structure.txt
-- Installing: /workspaces/.riftengine/WebkitWasm/third_party/wasm-sysroot/share/doc/libjpeg-turbo/usage.txt
-- Installing: /workspaces/.riftengine/WebkitWasm/third_party/wasm-sysroot/share/doc/libjpeg-turbo/wizard.txt
-- Installing: /workspaces/.riftengine/WebkitWasm/third_party/wasm-sysroot/share/doc/libjpeg-turbo/LICENSE.md
-- Installing: /workspaces/.riftengine/WebkitWasm/third_party/wasm-sysroot/share/man/man1/cjpeg.1
-- Installing: /workspaces/.riftengine/WebkitWasm/third_party/wasm-sysroot/share/man/man1/djpeg.1
-- Installing: /workspaces/.riftengine/WebkitWasm/third_party/wasm-sysroot/share/man/man1/jpegtran.1
-- Installing: /workspaces/.riftengine/WebkitWasm/third_party/wasm-sysroot/share/man/man1/rdjpgcom.1
-- Installing: /workspaces/.riftengine/WebkitWasm/third_party/wasm-sysroot/share/man/man1/wrjpgcom.1
-- Installing: /workspaces/.riftengine/WebkitWasm/third_party/wasm-sysroot/lib/pkgconfig/libjpeg.pc
-- Installing: /workspaces/.riftengine/WebkitWasm/third_party/wasm-sysroot/lib/cmake/libjpeg-turbo/libjpeg-turboConfig.cmake
-- Installing: /workspaces/.riftengine/WebkitWasm/third_party/wasm-sysroot/lib/cmake/libjpeg-turbo/libjpeg-turboConfigVersion.cmake
-- Installing: /workspaces/.riftengine/WebkitWasm/third_party/wasm-sysroot/lib/cmake/libjpeg-turbo/libjpeg-turboTargets.cmake
-- Installing: /workspaces/.riftengine/WebkitWasm/third_party/wasm-sysroot/lib/cmake/libjpeg-turbo/libjpeg-turboTargets-release.cmake
-- Installing: /workspaces/.riftengine/WebkitWasm/third_party/wasm-sysroot/include/jconfig.h
-- Installing: /workspaces/.riftengine/WebkitWasm/third_party/wasm-sysroot/include/jerror.h
-- Installing: /workspaces/.riftengine/WebkitWasm/third_party/wasm-sysroot/include/jmorecfg.h
-- Installing: /workspaces/.riftengine/WebkitWasm/third_party/wasm-sysroot/include/jpeglib.h

===== third_party/build-deps/libjpeg-turbo-build/CMakeFiles/CMakeOutput.log =====
Determining size of size_t passed with the following output:
Change Dir: '/workspaces/.riftengine/WebkitWasm/third_party/build-deps/libjpeg-turbo-build/CMakeFiles/CMakeTmp'

Run Build Command(s): /usr/bin/ninja -v cmTC_4317e
[1/2] /workspaces/.riftengine/WebkitWasm/third_party/emsdk/upstream/emscripten/emcc   -O2 -pthread -MD -MT CMakeFiles/cmTC_4317e.dir/SIZE_T.c.o -MF CMakeFiles/cmTC_4317e.dir/SIZE_T.c.o.d -o CMakeFiles/cmTC_4317e.dir/SIZE_T.c.o -c /workspaces/.riftengine/WebkitWasm/third_party/build-deps/libjpeg-turbo-build/CMakeFiles/CheckTypeSize/SIZE_T.c
[2/2] : && /workspaces/.riftengine/WebkitWasm/third_party/emsdk/upstream/emscripten/emcc -O2 -pthread  CMakeFiles/cmTC_4317e.dir/SIZE_T.c.o -o cmTC_4317e.js  --oformat=wasm  -sWASM=1 && :



Determining size of unsigned long passed with the following output:
Change Dir: '/workspaces/.riftengine/WebkitWasm/third_party/build-deps/libjpeg-turbo-build/CMakeFiles/CMakeTmp'

Run Build Command(s): /usr/bin/ninja -v cmTC_f5da6
[1/2] /workspaces/.riftengine/WebkitWasm/third_party/emsdk/upstream/emscripten/emcc   -O2 -pthread -MD -MT CMakeFiles/cmTC_f5da6.dir/UNSIGNED_LONG.c.o -MF CMakeFiles/cmTC_f5da6.dir/UNSIGNED_LONG.c.o.d -o CMakeFiles/cmTC_f5da6.dir/UNSIGNED_LONG.c.o -c /workspaces/.riftengine/WebkitWasm/third_party/build-deps/libjpeg-turbo-build/CMakeFiles/CheckTypeSize/UNSIGNED_LONG.c
[2/2] : && /workspaces/.riftengine/WebkitWasm/third_party/emsdk/upstream/emscripten/emcc -O2 -pthread  CMakeFiles/cmTC_f5da6.dir/UNSIGNED_LONG.c.o -o cmTC_f5da6.js  --oformat=wasm  -sWASM=1 && :




===== third_party/build-deps/libjpeg-turbo-build-configure.log =====
emcmake: cmake -S libjpeg-turbo -B libjpeg-turbo-build -GNinja -DCMAKE_BUILD_TYPE=Release -DCMAKE_INSTALL_PREFIX=/workspaces/.riftengine/WebkitWasm/third_party/wasm-sysroot -DCMAKE_FIND_ROOT_PATH=/workspaces/.riftengine/WebkitWasm/third_party/wasm-sysroot -DBUILD_SHARED_LIBS=OFF -DWITH_SIMD=0 -DENABLE_SHARED=0 -DENABLE_STATIC=1 -DWITH_TURBOJPEG=0 -DCMAKE_TOOLCHAIN_FILE=/workspaces/.riftengine/WebkitWasm/third_party/emsdk/upstream/emscripten/cmake/Modules/Platform/Emscripten.cmake -DCMAKE_CROSSCOMPILING_EMULATOR=/workspaces/.riftengine/WebkitWasm/third_party/emsdk/node/24.19.0_64bit/bin/node in directory /workspaces/.riftengine/WebkitWasm/third_party/build-deps
-- CMAKE_BUILD_TYPE = Release
-- VERSION = 3.0.4, BUILD = 20260829
-- 32-bit build (i386)
-- CMAKE_INSTALL_PREFIX = /workspaces/.riftengine/WebkitWasm/third_party/wasm-sysroot
-- CMAKE_INSTALL_BINDIR = bin (/workspaces/.riftengine/WebkitWasm/third_party/wasm-sysroot/bin)
-- CMAKE_INSTALL_DATAROOTDIR = share (/workspaces/.riftengine/WebkitWasm/third_party/wasm-sysroot/share)
-- CMAKE_INSTALL_DOCDIR = share/doc/libjpeg-turbo (/workspaces/.riftengine/WebkitWasm/third_party/wasm-sysroot/share/doc/libjpeg-turbo)
-- CMAKE_INSTALL_INCLUDEDIR = include (/workspaces/.riftengine/WebkitWasm/third_party/wasm-sysroot/include)
-- CMAKE_INSTALL_LIBDIR = lib (/workspaces/.riftengine/WebkitWasm/third_party/wasm-sysroot/lib)
-- CMAKE_INSTALL_MANDIR = share/man (/workspaces/.riftengine/WebkitWasm/third_party/wasm-sysroot/share/man)
-- Shared libraries disabled (ENABLE_SHARED = 0)
-- Static libraries enabled (ENABLE_STATIC = 1)
-- Arithmetic decoding support enabled (WITH_ARITH_DEC = 1)
-- Arithmetic encoding support enabled (WITH_ARITH_ENC = 1)
-- TurboJPEG API library disabled (WITH_TURBOJPEG = 0)
-- TurboJPEG Java wrapper disabled (WITH_JAVA = 0)
-- Emulating libjpeg API/ABI v6.2 (WITH_JPEG7 = 0, WITH_JPEG8 = 0)
-- libjpeg API shared library version = 62.4.0
-- Compiler flags = -O2 -pthread -O3 -DNDEBUG
-- Linker flags =  
-- Looking for sys/types.h
-- Looking for sys/types.h - found
-- Looking for stdint.h
-- Looking for stdint.h - found
-- Looking for stddef.h
-- Looking for stddef.h - found
-- Check size of size_t
-- Check size of size_t - done
-- Check size of unsigned long
-- Check size of unsigned long - done
-- Performing Test HAVE_BUILTIN_CTZL
-- Performing Test HAVE_BUILTIN_CTZL - Success
-- Performing Test HIDDEN_WORKS
-- Performing Test HIDDEN_WORKS - Success
-- HIDDEN = __attribute__((visibility("hidden")))
-- Performing Test INLINE_WORKS
-- Performing Test INLINE_WORKS - Success
-- INLINE = __inline__ __attribute__((always_inline)) (FORCE_INLINE = 1)
-- Performing Test HAVE_THREAD_LOCAL
-- Performing Test HAVE_THREAD_LOCAL - Success
-- THREAD_LOCAL = __thread
-- Performing Test HAVE_VERSION_SCRIPT
-- Performing Test HAVE_VERSION_SCRIPT - Success
-- Linker supports GNU-style version scripts
-- CMAKE_EXECUTABLE_SUFFIX = .js
-- SIMD extensions: None (WITH_SIMD = 0)
-- FLOATTEST8 = 
-- FLOATTEST12 = 
-- Configuring done (12.1s)
-- Generating done (0.0s)
-- Build files have been written to: /workspaces/.riftengine/WebkitWasm/third_party/build-deps/libjpeg-turbo-build

===== third_party/build-deps/libjpeg-turbo/change.log =====
duplicates of the prior line unless the image height mod 16 was 1 or 2.

Repair minor problems in VMS, BCC, MC6 makefiles.

New configure script based on latest GNU Autoconf.

Correct the list of include files needed by MetroWerks C for ccommand().

Numerous small documentation updates.


Version 6  2-Aug-95
-------------------

Progressive JPEG support: library can read and write full progressive JPEG
files.  A "buffered image" mode supports incremental decoding for on-the-fly
display of progressive images.  Simply recompiling an existing IJG-v5-based
decoder with v6 should allow it to read progressive files, though of course
without any special progressive display.

New "jpegtran" application performs lossless transcoding between different
JPEG formats; primarily, it can be used to convert baseline to progressive
JPEG and vice versa.  In support of jpegtran, the library now allows lossless
reading and writing of JPEG files as DCT coefficient arrays.  This ability
may be of use in other applications.

Notes for programmers:
* We changed jpeg_start_decompress() to be able to suspend; this makes all
decoding modes available to suspending-input applications.  However,
existing applications that use suspending input will need to be changed
to check the return value from jpeg_start_decompress().  You don't need to
do anything if you don't use a suspending data source.
* We changed the interface to the virtual array routines: access_virt_array
routines now take a count of the number of rows to access this time.  The
last parameter to request_virt_array routines is now interpreted as the
maximum number of rows that may be accessed at once, but not necessarily
the height of every access.


Version 5b  15-Mar-95
---------------------

Correct bugs with grayscale images having v_samp_factor > 1.

jpeg_write_raw_data() now supports output suspension.

Correct bugs in "configure" script for case of compiling in
a directory other than the one containing the source files.

Repair bug in jquant1.c: sometimes didn't use as many colors as it could.

Borland C makefile and jconfig file work under either MS-DOS or OS/2.

Miscellaneous improvements to documentation.


Version 5a  7-Dec-94
--------------------

Changed color conversion roundoff behavior so that grayscale values are
represented exactly.  (This causes test image files to change.)

Make ordered dither use 16x16 instead of 4x4 pattern for a small quality
improvement.

New configure script based on latest GNU Autoconf.
Fix configure script to handle CFLAGS correctly.
Rename *.auto files to *.cfg, so that configure script still works if
file names have been truncated for DOS.

Fix bug in rdbmp.c: didn't allow for extra data between header and image.

Modify rdppm.c/wrppm.c to handle 2-byte raw PPM/PGM formats for 12-bit data.

Fix several bugs in rdrle.c.

NEED_SHORT_EXTERNAL_NAMES option was broken.

Revise jerror.h/jerror.c for more flexibility in message table.

Repair oversight in jmemname.c NO_MKTEMP case: file could be there
but unreadable.


Version 5  24-Sep-94
--------------------

Version 5 represents a nearly complete redesign and rewrite of the IJG
software.  Major user-visible changes include:
  * Automatic configuration simplifies installation for most Unix systems.
  * A range of speed vs. image quality tradeoffs are supported.
    This includes resizing of an image during decompression: scaling down
    by a factor of 1/2, 1/4, or 1/8 is handled very efficiently.
  * New programs rdjpgcom and wrjpgcom allow insertion and extraction
    of text comments in a JPEG file.

The application programmer's interface to the library has changed completely.
Notable improvements include:
  * We have eliminated the use of callback routines for handling the
    uncompressed image data.  The application now sees the library as a
    set of routines that it calls to read or write image data on a
    scanline-by-scanline basis.
  * The application image data is represented in a conventional interleaved-
    pixel format, rather than as a separate array for each color channel.
    This can save a copying step in many programs.
  * The handling of compressed data has been cleaned up: the application can
    supply routines to source or sink the compressed data.  It is possible to
    suspend processing on source/sink buffer overrun, although this is not
    supported in all operating modes.
  * All static state has been eliminated from the library, so that multiple
    instances of compression or decompression can be active concurrently.
  * JPEG abbreviated datastream formats are supported, ie, quantization and
    Huffman tables can be stored separately from the image data.
  * And not only that, but the documentation of the library has improved
    considerably!


The last widely used release before the version 5 rewrite was version 4A of
18-Feb-93.  Change logs before that point have been discarded, since they
are not of much interest after the rewrite.

===== third_party/build-deps/libpng-build-build.log =====
ninja: Entering directory `libpng-build'
[1/32] Generating pngprefix.h
[2/32] Generating pnglibconf.c
[3/32] Generating scripts/pnglibconf.c
[4/32] Generating scripts/symbols.out
[5/32] Generating pnglibconf.out
[6/32] Generating scripts/symbols.chk
[7/32] Generating pnglibconf.h
[8/32] Generating scripts/prefix.out
[9/32] Generating scripts/vers.out
[10/32] Generating scripts/sym.out
[11/32] Generating libpng.sym
[12/32] Generating libpng.vers
[13/32] Generating scripts/intprefix.out
[14/32] Building C object CMakeFiles/png_static.dir/pngmem.c.o
[15/32] Building C object CMakeFiles/png_static.dir/pngerror.c.o
[16/32] Building C object CMakeFiles/png_static.dir/pngget.c.o
[17/32] Building C object CMakeFiles/png_static.dir/pngpread.c.o
[18/32] Building C object CMakeFiles/png_static.dir/pngrio.c.o
[19/32] Building C object CMakeFiles/png_static.dir/png.c.o
[20/32] Building C object CMakeFiles/png_static.dir/pngread.c.o
[21/32] Building C object CMakeFiles/png_static.dir/pngwio.c.o
[22/32] Building C object CMakeFiles/png_static.dir/pngtrans.c.o
[23/32] Building C object CMakeFiles/png_static.dir/pngset.c.o
[24/32] Building C object CMakeFiles/png_static.dir/pngrutil.c.o
[25/32] Building C object CMakeFiles/png_static.dir/pngwtran.c.o
[26/32] Building C object CMakeFiles/png_static.dir/pngwrite.c.o
[27/32] Building C object CMakeFiles/png_static.dir/intel/intel_init.c.o
[28/32] Building C object CMakeFiles/png_static.dir/intel/filter_sse2_intrinsics.c.o
[29/32] Building C object CMakeFiles/png_static.dir/pngrtran.c.o
[30/32] Building C object CMakeFiles/png_static.dir/pngwutil.c.o
[31/32] Linking C static library libpng16.a
[31/32] Install the project...
-- Install configuration: "Release"
-- Installing: /workspaces/.riftengine/WebkitWasm/third_party/wasm-sysroot/lib/libpng16.a
-- Installing: /workspaces/.riftengine/WebkitWasm/third_party/wasm-sysroot/lib/libpng.a
-- Installing: /workspaces/.riftengine/WebkitWasm/third_party/wasm-sysroot/include/png.h
-- Installing: /workspaces/.riftengine/WebkitWasm/third_party/wasm-sysroot/include/pngconf.h
-- Installing: /workspaces/.riftengine/WebkitWasm/third_party/wasm-sysroot/include/pnglibconf.h
-- Installing: /workspaces/.riftengine/WebkitWasm/third_party/wasm-sysroot/include/libpng16/png.h
-- Installing: /workspaces/.riftengine/WebkitWasm/third_party/wasm-sysroot/include/libpng16/pngconf.h
-- Installing: /workspaces/.riftengine/WebkitWasm/third_party/wasm-sysroot/include/libpng16/pnglibconf.h
-- Installing: /workspaces/.riftengine/WebkitWasm/third_party/wasm-sysroot/bin/libpng-config
-- Installing: /workspaces/.riftengine/WebkitWasm/third_party/wasm-sysroot/bin/libpng16-config
-- Installing: /workspaces/.riftengine/WebkitWasm/third_party/wasm-sysroot/share/man/man3/libpng.3
-- Installing: /workspaces/.riftengine/WebkitWasm/third_party/wasm-sysroot/share/man/man3/libpngpf.3
-- Installing: /workspaces/.riftengine/WebkitWasm/third_party/wasm-sysroot/share/man/man5/png.5
-- Installing: /workspaces/.riftengine/WebkitWasm/third_party/wasm-sysroot/lib/pkgconfig/libpng.pc
-- Up-to-date: /workspaces/.riftengine/WebkitWasm/third_party/wasm-sysroot/bin/libpng-config
-- Installing: /workspaces/.riftengine/WebkitWasm/third_party/wasm-sysroot/lib/pkgconfig/libpng16.pc
-- Up-to-date: /workspaces/.riftengine/WebkitWasm/third_party/wasm-sysroot/bin/libpng16-config
-- Installing: /workspaces/.riftengine/WebkitWasm/third_party/wasm-sysroot/lib/libpng/libpng16.cmake
-- Installing: /workspaces/.riftengine/WebkitWasm/third_party/wasm-sysroot/lib/libpng/libpng16-release.cmake

===== third_party/build-deps/libpng-build-configure.log =====
emcmake: cmake -S libpng -B libpng-build -GNinja -DCMAKE_BUILD_TYPE=Release -DCMAKE_INSTALL_PREFIX=/workspaces/.riftengine/WebkitWasm/third_party/wasm-sysroot -DCMAKE_FIND_ROOT_PATH=/workspaces/.riftengine/WebkitWasm/third_party/wasm-sysroot -DBUILD_SHARED_LIBS=OFF -DPNG_SHARED=OFF -DPNG_STATIC=ON -DPNG_TESTS=OFF -DPNG_TOOLS=OFF -DZLIB_ROOT=/workspaces/.riftengine/WebkitWasm/third_party/wasm-sysroot -DCMAKE_TOOLCHAIN_FILE=/workspaces/.riftengine/WebkitWasm/third_party/emsdk/upstream/emscripten/cmake/Modules/Platform/Emscripten.cmake -DCMAKE_CROSSCOMPILING_EMULATOR=/workspaces/.riftengine/WebkitWasm/third_party/emsdk/node/24.19.0_64bit/bin/node in directory /workspaces/.riftengine/WebkitWasm/third_party/build-deps
-- The ASM compiler identification is unknown
-- Found assembler: /workspaces/.riftengine/WebkitWasm/third_party/emsdk/upstream/emscripten/emcc
-- Warning: Did not find file Compiler/-ASM
-- Found ZLIB: /workspaces/.riftengine/WebkitWasm/third_party/wasm-sysroot/lib/libz.a (found version "1.3.1")  
-- Performing Test HAVE_LD_VERSION_SCRIPT
-- Performing Test HAVE_LD_VERSION_SCRIPT - Success
-- Found AWK program: /usr/bin/nawk
-- Configuring done (3.7s)
-- Generating done (0.0s)
-- Build files have been written to: /workspaces/.riftengine/WebkitWasm/third_party/build-deps/libpng-build

===== third_party/build-deps/libpsl-build.log =====
    /usr/bin/xgettext --default-domain=libpsl --directory=.. \
      --add-comments=TRANSLATORS: \
      --files-from=./POTFILES.in \
      --copyright-holder='Tim Ruehsen' \
      --package-name="${package_prefix}libpsl" \
      --package-version='0.21.5' \
      --msgid-bugs-address="$msgid_bugs_address" \
      --keyword=_ --keyword=N_  \
    ;; \
esac
test ! -f libpsl.po || { \
  if test -f ./libpsl.pot-header; then \
    sed -e '1,/^#$/d' < libpsl.po > libpsl.1po && \
    cat ./libpsl.pot-header libpsl.1po > libpsl.po && \
    rm -f libpsl.1po \
    || exit 1; \
  fi; \
  if test -f ./libpsl.pot; then \
    sed -f remove-potcdate.sed < ./libpsl.pot > libpsl.1po && \
    sed -f remove-potcdate.sed < libpsl.po > libpsl.2po && \
    if cmp libpsl.1po libpsl.2po >/dev/null 2>&1; then \
      rm -f libpsl.1po libpsl.2po libpsl.po; \
    else \
      rm -f libpsl.1po libpsl.2po ./libpsl.pot && \
      mv libpsl.po ./libpsl.pot; \
    fi; \
  else \
    mv libpsl.po ./libpsl.pot; \
  fi; \
}
make[2]: Leaving directory '/workspaces/.riftengine/WebkitWasm/third_party/build-deps/libpsl/po'
test ! -f ./libpsl.pot || \
  test -z "" || make 
if test "libpsl" = "gettext-tools"; then \
  /usr/bin/mkdir -p /workspaces/.riftengine/WebkitWasm/third_party/wasm-sysroot/share/gettext/po; \
  for file in Makefile.in.in remove-potcdate.sin quot.sed boldquot.sed en@quot.header en@boldquot.header insert-header.sin Rules-quot   Makevars.template; do \
    /usr/bin/install -c -m 644 ./$file \
		    /workspaces/.riftengine/WebkitWasm/third_party/wasm-sysroot/share/gettext/po/$file; \
  done; \
  for file in Makevars; do \
    rm -f /workspaces/.riftengine/WebkitWasm/third_party/wasm-sysroot/share/gettext/po/$file; \
  done; \
else \
  : ; \
fi
make[1]: Leaving directory '/workspaces/.riftengine/WebkitWasm/third_party/build-deps/libpsl/po'
Making install in include
make[1]: Entering directory '/workspaces/.riftengine/WebkitWasm/third_party/build-deps/libpsl/include'
make[2]: Entering directory '/workspaces/.riftengine/WebkitWasm/third_party/build-deps/libpsl/include'
make[2]: Nothing to be done for 'install-exec-am'.
 /usr/bin/mkdir -p '/workspaces/.riftengine/WebkitWasm/third_party/wasm-sysroot/include'
 /usr/bin/install -c -m 644 libpsl.h '/workspaces/.riftengine/WebkitWasm/third_party/wasm-sysroot/include'
make[2]: Leaving directory '/workspaces/.riftengine/WebkitWasm/third_party/build-deps/libpsl/include'
make[1]: Leaving directory '/workspaces/.riftengine/WebkitWasm/third_party/build-deps/libpsl/include'
Making install in src
make[1]: Entering directory '/workspaces/.riftengine/WebkitWasm/third_party/build-deps/libpsl/src'
/usr/bin/python3 ./psl-make-dafsa --output-format=cxx+ "../list/public_suffix_list.dat" suffixes_dafsa.h
make  install-am
make[2]: Entering directory '/workspaces/.riftengine/WebkitWasm/third_party/build-deps/libpsl/src'
  CC       libpsl_la-psl.lo
  CC       libpsl_la-lookup_string_in_fixed_set.lo
  CCLD     libpsl.la
make[3]: Entering directory '/workspaces/.riftengine/WebkitWasm/third_party/build-deps/libpsl/src'
 /usr/bin/mkdir -p '/workspaces/.riftengine/WebkitWasm/third_party/wasm-sysroot/bin'
 /usr/bin/install -c psl-make-dafsa '/workspaces/.riftengine/WebkitWasm/third_party/wasm-sysroot/bin'
 /usr/bin/mkdir -p '/workspaces/.riftengine/WebkitWasm/third_party/wasm-sysroot/lib'
 /usr/bin/mkdir -p '/workspaces/.riftengine/WebkitWasm/third_party/wasm-sysroot/share/man/man1'
 /bin/bash ../libtool   --mode=install /usr/bin/install -c   libpsl.la '/workspaces/.riftengine/WebkitWasm/third_party/wasm-sysroot/lib'
 /usr/bin/install -c -m 644 psl-make-dafsa.1 '/workspaces/.riftengine/WebkitWasm/third_party/wasm-sysroot/share/man/man1'
libtool: install: /usr/bin/install -c .libs/libpsl.lai /workspaces/.riftengine/WebkitWasm/third_party/wasm-sysroot/lib/libpsl.la
libtool: install: /usr/bin/install -c .libs/libpsl.a /workspaces/.riftengine/WebkitWasm/third_party/wasm-sysroot/lib/libpsl.a
libtool: install: chmod 644 /workspaces/.riftengine/WebkitWasm/third_party/wasm-sysroot/lib/libpsl.a
libtool: install: /workspaces/.riftengine/WebkitWasm/third_party/emsdk/upstream/emscripten/emranlib /workspaces/.riftengine/WebkitWasm/third_party/wasm-sysroot/lib/libpsl.a
make[3]: Leaving directory '/workspaces/.riftengine/WebkitWasm/third_party/build-deps/libpsl/src'
make[2]: Leaving directory '/workspaces/.riftengine/WebkitWasm/third_party/build-deps/libpsl/src'
make[1]: Leaving directory '/workspaces/.riftengine/WebkitWasm/third_party/build-deps/libpsl/src'
Making install in tools
make[1]: Entering directory '/workspaces/.riftengine/WebkitWasm/third_party/build-deps/libpsl/tools'
  CC       psl.o
  CCLD     psl
make[2]: Entering directory '/workspaces/.riftengine/WebkitWasm/third_party/build-deps/libpsl/tools'
 /usr/bin/mkdir -p '/workspaces/.riftengine/WebkitWasm/third_party/wasm-sysroot/bin'
 /usr/bin/mkdir -p '/workspaces/.riftengine/WebkitWasm/third_party/wasm-sysroot/share/man/man1'
  /bin/bash ../libtool   --mode=install /usr/bin/install -c psl '/workspaces/.riftengine/WebkitWasm/third_party/wasm-sysroot/bin'
 /usr/bin/install -c -m 644 psl.1 '/workspaces/.riftengine/WebkitWasm/third_party/wasm-sysroot/share/man/man1'
libtool: install: /usr/bin/install -c psl /workspaces/.riftengine/WebkitWasm/third_party/wasm-sysroot/bin/psl
make[2]: Leaving directory '/workspaces/.riftengine/WebkitWasm/third_party/build-deps/libpsl/tools'
make[1]: Leaving directory '/workspaces/.riftengine/WebkitWasm/third_party/build-deps/libpsl/tools'
Making install in fuzz
make[1]: Entering directory '/workspaces/.riftengine/WebkitWasm/third_party/build-deps/libpsl/fuzz'
make[2]: Entering directory '/workspaces/.riftengine/WebkitWasm/third_party/build-deps/libpsl/fuzz'
make[2]: Nothing to be done for 'install-data-am'.
make[2]: Leaving directory '/workspaces/.riftengine/WebkitWasm/third_party/build-deps/libpsl/fuzz'
make[1]: Leaving directory '/workspaces/.riftengine/WebkitWasm/third_party/build-deps/libpsl/fuzz'
Making install in tests
make[1]: Entering directory '/workspaces/.riftengine/WebkitWasm/third_party/build-deps/libpsl/tests'
/usr/bin/python3 ../src/psl-make-dafsa --output-format=binary "../list/public_suffix_list.dat" psl.dafsa
/usr/bin/python3 ../src/psl-make-dafsa --output-format=binary --encoding=ascii "../list/public_suffix_list.dat" psl_ascii.dafsa
make  install-am
make[2]: Entering directory '/workspaces/.riftengine/WebkitWasm/third_party/build-deps/libpsl/tests'
make[3]: Entering directory '/workspaces/.riftengine/WebkitWasm/third_party/build-deps/libpsl/tests'
make[3]: Nothing to be done for 'install-exec-am'.
make[3]: Nothing to be done for 'install-data-am'.
make[3]: Leaving directory '/workspaces/.riftengine/WebkitWasm/third_party/build-deps/libpsl/tests'
make[2]: Leaving directory '/workspaces/.riftengine/WebkitWasm/third_party/build-deps/libpsl/tests'
make[1]: Leaving directory '/workspaces/.riftengine/WebkitWasm/third_party/build-deps/libpsl/tests'
Making install in msvc
make[1]: Entering directory '/workspaces/.riftengine/WebkitWasm/third_party/build-deps/libpsl/msvc'
make[2]: Entering directory '/workspaces/.riftengine/WebkitWasm/third_party/build-deps/libpsl/msvc'
make[2]: Nothing to be done for 'install-exec-am'.
make[2]: Nothing to be done for 'install-data-am'.
make[2]: Leaving directory '/workspaces/.riftengine/WebkitWasm/third_party/build-deps/libpsl/msvc'
make[1]: Leaving directory '/workspaces/.riftengine/WebkitWasm/third_party/build-deps/libpsl/msvc'
make[1]: Entering directory '/workspaces/.riftengine/WebkitWasm/third_party/build-deps/libpsl'
make[2]: Entering directory '/workspaces/.riftengine/WebkitWasm/third_party/build-deps/libpsl'
make[2]: Nothing to be done for 'install-exec-am'.
 /usr/bin/mkdir -p '/workspaces/.riftengine/WebkitWasm/third_party/wasm-sysroot/lib/pkgconfig'
 /usr/bin/install -c -m 644 libpsl.pc '/workspaces/.riftengine/WebkitWasm/third_party/wasm-sysroot/lib/pkgconfig'
make[2]: Leaving directory '/workspaces/.riftengine/WebkitWasm/third_party/build-deps/libpsl'
make[1]: Leaving directory '/workspaces/.riftengine/WebkitWasm/third_party/build-deps/libpsl'

===== third_party/build-deps/libpsl/config.log =====
PSL_TESTFILE='$(top_srcdir)/list/tests/tests.txt'
PYTHON='/usr/bin/python3'
PYTHON_EXEC_PREFIX='${exec_prefix}'
PYTHON_PLATFORM='linux'
PYTHON_PREFIX='${prefix}'
PYTHON_VERSION='3.12'
RANLIB='/workspaces/.riftengine/WebkitWasm/third_party/emsdk/upstream/emscripten/emranlib'
SED='/usr/bin/sed'
SET_MAKE=''
SHELL='/bin/bash'
STRIP='strip'
USE_NLS='yes'
VALGRIND_ENVIRONMENT=''
VERSION='0.21.5'
WITH_LIBICU_FALSE='#'
WITH_LIBICU_TRUE=''
WITH_LIBIDN2_FALSE=''
WITH_LIBIDN2_TRUE='#'
WITH_LIBIDN_FALSE=''
WITH_LIBIDN_TRUE='#'
XGETTEXT='/usr/bin/xgettext'
XGETTEXT_015='/usr/bin/xgettext'
XGETTEXT_EXTRA_OPTIONS=''
XSLTPROC=''
ac_ct_AR=''
ac_ct_CC=''
ac_ct_DUMPBIN=''
am__EXEEXT_FALSE=''
am__EXEEXT_TRUE='#'
am__fastdepCC_FALSE='#'
am__fastdepCC_TRUE=''
am__include='include'
am__isrc=''
am__leading_dot='.'
am__nodep='_no'
am__quote=''
am__tar='$${TAR-tar} chof - "$$tardir"'
am__untar='$${TAR-tar} xf -'
bindir='${exec_prefix}/bin'
build='x86_64-pc-linux-gnu'
build_alias=''
build_cpu='x86_64'
build_os='linux-gnu'
build_vendor='pc'
datadir='${datarootdir}'
datarootdir='${prefix}/share'
docdir='${datarootdir}/doc/${PACKAGE_TARNAME}'
dvidir='${docdir}'
exec_prefix='${prefix}'
host='wasm32-unknown-emscripten'
host_alias='wasm32-unknown-emscripten'
host_cpu='wasm32'
host_os='emscripten'
host_vendor='unknown'
htmldir='${docdir}'
includedir='${prefix}/include'
infodir='${datarootdir}/info'
install_sh='${SHELL} /workspaces/.riftengine/WebkitWasm/third_party/build-deps/libpsl/build-aux/install-sh'
libdir='${exec_prefix}/lib'
libexecdir='${exec_prefix}/libexec'
localedir='${datarootdir}/locale'
localstatedir='${prefix}/var'
mandir='${datarootdir}/man'
mkdir_p='$(MKDIR_P)'
oldincludedir='/usr/include'
pdfdir='${docdir}'
pkgpyexecdir='${pyexecdir}/libpsl'
pkgpythondir='${pythondir}/libpsl'
prefix='/workspaces/.riftengine/WebkitWasm/third_party/wasm-sysroot'
program_transform_name='s,x,x,'
psdir='${docdir}'
pyexecdir='${PYTHON_EXEC_PREFIX}/lib/python3.12/site-packages'
pythondir='${PYTHON_PREFIX}/lib/python3.12/site-packages'
runstatedir='${localstatedir}/run'
sbindir='${exec_prefix}/sbin'
sharedstatedir='${prefix}/com'
sysconfdir='${prefix}/etc'
target_alias=''

## ----------- ##
## confdefs.h. ##
## ----------- ##

/* confdefs.h */
#define PACKAGE_NAME "libpsl"
#define PACKAGE_TARNAME "libpsl"
#define PACKAGE_VERSION "0.21.5"
#define PACKAGE_STRING "libpsl 0.21.5"
#define PACKAGE_BUGREPORT "tim.ruehsen@gmx.de"
#define PACKAGE_URL "https://github.com/rockdaboot/libpsl"
#define HAVE_STDIO_H 1
#define HAVE_STDLIB_H 1
#define HAVE_STRING_H 1
#define HAVE_INTTYPES_H 1
#define HAVE_STDINT_H 1
#define HAVE_STRINGS_H 1
#define HAVE_SYS_STAT_H 1
#define HAVE_SYS_TYPES_H 1
#define HAVE_UNISTD_H 1
#define STDC_HEADERS 1
#define HAVE_DLFCN_H 1
#define LT_OBJDIR ".libs/"
#define HAVE_VISIBILITY 1
#define ENABLE_NLS 1
#define HAVE_GETTEXT 1
#define HAVE_DCGETTEXT 1
#define WITH_LIBICU 1
#define ENABLE_BUILTIN 1
#define HAVE_ICONV 1
#define ICONV_CONST 
#define HAVE_ALLOCA_H 1
#define HAVE_ALLOCA 1
#define HAVE_STRNDUP 1
#define HAVE_CLOCK_GETTIME 1
#define HAVE_FMEMOPEN 1
#define HAVE_NL_LANGINFO 1
#define HAVE_DIRENT_H 1
#define HAVE_STRINGS_H 1

configure: exit 0

===== third_party/build-deps/libpsl-configure.log =====
checking if /workspaces/.riftengine/WebkitWasm/third_party/emsdk/upstream/emscripten/emcc static flag -static works... yes
checking if /workspaces/.riftengine/WebkitWasm/third_party/emsdk/upstream/emscripten/emcc supports -c -o file.o... yes
checking if /workspaces/.riftengine/WebkitWasm/third_party/emsdk/upstream/emscripten/emcc supports -c -o file.o... (cached) yes
checking whether the /workspaces/.riftengine/WebkitWasm/third_party/emsdk/upstream/emscripten/emcc linker (/workspaces/.riftengine/WebkitWasm/third_party/emsdk/upstream/emscripten/emcc) supports shared libraries... emcc (Emscripten gcc/clang-like replacement + linker emulating GNU ld) 6.0.0 (afa15e0c56d1292e073c2c91bafc1d5e0cdf0dd3)
clang version 23.0.0git (https:/github.com/llvm/llvm-project c6c2ad52586c28e74a724570985a48dc0022d250)
Target: wasm32-unknown-emscripten
Thread model: posix
InstalledDir: /workspaces/.riftengine/WebkitWasm/third_party/emsdk/upstream/bin
yes
checking dynamic linker characteristics... no
checking how to hardcode library paths into programs... immediate
checking whether stripping libraries is possible... yes
checking if libtool supports shared libraries... no
checking whether to build shared libraries... no
checking whether to build static libraries... yes
checking whether make supports nested variables... (cached) yes
checking for special C compiler options needed for large files... no
checking for _FILE_OFFSET_BITS value needed for large files... no
checking for inline... inline
checking whether the -Werror option is usable... yes
checking for simple visibility declarations... yes
checking whether NLS is requested... yes
checking for msgfmt... /usr/bin/msgfmt
checking for gmsgfmt... /usr/bin/msgfmt
checking for xgettext... /usr/bin/xgettext
checking for msgmerge... /usr/bin/msgmerge
checking for ld... /workspaces/.riftengine/WebkitWasm/third_party/emsdk/upstream/emscripten/emcc
checking if the linker (/workspaces/.riftengine/WebkitWasm/third_party/emsdk/upstream/emscripten/emcc) is GNU ld... yes
checking for shared library run path origin... done
checking 32-bit host C ABI... unknown
checking how to run the C preprocessor... /workspaces/.riftengine/WebkitWasm/third_party/emsdk/upstream/emscripten/emcc -E
checking for ELF binary format... no
checking for the common suffixes of directories in the library search path... lib,lib32,lib64
checking for CFPreferencesCopyAppValue... no
checking for CFLocaleCopyPreferredLanguages... no
checking for GNU gettext in libc... yes
checking whether to use NLS... yes
checking where the gettext function comes from... libc
checking for wasm32-unknown-emscripten-pkg-config... no
checking for pkg-config... /usr/bin/pkg-config
checking pkg-config is at least version 0.9.0... yes
checking for gtk-doc... no
configure: WARNING:
  You will not be able to create source packages with 'make dist'
  because gtk-doc >= 1.15 is not found.
checking for gtkdoc-check... no
checking for gtkdoc-check... no
checking for gtkdoc-rebase... no
checking for gtkdoc-mkpdf... no
checking whether to build gtk-doc documentation... no
checking for glib-2.0 >= 2.10.0 gobject-2.0  >= 2.10.0... no
checking for a Python interpreter with version >= 2.7... python3
checking for python3... /usr/bin/python3
checking for python3 version... 3.12
checking for python3 platform... linux
checking for GNU default python3 prefix... ${prefix}
checking for GNU default python3 exec_prefix... ${exec_prefix}
checking for python3 script directory (pythondir)... ${PYTHON_PREFIX}/lib/python3.12/site-packages
checking for python3 extension module directory (pyexecdir)... ${PYTHON_EXEC_PREFIX}/lib/python3.12/site-packages
checking for wasm32-unknown-emscripten-pkg-config... /usr/bin/pkg-config
checking pkg-config is at least version 0.9.0... yes
checking for icu-uc... yes
checking for iconv... yes
checking for working iconv... guessing yes
checking for iconv declaration... 
         extern size_t iconv (iconv_t cd, char * *inbuf, size_t *inbytesleft, char * *outbuf, size_t *outbytesleft);
checking for socket in -lsocket... no
checking for library containing clock_gettime... none required
checking for size_t... yes
checking for working alloca.h... yes
checking for alloca... yes
checking for strndup... yes
checking for clock_gettime... yes
checking for fmemopen... yes
checking for nl_langinfo... yes
checking for dirent.h that defines DIR... yes
checking for library containing opendir... none required
checking for strings.h... (cached) yes
checking that generated files are newer than configure... done
configure: creating ./config.status
config.status: creating include/libpsl.h
config.status: creating Makefile
config.status: creating include/Makefile
config.status: creating src/Makefile
config.status: creating tools/Makefile
config.status: creating po/Makefile.in
config.status: creating fuzz/Makefile
config.status: creating tests/Makefile
config.status: creating docs/libpsl/Makefile
config.status: creating docs/libpsl/version.xml
config.status: creating libpsl.pc
config.status: creating msvc/Makefile
config.status: creating msvc/config.h.win32
config.status: creating msvc/config-msvc.mak
config.status: creating config.h
config.status: executing depfiles commands
config.status: executing libtool commands
config.status: executing po-directories commands
config.status: creating po/POTFILES
config.status: creating po/Makefile
configure: Summary of build options:

  Version:           0.21.5
  Host OS:           emscripten
  Install prefix:    /workspaces/.riftengine/WebkitWasm/third_party/wasm-sysroot
  Compiler:          /workspaces/.riftengine/WebkitWasm/third_party/emsdk/upstream/emscripten/emcc
  CFlags:            -I/workspaces/.riftengine/WebkitWasm/third_party/wasm-sysroot/include  -O2 -pthread 
  LDFlags:           
  Libs:              -L/workspaces/.riftengine/WebkitWasm/third_party/wasm-sysroot/lib -licuuc -licudata -lpthread -lm  
  Runtime:           libicu
  Builtin:           yes
  PSL Dist File:     
  PSL File:          $(top_srcdir)/list/public_suffix_list.dat
  PSL Test File:     $(top_srcdir)/list/tests/tests.txt
  Sanitizers:        UBSan no, ASan no, CFI no
  Docs:              no
  Man pages:         no
  Tests:             Valgrind testing not enabled
  Fuzzing build:     no, 


===== third_party/build-deps/libwebp-build-build.log =====
[92/182] Building C object CMakeFiles/webpencode.dir/src/enc/quant_enc.c.o
[93/182] Building C object CMakeFiles/webpencode.dir/src/enc/tree_enc.c.o
[94/182] Building C object CMakeFiles/webpencode.dir/src/enc/webp_enc.c.o
[95/182] Building C object CMakeFiles/webpdsp.dir/src/dsp/cpu.c.o
[96/182] Building C object CMakeFiles/webpdsp.dir/src/dsp/alpha_processing.c.o
[97/182] Building C object CMakeFiles/webpdsp.dir/src/dsp/dec_clip_tables.c.o
[98/182] Building C object CMakeFiles/webpdsp.dir/src/dsp/filters.c.o
[99/182] Building C object CMakeFiles/webpdsp.dir/src/dsp/rescaler.c.o
[100/182] Building C object CMakeFiles/webpdsp.dir/src/dsp/alpha_processing_sse41.c.o
[101/182] Building C object CMakeFiles/webpencode.dir/src/enc/vp8l_enc.c.o
[102/182] Building C object CMakeFiles/webpdsp.dir/src/dsp/dec.c.o
[103/182] Building C object CMakeFiles/webpdsp.dir/src/dsp/lossless.c.o
[104/182] Building C object CMakeFiles/webpdsp.dir/src/dsp/dec_sse41.c.o
[105/182] Building C object CMakeFiles/webpdsp.dir/src/dsp/lossless_sse41.c.o
[106/182] Building C object CMakeFiles/webpdsp.dir/src/dsp/yuv_sse41.c.o
[107/182] Building C object CMakeFiles/webpdsp.dir/src/dsp/yuv.c.o
[108/182] Building C object CMakeFiles/webpdsp.dir/src/dsp/upsampling_sse41.c.o
[109/182] Building C object CMakeFiles/webpdsp.dir/src/dsp/upsampling.c.o
[110/182] Building C object CMakeFiles/webpdsp.dir/src/dsp/alpha_processing_sse2.c.o
[111/182] Building C object CMakeFiles/webpdsp.dir/src/dsp/dec_sse2.c.o
[112/182] Building C object CMakeFiles/webpdsp.dir/src/dsp/lossless_sse2.c.o
[113/182] Building C object CMakeFiles/webpdsp.dir/src/dsp/upsampling_sse2.c.o
[114/182] Building C object CMakeFiles/webpdsp.dir/src/dsp/filters_sse2.c.o
[115/182] Building C object CMakeFiles/webpdsp.dir/src/dsp/rescaler_sse2.c.o
[116/182] Building C object CMakeFiles/webpdsp.dir/src/dsp/yuv_sse2.c.o
[117/182] Building C object CMakeFiles/webpdsp.dir/src/dsp/alpha_processing_neon.c.o
[118/182] Building C object CMakeFiles/webpdsp.dir/src/dsp/rescaler_neon.c.o
[119/182] Building C object CMakeFiles/webpdsp.dir/src/dsp/dec_neon.c.o
[120/182] Building C object CMakeFiles/webpdsp.dir/src/dsp/upsampling_neon.c.o
[121/182] Building C object CMakeFiles/webpdsp.dir/src/dsp/lossless_neon.c.o
[122/182] Building C object CMakeFiles/webpdsp.dir/src/dsp/filters_neon.c.o
[123/182] Building C object CMakeFiles/webpdsp.dir/src/dsp/dec_msa.c.o
[124/182] Building C object CMakeFiles/webpdsp.dir/src/dsp/filters_msa.c.o
[125/182] Building C object CMakeFiles/webpdsp.dir/src/dsp/yuv_neon.c.o
[126/182] Building C object CMakeFiles/webpdsp.dir/src/dsp/lossless_msa.c.o
[127/182] Building C object CMakeFiles/webpdsp.dir/src/dsp/rescaler_msa.c.o
[128/182] Building C object CMakeFiles/webpdsp.dir/src/dsp/upsampling_msa.c.o
[129/182] Building C object CMakeFiles/webpdsp.dir/src/dsp/yuv_mips32.c.o
[130/182] Building C object CMakeFiles/webpdsp.dir/src/dsp/dec_mips32.c.o
[131/182] Building C object CMakeFiles/webpdsp.dir/src/dsp/dec_mips_dsp_r2.c.o
[132/182] Building C object CMakeFiles/webpdsp.dir/src/dsp/rescaler_mips32.c.o
[133/182] Building C object CMakeFiles/webpdsp.dir/src/dsp/alpha_processing_mips_dsp_r2.c.o
[134/182] Building C object CMakeFiles/webpdsp.dir/src/dsp/rescaler_mips_dsp_r2.c.o
[135/182] Building C object CMakeFiles/webpdsp.dir/src/dsp/yuv_mips_dsp_r2.c.o
[136/182] Building C object CMakeFiles/webpdsp.dir/src/dsp/lossless_mips_dsp_r2.c.o
[137/182] Building C object CMakeFiles/webpdsp.dir/src/dsp/filters_mips_dsp_r2.c.o
[138/182] Building C object CMakeFiles/webpdsp.dir/src/dsp/upsampling_mips_dsp_r2.c.o
[139/182] Building C object CMakeFiles/webpdsp.dir/src/dsp/cost.c.o
[140/182] Building C object CMakeFiles/webpdsp.dir/src/dsp/cost_sse2.c.o
[141/182] Building C object CMakeFiles/webpdsp.dir/src/dsp/lossless_enc_sse2.c.o
[142/182] Building C object CMakeFiles/webpdsp.dir/src/dsp/enc_sse2.c.o
[143/182] Building C object CMakeFiles/webpdsp.dir/src/dsp/ssim.c.o
[144/182] Building C object CMakeFiles/webpdsp.dir/src/dsp/lossless_enc.c.o
[145/182] Building C object CMakeFiles/webpdsp.dir/src/dsp/cost_neon.c.o
[146/182] Building C object CMakeFiles/webpdsp.dir/src/dsp/lossless_enc_sse41.c.o
[147/182] Building C object CMakeFiles/webpdsp.dir/src/dsp/ssim_sse2.c.o
[148/182] Building C object CMakeFiles/webpdsp.dir/src/dsp/enc_sse41.c.o
[149/182] Building C object CMakeFiles/webpdsp.dir/src/dsp/enc_neon.c.o
[150/182] Building C object CMakeFiles/webpdsp.dir/src/dsp/lossless_enc_neon.c.o
[151/182] Building C object CMakeFiles/webpdsp.dir/src/dsp/enc.c.o
[152/182] Building C object CMakeFiles/webpdsp.dir/src/dsp/cost_mips32.c.o
[153/182] Building C object CMakeFiles/webpdsp.dir/src/dsp/enc_msa.c.o
[154/182] Building C object CMakeFiles/webpdsp.dir/src/dsp/lossless_enc_msa.c.o
[155/182] Building C object CMakeFiles/webpdsp.dir/src/dsp/enc_mips32.c.o
[156/182] Building C object CMakeFiles/webpdsp.dir/src/dsp/lossless_enc_mips32.c.o
[157/182] Building C object CMakeFiles/webpdsp.dir/src/dsp/enc_mips_dsp_r2.c.o
[158/182] Building C object CMakeFiles/webpdsp.dir/src/dsp/cost_mips_dsp_r2.c.o
[159/182] Building C object CMakeFiles/webpdsp.dir/src/dsp/lossless_enc_mips_dsp_r2.c.o
[160/182] Building C object CMakeFiles/webputils.dir/src/utils/bit_reader_utils.c.o
[161/182] Building C object CMakeFiles/webputils.dir/src/utils/color_cache_utils.c.o
[162/182] Building C object CMakeFiles/webputils.dir/src/utils/filters_utils.c.o
[163/182] Building C object CMakeFiles/webputils.dir/src/utils/huffman_utils.c.o
[164/182] Building C object CMakeFiles/webputils.dir/src/utils/palette.c.o
[165/182] Building C object CMakeFiles/webputils.dir/src/utils/quant_levels_dec_utils.c.o
[166/182] Building C object CMakeFiles/webputils.dir/src/utils/random_utils.c.o
[167/182] Building C object CMakeFiles/webputils.dir/src/utils/thread_utils.c.o
[168/182] Building C object CMakeFiles/webputils.dir/src/utils/rescaler_utils.c.o
[169/182] Building C object CMakeFiles/webputils.dir/src/utils/utils.c.o
[170/182] Building C object CMakeFiles/webputils.dir/src/utils/bit_writer_utils.c.o
[171/182] Building C object CMakeFiles/webputils.dir/src/utils/quant_levels_utils.c.o
[172/182] Building C object CMakeFiles/webputils.dir/src/utils/huffman_encode_utils.c.o
[173/182] Building C object CMakeFiles/webpdemux.dir/src/demux/anim_decode.c.o
[174/182] Building C object CMakeFiles/libwebpmux.dir/src/mux/muxedit.c.o
[175/182] Linking C static library libwebp.a
[176/182] Building C object CMakeFiles/libwebpmux.dir/src/mux/muxinternal.c.o
[177/182] Building C object CMakeFiles/webpdemux.dir/src/demux/demux.c.o
[178/182] Building C object CMakeFiles/libwebpmux.dir/src/mux/muxread.c.o
[179/182] Linking C static library libwebpdemux.a
[180/182] Building C object CMakeFiles/libwebpmux.dir/src/mux/anim_encode.c.o
[181/182] Linking C static library libwebpmux.a
[181/182] Install the project...
-- Install configuration: "Release"
-- Installing: /workspaces/.riftengine/WebkitWasm/third_party/wasm-sysroot/lib/pkgconfig/libsharpyuv.pc
-- Installing: /workspaces/.riftengine/WebkitWasm/third_party/wasm-sysroot/lib/libsharpyuv.a
-- Installing: /workspaces/.riftengine/WebkitWasm/third_party/wasm-sysroot/include/webp/sharpyuv/sharpyuv.h
-- Installing: /workspaces/.riftengine/WebkitWasm/third_party/wasm-sysroot/include/webp/sharpyuv/sharpyuv_csp.h
-- Installing: /workspaces/.riftengine/WebkitWasm/third_party/wasm-sysroot/lib/pkgconfig/libwebpdecoder.pc
-- Installing: /workspaces/.riftengine/WebkitWasm/third_party/wasm-sysroot/lib/pkgconfig/libwebp.pc
-- Installing: /workspaces/.riftengine/WebkitWasm/third_party/wasm-sysroot/lib/pkgconfig/libwebpdemux.pc
-- Installing: /workspaces/.riftengine/WebkitWasm/third_party/wasm-sysroot/lib/pkgconfig/libwebpmux.pc
-- Installing: /workspaces/.riftengine/WebkitWasm/third_party/wasm-sysroot/lib/libwebpdecoder.a
-- Installing: /workspaces/.riftengine/WebkitWasm/third_party/wasm-sysroot/include/webp/decode.h
-- Installing: /workspaces/.riftengine/WebkitWasm/third_party/wasm-sysroot/include/webp/types.h
-- Installing: /workspaces/.riftengine/WebkitWasm/third_party/wasm-sysroot/lib/libwebp.a
-- Up-to-date: /workspaces/.riftengine/WebkitWasm/third_party/wasm-sysroot/include/webp/decode.h
-- Installing: /workspaces/.riftengine/WebkitWasm/third_party/wasm-sysroot/include/webp/encode.h
-- Up-to-date: /workspaces/.riftengine/WebkitWasm/third_party/wasm-sysroot/include/webp/types.h
-- Installing: /workspaces/.riftengine/WebkitWasm/third_party/wasm-sysroot/lib/libwebpdemux.a
-- Up-to-date: /workspaces/.riftengine/WebkitWasm/third_party/wasm-sysroot/include/webp/decode.h
-- Installing: /workspaces/.riftengine/WebkitWasm/third_party/wasm-sysroot/include/webp/demux.h
-- Installing: /workspaces/.riftengine/WebkitWasm/third_party/wasm-sysroot/include/webp/mux_types.h
-- Up-to-date: /workspaces/.riftengine/WebkitWasm/third_party/wasm-sysroot/include/webp/types.h
-- Installing: /workspaces/.riftengine/WebkitWasm/third_party/wasm-sysroot/lib/libwebpmux.a
-- Installing: /workspaces/.riftengine/WebkitWasm/third_party/wasm-sysroot/include/webp/mux.h
-- Up-to-date: /workspaces/.riftengine/WebkitWasm/third_party/wasm-sysroot/include/webp/mux_types.h
-- Up-to-date: /workspaces/.riftengine/WebkitWasm/third_party/wasm-sysroot/include/webp/types.h
-- Installing: /workspaces/.riftengine/WebkitWasm/third_party/wasm-sysroot/share/WebP/cmake/WebPTargets.cmake
-- Installing: /workspaces/.riftengine/WebkitWasm/third_party/wasm-sysroot/share/WebP/cmake/WebPTargets-release.cmake
-- Installing: /workspaces/.riftengine/WebkitWasm/third_party/wasm-sysroot/share/WebP/cmake/WebPConfigVersion.cmake
-- Installing: /workspaces/.riftengine/WebkitWasm/third_party/wasm-sysroot/share/WebP/cmake/WebPConfig.cmake

===== third_party/build-deps/libwebp-build-configure.log =====
emcmake: cmake -S libwebp -B libwebp-build -GNinja -DCMAKE_BUILD_TYPE=Release -DCMAKE_INSTALL_PREFIX=/workspaces/.riftengine/WebkitWasm/third_party/wasm-sysroot -DCMAKE_FIND_ROOT_PATH=/workspaces/.riftengine/WebkitWasm/third_party/wasm-sysroot -DBUILD_SHARED_LIBS=OFF -DWEBP_BUILD_ANIM_UTILS=OFF -DWEBP_BUILD_CWEBP=OFF -DWEBP_BUILD_DWEBP=OFF -DWEBP_BUILD_GIF2WEBP=OFF -DWEBP_BUILD_IMG2WEBP=OFF -DWEBP_BUILD_VWEBP=OFF -DWEBP_BUILD_WEBPINFO=OFF -DWEBP_BUILD_WEBPMUX=OFF -DWEBP_BUILD_EXTRAS=OFF -DCMAKE_TOOLCHAIN_FILE=/workspaces/.riftengine/WebkitWasm/third_party/emsdk/upstream/emscripten/cmake/Modules/Platform/Emscripten.cmake -DCMAKE_CROSSCOMPILING_EMULATOR=/workspaces/.riftengine/WebkitWasm/third_party/emsdk/node/24.19.0_64bit/bin/node in directory /workspaces/.riftengine/WebkitWasm/third_party/build-deps
-- Performing Test HAVE_BUILTIN_BSWAP16
-- Performing Test HAVE_BUILTIN_BSWAP16 - Success
-- Performing Test HAVE_BUILTIN_BSWAP32
-- Performing Test HAVE_BUILTIN_BSWAP32 - Success
-- Performing Test HAVE_BUILTIN_BSWAP64
-- Performing Test HAVE_BUILTIN_BSWAP64 - Success
-- Performing Test CMAKE_HAVE_LIBC_PTHREAD
-- Performing Test CMAKE_HAVE_LIBC_PTHREAD - Success
-- Found Threads: TRUE  
-- Performing Test HAVE_MATH_LIBRARY
-- Performing Test HAVE_MATH_LIBRARY - Success
-- Looking for include file GLUT/glut.h
-- Looking for include file GLUT/glut.h - not found
-- Looking for include file GL/glut.h
-- Looking for include file GL/glut.h - found
-- Looking for include file OpenGL/glut.h
-- Looking for include file OpenGL/glut.h - not found
-- Looking for include file shlwapi.h
-- Looking for include file shlwapi.h - not found
-- Looking for include file unistd.h
-- Looking for include file unistd.h - found
-- Looking for include file wincodec.h
-- Looking for include file wincodec.h - not found
-- Looking for include file windows.h
-- Looking for include file windows.h - not found
-- Disabling SSE41 optimization.
-- Disabling SSE41 optimization.
-- Performing Test HAS_COMPILE_FLAG
-- Performing Test HAS_COMPILE_FLAG - Failed
-- Disabling SSE2 optimization.
-- Disabling SSE2 optimization.
-- Performing Test HAS_COMPILE_FLAG
-- Performing Test HAS_COMPILE_FLAG - Failed
-- Configuring done (13.4s)
-- Generating done (0.0s)
-- Build files have been written to: /workspaces/.riftengine/WebkitWasm/third_party/build-deps/libwebp-build

===== third_party/build-deps/libxml2-build-build.log =====
-- Installing: /workspaces/.riftengine/WebkitWasm/third_party/wasm-sysroot/share/doc/libxml2/examples/parse4.c
-- Installing: /workspaces/.riftengine/WebkitWasm/third_party/wasm-sysroot/share/doc/libxml2/examples/index.html
-- Installing: /workspaces/.riftengine/WebkitWasm/third_party/wasm-sysroot/share/doc/libxml2/examples/io1.c
-- Installing: /workspaces/.riftengine/WebkitWasm/third_party/wasm-sysroot/share/doc/libxml2/xmllint.html
-- Installing: /workspaces/.riftengine/WebkitWasm/third_party/wasm-sysroot/share/doc/libxml2/tutorial
-- Installing: /workspaces/.riftengine/WebkitWasm/third_party/wasm-sysroot/share/doc/libxml2/tutorial/images
-- Installing: /workspaces/.riftengine/WebkitWasm/third_party/wasm-sysroot/share/doc/libxml2/tutorial/images/note.png
-- Installing: /workspaces/.riftengine/WebkitWasm/third_party/wasm-sysroot/share/doc/libxml2/tutorial/images/toc-plus.png
-- Installing: /workspaces/.riftengine/WebkitWasm/third_party/wasm-sysroot/share/doc/libxml2/tutorial/images/next.png
-- Installing: /workspaces/.riftengine/WebkitWasm/third_party/wasm-sysroot/share/doc/libxml2/tutorial/images/warning.png
-- Installing: /workspaces/.riftengine/WebkitWasm/third_party/wasm-sysroot/share/doc/libxml2/tutorial/images/up.png
-- Installing: /workspaces/.riftengine/WebkitWasm/third_party/wasm-sysroot/share/doc/libxml2/tutorial/images/toc-minus.png
-- Installing: /workspaces/.riftengine/WebkitWasm/third_party/wasm-sysroot/share/doc/libxml2/tutorial/images/home.png
-- Installing: /workspaces/.riftengine/WebkitWasm/third_party/wasm-sysroot/share/doc/libxml2/tutorial/images/prev.png
-- Installing: /workspaces/.riftengine/WebkitWasm/third_party/wasm-sysroot/share/doc/libxml2/tutorial/images/caution.png
-- Installing: /workspaces/.riftengine/WebkitWasm/third_party/wasm-sysroot/share/doc/libxml2/tutorial/images/draft.png
-- Installing: /workspaces/.riftengine/WebkitWasm/third_party/wasm-sysroot/share/doc/libxml2/tutorial/images/tip.png
-- Installing: /workspaces/.riftengine/WebkitWasm/third_party/wasm-sysroot/share/doc/libxml2/tutorial/images/important.png
-- Installing: /workspaces/.riftengine/WebkitWasm/third_party/wasm-sysroot/share/doc/libxml2/tutorial/images/blank.png
-- Installing: /workspaces/.riftengine/WebkitWasm/third_party/wasm-sysroot/share/doc/libxml2/tutorial/images/callouts
-- Installing: /workspaces/.riftengine/WebkitWasm/third_party/wasm-sysroot/share/doc/libxml2/tutorial/images/callouts/1.png
-- Installing: /workspaces/.riftengine/WebkitWasm/third_party/wasm-sysroot/share/doc/libxml2/tutorial/images/callouts/5.png
-- Installing: /workspaces/.riftengine/WebkitWasm/third_party/wasm-sysroot/share/doc/libxml2/tutorial/images/callouts/10.png
-- Installing: /workspaces/.riftengine/WebkitWasm/third_party/wasm-sysroot/share/doc/libxml2/tutorial/images/callouts/9.png
-- Installing: /workspaces/.riftengine/WebkitWasm/third_party/wasm-sysroot/share/doc/libxml2/tutorial/images/callouts/7.png
-- Installing: /workspaces/.riftengine/WebkitWasm/third_party/wasm-sysroot/share/doc/libxml2/tutorial/images/callouts/2.png
-- Installing: /workspaces/.riftengine/WebkitWasm/third_party/wasm-sysroot/share/doc/libxml2/tutorial/images/callouts/3.png
-- Installing: /workspaces/.riftengine/WebkitWasm/third_party/wasm-sysroot/share/doc/libxml2/tutorial/images/callouts/8.png
-- Installing: /workspaces/.riftengine/WebkitWasm/third_party/wasm-sysroot/share/doc/libxml2/tutorial/images/callouts/6.png
-- Installing: /workspaces/.riftengine/WebkitWasm/third_party/wasm-sysroot/share/doc/libxml2/tutorial/images/callouts/4.png
-- Installing: /workspaces/.riftengine/WebkitWasm/third_party/wasm-sysroot/share/doc/libxml2/tutorial/images/toc-blank.png
-- Installing: /workspaces/.riftengine/WebkitWasm/third_party/wasm-sysroot/share/doc/libxml2/tutorial/api.html
-- Installing: /workspaces/.riftengine/WebkitWasm/third_party/wasm-sysroot/share/doc/libxml2/tutorial/includekeyword.c
-- Installing: /workspaces/.riftengine/WebkitWasm/third_party/wasm-sysroot/share/doc/libxml2/tutorial/ar01s07.html
-- Installing: /workspaces/.riftengine/WebkitWasm/third_party/wasm-sysroot/share/doc/libxml2/tutorial/apb.html
-- Installing: /workspaces/.riftengine/WebkitWasm/third_party/wasm-sysroot/share/doc/libxml2/tutorial/includeconvert.c
-- Installing: /workspaces/.riftengine/WebkitWasm/third_party/wasm-sysroot/share/doc/libxml2/tutorial/ar01s06.html
-- Installing: /workspaces/.riftengine/WebkitWasm/third_party/wasm-sysroot/share/doc/libxml2/tutorial/ar01s08.html
-- Installing: /workspaces/.riftengine/WebkitWasm/third_party/wasm-sysroot/share/doc/libxml2/tutorial/apg.html
-- Installing: /workspaces/.riftengine/WebkitWasm/third_party/wasm-sysroot/share/doc/libxml2/tutorial/ar01s02.html
-- Installing: /workspaces/.riftengine/WebkitWasm/third_party/wasm-sysroot/share/doc/libxml2/tutorial/includeaddkeyword.c
-- Installing: /workspaces/.riftengine/WebkitWasm/third_party/wasm-sysroot/share/doc/libxml2/tutorial/includeaddattribute.c
-- Installing: /workspaces/.riftengine/WebkitWasm/third_party/wasm-sysroot/share/doc/libxml2/tutorial/ix01.html
-- Installing: /workspaces/.riftengine/WebkitWasm/third_party/wasm-sysroot/share/doc/libxml2/tutorial/apf.html
-- Installing: /workspaces/.riftengine/WebkitWasm/third_party/wasm-sysroot/share/doc/libxml2/tutorial/apd.html
-- Installing: /workspaces/.riftengine/WebkitWasm/third_party/wasm-sysroot/share/doc/libxml2/tutorial/includexpath.c
-- Installing: /workspaces/.riftengine/WebkitWasm/third_party/wasm-sysroot/share/doc/libxml2/tutorial/ape.html
-- Installing: /workspaces/.riftengine/WebkitWasm/third_party/wasm-sysroot/share/doc/libxml2/tutorial/ar01s04.html
-- Installing: /workspaces/.riftengine/WebkitWasm/third_party/wasm-sysroot/share/doc/libxml2/tutorial/aph.html
-- Installing: /workspaces/.riftengine/WebkitWasm/third_party/wasm-sysroot/share/doc/libxml2/tutorial/ar01s09.html
-- Installing: /workspaces/.riftengine/WebkitWasm/third_party/wasm-sysroot/share/doc/libxml2/tutorial/ar01s05.html
-- Installing: /workspaces/.riftengine/WebkitWasm/third_party/wasm-sysroot/share/doc/libxml2/tutorial/apc.html
-- Installing: /workspaces/.riftengine/WebkitWasm/third_party/wasm-sysroot/share/doc/libxml2/tutorial/includegetattribute.c
-- Installing: /workspaces/.riftengine/WebkitWasm/third_party/wasm-sysroot/share/doc/libxml2/tutorial/ar01s03.html
-- Installing: /workspaces/.riftengine/WebkitWasm/third_party/wasm-sysroot/share/doc/libxml2/tutorial/apa.html
-- Installing: /workspaces/.riftengine/WebkitWasm/third_party/wasm-sysroot/share/doc/libxml2/tutorial/index.html
-- Installing: /workspaces/.riftengine/WebkitWasm/third_party/wasm-sysroot/share/doc/libxml2/xmlcatalog.html
-- Installing: /workspaces/.riftengine/WebkitWasm/third_party/wasm-sysroot/share/doc/libxml2/devhelp
-- Installing: /workspaces/.riftengine/WebkitWasm/third_party/wasm-sysroot/share/doc/libxml2/devhelp/libxml2-uri.html
-- Installing: /workspaces/.riftengine/WebkitWasm/third_party/wasm-sysroot/share/doc/libxml2/devhelp/libxml2-xmlIO.html
-- Installing: /workspaces/.riftengine/WebkitWasm/third_party/wasm-sysroot/share/doc/libxml2/devhelp/libxml2-parser.html
-- Installing: /workspaces/.riftengine/WebkitWasm/third_party/wasm-sysroot/share/doc/libxml2/devhelp/libxml2-xmlwriter.html
-- Installing: /workspaces/.riftengine/WebkitWasm/third_party/wasm-sysroot/share/doc/libxml2/devhelp/libxml2-pattern.html
-- Installing: /workspaces/.riftengine/WebkitWasm/third_party/wasm-sysroot/share/doc/libxml2/devhelp/libxml2-HTMLtree.html
-- Installing: /workspaces/.riftengine/WebkitWasm/third_party/wasm-sysroot/share/doc/libxml2/devhelp/libxml2-xmlregexp.html
-- Installing: /workspaces/.riftengine/WebkitWasm/third_party/wasm-sysroot/share/doc/libxml2/devhelp/libxml2-SAX2.html
-- Installing: /workspaces/.riftengine/WebkitWasm/third_party/wasm-sysroot/share/doc/libxml2/devhelp/libxml2-xmlmodule.html
-- Installing: /workspaces/.riftengine/WebkitWasm/third_party/wasm-sysroot/share/doc/libxml2/devhelp/libxml2-xmlversion.html
-- Installing: /workspaces/.riftengine/WebkitWasm/third_party/wasm-sysroot/share/doc/libxml2/devhelp/libxml2-HTMLparser.html
-- Installing: /workspaces/.riftengine/WebkitWasm/third_party/wasm-sysroot/share/doc/libxml2/devhelp/libxml2-hash.html
-- Installing: /workspaces/.riftengine/WebkitWasm/third_party/wasm-sysroot/share/doc/libxml2/devhelp/libxml2-dict.html
-- Installing: /workspaces/.riftengine/WebkitWasm/third_party/wasm-sysroot/share/doc/libxml2/devhelp/libxml2-xmlschemastypes.html
-- Installing: /workspaces/.riftengine/WebkitWasm/third_party/wasm-sysroot/share/doc/libxml2/devhelp/up.png
-- Installing: /workspaces/.riftengine/WebkitWasm/third_party/wasm-sysroot/share/doc/libxml2/devhelp/libxml2-xpath.html
-- Installing: /workspaces/.riftengine/WebkitWasm/third_party/wasm-sysroot/share/doc/libxml2/devhelp/libxml2-schemasInternals.html
-- Installing: /workspaces/.riftengine/WebkitWasm/third_party/wasm-sysroot/share/doc/libxml2/devhelp/libxml2-xpathInternals.html
-- Installing: /workspaces/.riftengine/WebkitWasm/third_party/wasm-sysroot/share/doc/libxml2/devhelp/libxml2-xinclude.html
-- Installing: /workspaces/.riftengine/WebkitWasm/third_party/wasm-sysroot/share/doc/libxml2/devhelp/style.css
-- Installing: /workspaces/.riftengine/WebkitWasm/third_party/wasm-sysroot/share/doc/libxml2/devhelp/libxml2.devhelp2
-- Installing: /workspaces/.riftengine/WebkitWasm/third_party/wasm-sysroot/share/doc/libxml2/devhelp/home.png
-- Installing: /workspaces/.riftengine/WebkitWasm/third_party/wasm-sysroot/share/doc/libxml2/devhelp/libxml2-xpointer.html
-- Installing: /workspaces/.riftengine/WebkitWasm/third_party/wasm-sysroot/share/doc/libxml2/devhelp/libxml2-xmlexports.html
-- Installing: /workspaces/.riftengine/WebkitWasm/third_party/wasm-sysroot/share/doc/libxml2/devhelp/libxml2-nanoftp.html
-- Installing: /workspaces/.riftengine/WebkitWasm/third_party/wasm-sysroot/share/doc/libxml2/devhelp/libxml2-chvalid.html
-- Installing: /workspaces/.riftengine/WebkitWasm/third_party/wasm-sysroot/share/doc/libxml2/devhelp/libxml2-catalog.html
-- Installing: /workspaces/.riftengine/WebkitWasm/third_party/wasm-sysroot/share/doc/libxml2/devhelp/libxml2-c14n.html
-- Installing: /workspaces/.riftengine/WebkitWasm/third_party/wasm-sysroot/share/doc/libxml2/devhelp/right.png
-- Installing: /workspaces/.riftengine/WebkitWasm/third_party/wasm-sysroot/share/doc/libxml2/devhelp/libxml2-threads.html
-- Installing: /workspaces/.riftengine/WebkitWasm/third_party/wasm-sysroot/share/doc/libxml2/devhelp/libxml2-tree.html
-- Installing: /workspaces/.riftengine/WebkitWasm/third_party/wasm-sysroot/share/doc/libxml2/devhelp/libxml2-xmlsave.html
-- Installing: /workspaces/.riftengine/WebkitWasm/third_party/wasm-sysroot/share/doc/libxml2/devhelp/libxml2-xmlreader.html
-- Installing: /workspaces/.riftengine/WebkitWasm/third_party/wasm-sysroot/share/doc/libxml2/devhelp/libxml2-entities.html
-- Installing: /workspaces/.riftengine/WebkitWasm/third_party/wasm-sysroot/share/doc/libxml2/devhelp/libxml2-xmlerror.html
-- Installing: /workspaces/.riftengine/WebkitWasm/third_party/wasm-sysroot/share/doc/libxml2/devhelp/libxml2-relaxng.html
-- Installing: /workspaces/.riftengine/WebkitWasm/third_party/wasm-sysroot/share/doc/libxml2/devhelp/libxml2-debugXML.html
-- Installing: /workspaces/.riftengine/WebkitWasm/third_party/wasm-sysroot/share/doc/libxml2/devhelp/libxml2-xmlunicode.html
-- Installing: /workspaces/.riftengine/WebkitWasm/third_party/wasm-sysroot/share/doc/libxml2/devhelp/libxml2-globals.html
-- Installing: /workspaces/.riftengine/WebkitWasm/third_party/wasm-sysroot/share/doc/libxml2/devhelp/libxml2-xmlschemas.html
-- Installing: /workspaces/.riftengine/WebkitWasm/third_party/wasm-sysroot/share/doc/libxml2/devhelp/libxml2-parserInternals.html
-- Installing: /workspaces/.riftengine/WebkitWasm/third_party/wasm-sysroot/share/doc/libxml2/devhelp/general.html
-- Installing: /workspaces/.riftengine/WebkitWasm/third_party/wasm-sysroot/share/doc/libxml2/devhelp/libxml2-nanohttp.html
-- Installing: /workspaces/.riftengine/WebkitWasm/third_party/wasm-sysroot/share/doc/libxml2/devhelp/libxml2-SAX.html
-- Installing: /workspaces/.riftengine/WebkitWasm/third_party/wasm-sysroot/share/doc/libxml2/devhelp/libxml2-xmlmemory.html
-- Installing: /workspaces/.riftengine/WebkitWasm/third_party/wasm-sysroot/share/doc/libxml2/devhelp/libxml2-xmlstring.html
-- Installing: /workspaces/.riftengine/WebkitWasm/third_party/wasm-sysroot/share/doc/libxml2/devhelp/libxml2-valid.html
-- Installing: /workspaces/.riftengine/WebkitWasm/third_party/wasm-sysroot/share/doc/libxml2/devhelp/libxml2-xmlautomata.html
-- Installing: /workspaces/.riftengine/WebkitWasm/third_party/wasm-sysroot/share/doc/libxml2/devhelp/libxml2-xlink.html
-- Installing: /workspaces/.riftengine/WebkitWasm/third_party/wasm-sysroot/share/doc/libxml2/devhelp/index.html
-- Installing: /workspaces/.riftengine/WebkitWasm/third_party/wasm-sysroot/share/doc/libxml2/devhelp/libxml2-list.html
-- Installing: /workspaces/.riftengine/WebkitWasm/third_party/wasm-sysroot/share/doc/libxml2/devhelp/libxml2-encoding.html
-- Installing: /workspaces/.riftengine/WebkitWasm/third_party/wasm-sysroot/share/doc/libxml2/devhelp/libxml2-schematron.html
-- Installing: /workspaces/.riftengine/WebkitWasm/third_party/wasm-sysroot/share/doc/libxml2/devhelp/left.png
-- Installing: /workspaces/.riftengine/WebkitWasm/third_party/wasm-sysroot/lib/cmake/libxml2-2.12.9/libxml2-config.cmake
-- Installing: /workspaces/.riftengine/WebkitWasm/third_party/wasm-sysroot/lib/cmake/libxml2-2.12.9/libxml2-config-version.cmake
-- Installing: /workspaces/.riftengine/WebkitWasm/third_party/wasm-sysroot/lib/cmake/libxml2-2.12.9/libxml2-export.cmake
-- Installing: /workspaces/.riftengine/WebkitWasm/third_party/wasm-sysroot/lib/cmake/libxml2-2.12.9/libxml2-export-release.cmake
-- Installing: /workspaces/.riftengine/WebkitWasm/third_party/wasm-sysroot/include/libxml2/libxml/xmlversion.h
-- Installing: /workspaces/.riftengine/WebkitWasm/third_party/wasm-sysroot/lib/pkgconfig/libxml-2.0.pc
-- Installing: /workspaces/.riftengine/WebkitWasm/third_party/wasm-sysroot/bin/xml2-config
-- Installing: /workspaces/.riftengine/WebkitWasm/third_party/wasm-sysroot/share/aclocal/libxml.m4

===== third_party/build-deps/libxml2-build-configure.log =====
emcmake: cmake -S libxml2 -B libxml2-build -GNinja -DCMAKE_BUILD_TYPE=Release -DCMAKE_INSTALL_PREFIX=/workspaces/.riftengine/WebkitWasm/third_party/wasm-sysroot -DCMAKE_FIND_ROOT_PATH=/workspaces/.riftengine/WebkitWasm/third_party/wasm-sysroot -DBUILD_SHARED_LIBS=OFF -DLIBXML2_WITH_PYTHON=OFF -DLIBXML2_WITH_LZMA=OFF -DLIBXML2_WITH_ZLIB=ON -DLIBXML2_WITH_ICU=ON -DLIBXML2_WITH_TESTS=OFF -DLIBXML2_WITH_PROGRAMS=OFF -DZLIB_ROOT=/workspaces/.riftengine/WebkitWasm/third_party/wasm-sysroot -DICU_ROOT=/workspaces/.riftengine/WebkitWasm/third_party/wasm-sysroot -DCMAKE_TOOLCHAIN_FILE=/workspaces/.riftengine/WebkitWasm/third_party/emsdk/upstream/emscripten/cmake/Modules/Platform/Emscripten.cmake -DCMAKE_CROSSCOMPILING_EMULATOR=/workspaces/.riftengine/WebkitWasm/third_party/emsdk/node/24.19.0_64bit/bin/node in directory /workspaces/.riftengine/WebkitWasm/third_party/build-deps
-- Found PkgConfig: /usr/bin/pkg-config (found version "1.8.1") 
-- Performing Test Iconv_IS_BUILT_IN
-- Performing Test Iconv_IS_BUILT_IN - Success
-- Found Iconv: built in to C library  
-- Found the following ICU libraries:
--   data (required): /workspaces/.riftengine/WebkitWasm/third_party/wasm-sysroot/lib/libicudata.a
--   i18n (required): /workspaces/.riftengine/WebkitWasm/third_party/wasm-sysroot/lib/libicui18n.a
--   uc (required): /workspaces/.riftengine/WebkitWasm/third_party/wasm-sysroot/lib/libicuuc.a
-- Found ICU: /workspaces/.riftengine/WebkitWasm/third_party/wasm-sysroot/include (found version "77.1") 
-- Performing Test CMAKE_HAVE_LIBC_PTHREAD
-- Performing Test CMAKE_HAVE_LIBC_PTHREAD - Success
-- Found Threads: TRUE  
-- Found ZLIB: /workspaces/.riftengine/WebkitWasm/third_party/wasm-sysroot/lib/libz.a (found version "1.3.1")  
-- Performing Test HAVE_ATTRIBUTE_DESTRUCTOR
-- Performing Test HAVE_ATTRIBUTE_DESTRUCTOR - Success
-- Looking for include file arpa/inet.h
-- Looking for include file arpa/inet.h - found
-- Looking for class
-- Looking for class - not found
-- Looking for include file dlfcn.h
-- Looking for include file dlfcn.h - found
-- Looking for dlopen in dl
-- Looking for dlopen in dl - found
-- Looking for include file dl.h
-- Looking for include file dl.h - not found
-- Looking for include file fcntl.h
-- Looking for include file fcntl.h - found
-- Looking for fpclass
-- Looking for fpclass - not found
-- Looking for ftime
-- Looking for ftime - found
-- Looking for gettimeofday
-- Looking for gettimeofday - found
-- Looking for include file inttypes.h
-- Looking for include file inttypes.h - found
-- Looking for isascii
-- Looking for isascii - found
-- Looking for append_history in history
-- Looking for append_history in history - not found
-- Looking for readline in readline
-- Looking for readline in readline - not found
-- Looking for mmap
-- Looking for mmap - found
-- Looking for munmap
-- Looking for munmap - found
-- Looking for include file netdb.h
-- Looking for include file netdb.h - found
-- Looking for include file netinet/in.h
-- Looking for include file netinet/in.h - found
-- Looking for include file poll.h
-- Looking for include file poll.h - found
-- Looking for shl_load in dld
-- Looking for shl_load in dld - not found
-- Looking for stat
-- Looking for stat - found
-- Looking for include file stdint.h
-- Looking for include file stdint.h - found
-- Looking for include file sys/mman.h
-- Looking for include file sys/mman.h - found
-- Looking for include file sys/select.h
-- Looking for include file sys/select.h - found
-- Looking for include file sys/socket.h
-- Looking for include file sys/socket.h - found
-- Looking for include file sys/stat.h
-- Looking for include file sys/stat.h - found
-- Looking for include file sys/timeb.h
-- Looking for include file sys/timeb.h - found
-- Looking for include file sys/time.h
-- Looking for include file sys/time.h - found
-- Looking for include file unistd.h
-- Looking for include file unistd.h - found
-- Looking for va_copy
-- Looking for va_copy - found
-- Looking for __va_copy
-- Looking for __va_copy - found
-- Performing Test VA_LIST_IS_ARRAY_TEST
-- Performing Test VA_LIST_IS_ARRAY_TEST - Success
-- Performing Test XML_SOCKLEN_T_SOCKLEN_T
-- Performing Test XML_SOCKLEN_T_SOCKLEN_T - Success
-- Looking for include file pthread.h
-- Looking for include file pthread.h - found
-- Checking for module 'icu-i18n'
--   Package 'icu-i18n', required by 'virtual:world', not found
-- Checking for module 'zlib'
--   Package 'zlib', required by 'virtual:world', not found
-- Configuring done (42.2s)
-- Generating done (0.0s)
-- Build files have been written to: /workspaces/.riftengine/WebkitWasm/third_party/build-deps/libxml2-build

===== third_party/build-deps/nghttp2-build-build.log =====
ninja: Entering directory `nghttp2-build'
[1/28] Building C object lib/CMakeFiles/nghttp2_static.dir/nghttp2_queue.c.o
[2/28] Building C object lib/CMakeFiles/nghttp2_static.dir/nghttp2_pq.c.o
[3/28] Building C object lib/CMakeFiles/nghttp2_static.dir/nghttp2_buf.c.o
[4/28] Building C object lib/CMakeFiles/nghttp2_static.dir/nghttp2_map.c.o
[5/28] Building C object lib/CMakeFiles/nghttp2_static.dir/nghttp2_stream.c.o
[6/28] Building C object lib/CMakeFiles/nghttp2_static.dir/nghttp2_frame.c.o
[7/28] Building C object lib/CMakeFiles/nghttp2_static.dir/nghttp2_outbound_item.c.o
[8/28] Building C object lib/CMakeFiles/nghttp2_static.dir/nghttp2_submit.c.o
[9/28] Building C object lib/CMakeFiles/nghttp2_static.dir/nghttp2_helper.c.o
[10/28] Building C object lib/CMakeFiles/nghttp2_static.dir/nghttp2_alpn.c.o
[11/28] Building C object lib/CMakeFiles/nghttp2_static.dir/nghttp2_hd_huffman_data.c.o
[12/28] Building C object lib/CMakeFiles/nghttp2_static.dir/nghttp2_hd_huffman.c.o
[13/28] Building C object lib/CMakeFiles/nghttp2_static.dir/nghttp2_version.c.o
[14/28] Building C object lib/CMakeFiles/nghttp2_static.dir/nghttp2_priority_spec.c.o
[15/28] Building C object lib/CMakeFiles/nghttp2_static.dir/nghttp2_callbacks.c.o
[16/28] Building C object lib/CMakeFiles/nghttp2_static.dir/nghttp2_mem.c.o
[17/28] Building C object lib/CMakeFiles/nghttp2_static.dir/nghttp2_option.c.o
[18/28] Building C object lib/CMakeFiles/nghttp2_static.dir/nghttp2_extpri.c.o
[19/28] Building C object lib/CMakeFiles/nghttp2_static.dir/nghttp2_hd.c.o
[20/28] Building C object lib/CMakeFiles/nghttp2_static.dir/nghttp2_rcbuf.c.o
[21/28] Building C object lib/CMakeFiles/nghttp2_static.dir/nghttp2_ratelim.c.o
[22/28] Building C object lib/CMakeFiles/nghttp2_static.dir/nghttp2_http.c.o
[23/28] Building C object lib/CMakeFiles/nghttp2_static.dir/nghttp2_debug.c.o
[24/28] Building C object lib/CMakeFiles/nghttp2_static.dir/nghttp2_time.c.o
[25/28] Building C object lib/CMakeFiles/nghttp2_static.dir/sfparse.c.o
[26/28] Building C object lib/CMakeFiles/nghttp2_static.dir/nghttp2_session.c.o
[27/28] Linking C static library lib/libnghttp2.a
[27/28] Install the project...
-- Install configuration: "Release"
-- Installing: /workspaces/.riftengine/WebkitWasm/third_party/wasm-sysroot/share/doc/nghttp2/README.rst
-- Installing: /workspaces/.riftengine/WebkitWasm/third_party/wasm-sysroot/include/nghttp2/nghttp2.h
-- Installing: /workspaces/.riftengine/WebkitWasm/third_party/wasm-sysroot/include/nghttp2/nghttp2ver.h
-- Installing: /workspaces/.riftengine/WebkitWasm/third_party/wasm-sysroot/lib/libnghttp2.a
-- Installing: /workspaces/.riftengine/WebkitWasm/third_party/wasm-sysroot/lib/pkgconfig/libnghttp2.pc
-- Installing: /workspaces/.riftengine/WebkitWasm/third_party/wasm-sysroot/lib/cmake/nghttp2/nghttp2-targets.cmake
-- Installing: /workspaces/.riftengine/WebkitWasm/third_party/wasm-sysroot/lib/cmake/nghttp2/nghttp2-targets-release.cmake
-- Installing: /workspaces/.riftengine/WebkitWasm/third_party/wasm-sysroot/share/nghttp2/fetch-ocsp-response

===== third_party/build-deps/nghttp2-build/CMakeFiles/CMakeOutput.log =====
Determining size of ssize_t passed with the following output:
Change Dir: '/workspaces/.riftengine/WebkitWasm/third_party/build-deps/nghttp2-build/CMakeFiles/CMakeTmp'

Run Build Command(s): /usr/bin/ninja -v cmTC_a7fd5
[1/2] /workspaces/.riftengine/WebkitWasm/third_party/emsdk/upstream/emscripten/emcc   -O2 -pthread -MD -MT CMakeFiles/cmTC_a7fd5.dir/SIZEOF_SSIZE_T.c.o -MF CMakeFiles/cmTC_a7fd5.dir/SIZEOF_SSIZE_T.c.o.d -o CMakeFiles/cmTC_a7fd5.dir/SIZEOF_SSIZE_T.c.o -c /workspaces/.riftengine/WebkitWasm/third_party/build-deps/nghttp2-build/CMakeFiles/CheckTypeSize/SIZEOF_SSIZE_T.c
[2/2] : && /workspaces/.riftengine/WebkitWasm/third_party/emsdk/upstream/emscripten/emcc -O2 -pthread  CMakeFiles/cmTC_a7fd5.dir/SIZEOF_SSIZE_T.c.o -o cmTC_a7fd5.js  --oformat=wasm  -sWASM=1 && :




===== third_party/build-deps/nghttp2-build-configure.log =====
-- Found Python3: /usr/bin/python3 (found version "3.12.3") found components: Interpreter 
-- Found OpenSSL: /workspaces/.riftengine/WebkitWasm/third_party/wasm-sysroot/lib/libcrypto.a (found suitable version "3.5.0", minimum required is "1.1.1")  
-- Could NOT find Libngtcp2 (missing: LIBNGTCP2_LIBRARY LIBNGTCP2_INCLUDE_DIR) (Required is at least version "1.0.0")
-- Could NOT find Libngtcp2_crypto_quictls (missing: LIBNGTCP2_CRYPTO_QUICTLS_LIBRARY LIBNGTCP2_CRYPTO_QUICTLS_INCLUDE_DIR) (Required is at least version "1.0.0")
-- Could NOT find Libnghttp3 (missing: LIBNGHTTP3_LIBRARY LIBNGHTTP3_INCLUDE_DIR) (Required is at least version "1.1.0")
-- Could NOT find Systemd (missing: SYSTEMD_INCLUDE_DIRS SYSTEMD_LIBRARIES) (Required is at least version "209")
-- Could NOT find Jansson (missing: JANSSON_LIBRARY JANSSON_INCLUDE_DIR) (Required is at least version "2.5")
-- Could NOT find Libevent (missing: LIBEVENT_CORE_LIBRARY LIBEVENT_EXTRA_LIBRARY LIBEVENT_OPENSSL_LIBRARY LIBEVENT_INCLUDE_DIR core extra openssl) (Required is at least version "2.0.8")
-- Found LibXml2: /workspaces/.riftengine/WebkitWasm/third_party/wasm-sysroot/lib/libxml2.a (found suitable version "2.12.9", minimum required is "2.6.26") 
-- Could NOT find Jemalloc (missing: JEMALLOC_LIBRARY JEMALLOC_INCLUDE_DIR) 
-- Performing Test CMAKE_HAVE_LIBC_PTHREAD
-- Performing Test CMAKE_HAVE_LIBC_PTHREAD - Success
-- Found Threads: TRUE  
-- Looking for arpa/inet.h
-- Looking for arpa/inet.h - found
-- Looking for fcntl.h
-- Looking for fcntl.h - found
-- Looking for inttypes.h
-- Looking for inttypes.h - found
-- Looking for limits.h
-- Looking for limits.h - found
-- Looking for netdb.h
-- Looking for netdb.h - found
-- Looking for netinet/in.h
-- Looking for netinet/in.h - found
-- Looking for netinet/ip.h
-- Looking for netinet/ip.h - found
-- Looking for pwd.h
-- Looking for pwd.h - found
-- Looking for sys/socket.h
-- Looking for sys/socket.h - found
-- Looking for sys/time.h
-- Looking for sys/time.h - found
-- Looking for syslog.h
-- Looking for syslog.h - found
-- Looking for unistd.h
-- Looking for unistd.h - found
-- Looking for windows.h
-- Looking for windows.h - not found
-- Looking for sys/types.h
-- Looking for sys/types.h - found
-- Looking for stdint.h
-- Looking for stdint.h - found
-- Looking for stddef.h
-- Looking for stddef.h - found
-- Check size of ssize_t
-- Check size of ssize_t - done
-- Performing Test HAVE_STRUCT_TM_TM_GMTOFF
-- Performing Test HAVE_STRUCT_TM_TM_GMTOFF - Success
-- Looking for _Exit
-- Looking for _Exit - found
-- Looking for accept4
-- Looking for accept4 - found
-- Looking for clock_gettime
-- Looking for clock_gettime - found
-- Looking for mkostemp
-- Looking for mkostemp - found
-- Looking for pipe2
-- Looking for pipe2 - found
-- Looking for GetTickCount64
-- Looking for GetTickCount64 - not found
-- Looking for initgroups
-- Looking for initgroups - not found
-- Looking for initgroups
-- Looking for initgroups - not found
-- Looking for CLOCK_MONOTONIC
-- Looking for CLOCK_MONOTONIC - found
-- summary of build options:

    Package version: 1.64.0
    Library version: 42:3:28
    Install prefix:  /workspaces/.riftengine/WebkitWasm/third_party/wasm-sysroot
    Target system:   Emscripten
    Compiler:
      Build type:     Release
      C compiler:     /workspaces/.riftengine/WebkitWasm/third_party/emsdk/upstream/emscripten/emcc
      CFLAGS:         -O3  -O2 -pthread
      C++ compiler:   /workspaces/.riftengine/WebkitWasm/third_party/emsdk/upstream/emscripten/em++
      CXXFLAGS:        
      WARNCFLAGS:       -Wextra -Wall -Wconversion -Winline -Wmissing-declarations -Wmissing-prototypes -Wnested-externs -Wpointer-arith -Wshadow -Wundef -Wwrite-strings -Waddress -Wattributes -Wcast-align -Wdeclaration-after-statement -Wdiv-by-zero -Wempty-body -Wendif-labels -Wfloat-equal -Wformat-nonliteral -Wformat-security -Wmissing-field-initializers -Wmissing-noreturn -Wno-format-nonliteral -Wredundant-decls -Wsign-conversion -Wstrict-prototypes -Wunreachable-code -Wunused-parameter -Wvla -Wshorten-64-to-32 -Wlanguage-extension-token -Wpragmas -Wunreachable-code-break -Wheader-guard -Wmissing-variable-declarations
      CXX1XCXXFLAGS:  
      WARNCXXFLAGS:     -Wall -Wformat-security
    Python:
      Python:          /usr/bin/python3
      Python3_VERSION: 3.12.3
    Test:
      Failmalloc:     ON
      Build Test:     ON
    Libs:
      OpenSSL:        TRUE (LIBS='')
      wolfSSL:         (LIBS='')
      Libxml2:        TRUE (LIBS='/workspaces/.riftengine/WebkitWasm/third_party/wasm-sysroot/lib/libxml2.a')
      Libev:           (LIBS='')
      Libc-ares:       (LIBS='')
      Libngtcp2:       (LIBS='')
      Libngtcp2_crypto_quictls:  (LIBS='')
      Libngtcp2_crypto_wolfssl:  (LIBS='')
      Libnghttp3:      (LIBS='')
      Libbpf:          (LIBS='')
      Libevent(SSL):  FALSE (LIBS='')
      Jansson:        FALSE (LIBS='')
      Jemalloc:       FALSE (LIBS='')
      Zlib:            (LIBS='')
      Systemd:        FALSE (LIBS='SYSTEMD_LIBRARIES-NOTFOUND')
      Libbrotlienc:    (LIBS='')
      Libbrotlidec:    (LIBS='')
    Third-party:
      http-parser:    
      MRuby:          0
      Neverbleed:     0
    Features:
      Applications:   OFF
      HPACK tools:    OFF
      Examples:       OFF
      Threading:      ON
      HTTP/3(EXPERIMENTAL): OFF

-- Configuring done (32.4s)
-- Generating done (0.0s)
-- Build files have been written to: /workspaces/.riftengine/WebkitWasm/third_party/build-deps/nghttp2-build

===== third_party/build-deps/openssl-build.log =====
install ./include/openssl/core_dispatch.h -> /workspaces/.riftengine/WebkitWasm/third_party/wasm-sysroot/include/openssl/core_dispatch.h
install ./include/openssl/core_names.h -> /workspaces/.riftengine/WebkitWasm/third_party/wasm-sysroot/include/openssl/core_names.h
install ./include/openssl/core_object.h -> /workspaces/.riftengine/WebkitWasm/third_party/wasm-sysroot/include/openssl/core_object.h
install ./include/openssl/crmf.h -> /workspaces/.riftengine/WebkitWasm/third_party/wasm-sysroot/include/openssl/crmf.h
install ./include/openssl/crmferr.h -> /workspaces/.riftengine/WebkitWasm/third_party/wasm-sysroot/include/openssl/crmferr.h
install ./include/openssl/crypto.h -> /workspaces/.riftengine/WebkitWasm/third_party/wasm-sysroot/include/openssl/crypto.h
install ./include/openssl/cryptoerr.h -> /workspaces/.riftengine/WebkitWasm/third_party/wasm-sysroot/include/openssl/cryptoerr.h
install ./include/openssl/cryptoerr_legacy.h -> /workspaces/.riftengine/WebkitWasm/third_party/wasm-sysroot/include/openssl/cryptoerr_legacy.h
install ./include/openssl/ct.h -> /workspaces/.riftengine/WebkitWasm/third_party/wasm-sysroot/include/openssl/ct.h
install ./include/openssl/cterr.h -> /workspaces/.riftengine/WebkitWasm/third_party/wasm-sysroot/include/openssl/cterr.h
install ./include/openssl/decoder.h -> /workspaces/.riftengine/WebkitWasm/third_party/wasm-sysroot/include/openssl/decoder.h
install ./include/openssl/decodererr.h -> /workspaces/.riftengine/WebkitWasm/third_party/wasm-sysroot/include/openssl/decodererr.h
install ./include/openssl/des.h -> /workspaces/.riftengine/WebkitWasm/third_party/wasm-sysroot/include/openssl/des.h
install ./include/openssl/dh.h -> /workspaces/.riftengine/WebkitWasm/third_party/wasm-sysroot/include/openssl/dh.h
install ./include/openssl/dherr.h -> /workspaces/.riftengine/WebkitWasm/third_party/wasm-sysroot/include/openssl/dherr.h
install ./include/openssl/dsa.h -> /workspaces/.riftengine/WebkitWasm/third_party/wasm-sysroot/include/openssl/dsa.h
install ./include/openssl/dsaerr.h -> /workspaces/.riftengine/WebkitWasm/third_party/wasm-sysroot/include/openssl/dsaerr.h
install ./include/openssl/dtls1.h -> /workspaces/.riftengine/WebkitWasm/third_party/wasm-sysroot/include/openssl/dtls1.h
install ./include/openssl/e_os2.h -> /workspaces/.riftengine/WebkitWasm/third_party/wasm-sysroot/include/openssl/e_os2.h
install ./include/openssl/e_ostime.h -> /workspaces/.riftengine/WebkitWasm/third_party/wasm-sysroot/include/openssl/e_ostime.h
install ./include/openssl/ebcdic.h -> /workspaces/.riftengine/WebkitWasm/third_party/wasm-sysroot/include/openssl/ebcdic.h
install ./include/openssl/ec.h -> /workspaces/.riftengine/WebkitWasm/third_party/wasm-sysroot/include/openssl/ec.h
install ./include/openssl/ecdh.h -> /workspaces/.riftengine/WebkitWasm/third_party/wasm-sysroot/include/openssl/ecdh.h
install ./include/openssl/ecdsa.h -> /workspaces/.riftengine/WebkitWasm/third_party/wasm-sysroot/include/openssl/ecdsa.h
install ./include/openssl/ecerr.h -> /workspaces/.riftengine/WebkitWasm/third_party/wasm-sysroot/include/openssl/ecerr.h
install ./include/openssl/encoder.h -> /workspaces/.riftengine/WebkitWasm/third_party/wasm-sysroot/include/openssl/encoder.h
install ./include/openssl/encodererr.h -> /workspaces/.riftengine/WebkitWasm/third_party/wasm-sysroot/include/openssl/encodererr.h
install ./include/openssl/engine.h -> /workspaces/.riftengine/WebkitWasm/third_party/wasm-sysroot/include/openssl/engine.h
install ./include/openssl/engineerr.h -> /workspaces/.riftengine/WebkitWasm/third_party/wasm-sysroot/include/openssl/engineerr.h
install ./include/openssl/err.h -> /workspaces/.riftengine/WebkitWasm/third_party/wasm-sysroot/include/openssl/err.h
install ./include/openssl/ess.h -> /workspaces/.riftengine/WebkitWasm/third_party/wasm-sysroot/include/openssl/ess.h
install ./include/openssl/esserr.h -> /workspaces/.riftengine/WebkitWasm/third_party/wasm-sysroot/include/openssl/esserr.h
install ./include/openssl/evp.h -> /workspaces/.riftengine/WebkitWasm/third_party/wasm-sysroot/include/openssl/evp.h
install ./include/openssl/evperr.h -> /workspaces/.riftengine/WebkitWasm/third_party/wasm-sysroot/include/openssl/evperr.h
install ./include/openssl/fips_names.h -> /workspaces/.riftengine/WebkitWasm/third_party/wasm-sysroot/include/openssl/fips_names.h
install ./include/openssl/fipskey.h -> /workspaces/.riftengine/WebkitWasm/third_party/wasm-sysroot/include/openssl/fipskey.h
install ./include/openssl/hmac.h -> /workspaces/.riftengine/WebkitWasm/third_party/wasm-sysroot/include/openssl/hmac.h
install ./include/openssl/hpke.h -> /workspaces/.riftengine/WebkitWasm/third_party/wasm-sysroot/include/openssl/hpke.h
install ./include/openssl/http.h -> /workspaces/.riftengine/WebkitWasm/third_party/wasm-sysroot/include/openssl/http.h
install ./include/openssl/httperr.h -> /workspaces/.riftengine/WebkitWasm/third_party/wasm-sysroot/include/openssl/httperr.h
install ./include/openssl/idea.h -> /workspaces/.riftengine/WebkitWasm/third_party/wasm-sysroot/include/openssl/idea.h
install ./include/openssl/indicator.h -> /workspaces/.riftengine/WebkitWasm/third_party/wasm-sysroot/include/openssl/indicator.h
install ./include/openssl/kdf.h -> /workspaces/.riftengine/WebkitWasm/third_party/wasm-sysroot/include/openssl/kdf.h
install ./include/openssl/kdferr.h -> /workspaces/.riftengine/WebkitWasm/third_party/wasm-sysroot/include/openssl/kdferr.h
install ./include/openssl/lhash.h -> /workspaces/.riftengine/WebkitWasm/third_party/wasm-sysroot/include/openssl/lhash.h
install ./include/openssl/macros.h -> /workspaces/.riftengine/WebkitWasm/third_party/wasm-sysroot/include/openssl/macros.h
install ./include/openssl/md2.h -> /workspaces/.riftengine/WebkitWasm/third_party/wasm-sysroot/include/openssl/md2.h
install ./include/openssl/md4.h -> /workspaces/.riftengine/WebkitWasm/third_party/wasm-sysroot/include/openssl/md4.h
install ./include/openssl/md5.h -> /workspaces/.riftengine/WebkitWasm/third_party/wasm-sysroot/include/openssl/md5.h
install ./include/openssl/mdc2.h -> /workspaces/.riftengine/WebkitWasm/third_party/wasm-sysroot/include/openssl/mdc2.h
install ./include/openssl/ml_kem.h -> /workspaces/.riftengine/WebkitWasm/third_party/wasm-sysroot/include/openssl/ml_kem.h
install ./include/openssl/modes.h -> /workspaces/.riftengine/WebkitWasm/third_party/wasm-sysroot/include/openssl/modes.h
install ./include/openssl/obj_mac.h -> /workspaces/.riftengine/WebkitWasm/third_party/wasm-sysroot/include/openssl/obj_mac.h
install ./include/openssl/objects.h -> /workspaces/.riftengine/WebkitWasm/third_party/wasm-sysroot/include/openssl/objects.h
install ./include/openssl/objectserr.h -> /workspaces/.riftengine/WebkitWasm/third_party/wasm-sysroot/include/openssl/objectserr.h
install ./include/openssl/ocsp.h -> /workspaces/.riftengine/WebkitWasm/third_party/wasm-sysroot/include/openssl/ocsp.h
install ./include/openssl/ocsperr.h -> /workspaces/.riftengine/WebkitWasm/third_party/wasm-sysroot/include/openssl/ocsperr.h
install ./include/openssl/opensslconf.h -> /workspaces/.riftengine/WebkitWasm/third_party/wasm-sysroot/include/openssl/opensslconf.h
install ./include/openssl/opensslv.h -> /workspaces/.riftengine/WebkitWasm/third_party/wasm-sysroot/include/openssl/opensslv.h
install ./include/openssl/ossl_typ.h -> /workspaces/.riftengine/WebkitWasm/third_party/wasm-sysroot/include/openssl/ossl_typ.h
install ./include/openssl/param_build.h -> /workspaces/.riftengine/WebkitWasm/third_party/wasm-sysroot/include/openssl/param_build.h
install ./include/openssl/params.h -> /workspaces/.riftengine/WebkitWasm/third_party/wasm-sysroot/include/openssl/params.h
install ./include/openssl/pem.h -> /workspaces/.riftengine/WebkitWasm/third_party/wasm-sysroot/include/openssl/pem.h
install ./include/openssl/pem2.h -> /workspaces/.riftengine/WebkitWasm/third_party/wasm-sysroot/include/openssl/pem2.h
install ./include/openssl/pemerr.h -> /workspaces/.riftengine/WebkitWasm/third_party/wasm-sysroot/include/openssl/pemerr.h
install ./include/openssl/pkcs12.h -> /workspaces/.riftengine/WebkitWasm/third_party/wasm-sysroot/include/openssl/pkcs12.h
install ./include/openssl/pkcs12err.h -> /workspaces/.riftengine/WebkitWasm/third_party/wasm-sysroot/include/openssl/pkcs12err.h
install ./include/openssl/pkcs7.h -> /workspaces/.riftengine/WebkitWasm/third_party/wasm-sysroot/include/openssl/pkcs7.h
install ./include/openssl/pkcs7err.h -> /workspaces/.riftengine/WebkitWasm/third_party/wasm-sysroot/include/openssl/pkcs7err.h
install ./include/openssl/prov_ssl.h -> /workspaces/.riftengine/WebkitWasm/third_party/wasm-sysroot/include/openssl/prov_ssl.h
install ./include/openssl/proverr.h -> /workspaces/.riftengine/WebkitWasm/third_party/wasm-sysroot/include/openssl/proverr.h
install ./include/openssl/provider.h -> /workspaces/.riftengine/WebkitWasm/third_party/wasm-sysroot/include/openssl/provider.h
install ./include/openssl/quic.h -> /workspaces/.riftengine/WebkitWasm/third_party/wasm-sysroot/include/openssl/quic.h
install ./include/openssl/rand.h -> /workspaces/.riftengine/WebkitWasm/third_party/wasm-sysroot/include/openssl/rand.h
install ./include/openssl/randerr.h -> /workspaces/.riftengine/WebkitWasm/third_party/wasm-sysroot/include/openssl/randerr.h
install ./include/openssl/rc2.h -> /workspaces/.riftengine/WebkitWasm/third_party/wasm-sysroot/include/openssl/rc2.h
install ./include/openssl/rc4.h -> /workspaces/.riftengine/WebkitWasm/third_party/wasm-sysroot/include/openssl/rc4.h
install ./include/openssl/rc5.h -> /workspaces/.riftengine/WebkitWasm/third_party/wasm-sysroot/include/openssl/rc5.h
install ./include/openssl/ripemd.h -> /workspaces/.riftengine/WebkitWasm/third_party/wasm-sysroot/include/openssl/ripemd.h
install ./include/openssl/rsa.h -> /workspaces/.riftengine/WebkitWasm/third_party/wasm-sysroot/include/openssl/rsa.h
install ./include/openssl/rsaerr.h -> /workspaces/.riftengine/WebkitWasm/third_party/wasm-sysroot/include/openssl/rsaerr.h
install ./include/openssl/safestack.h -> /workspaces/.riftengine/WebkitWasm/third_party/wasm-sysroot/include/openssl/safestack.h
install ./include/openssl/seed.h -> /workspaces/.riftengine/WebkitWasm/third_party/wasm-sysroot/include/openssl/seed.h
install ./include/openssl/self_test.h -> /workspaces/.riftengine/WebkitWasm/third_party/wasm-sysroot/include/openssl/self_test.h
install ./include/openssl/sha.h -> /workspaces/.riftengine/WebkitWasm/third_party/wasm-sysroot/include/openssl/sha.h
install ./include/openssl/srp.h -> /workspaces/.riftengine/WebkitWasm/third_party/wasm-sysroot/include/openssl/srp.h
install ./include/openssl/srtp.h -> /workspaces/.riftengine/WebkitWasm/third_party/wasm-sysroot/include/openssl/srtp.h
install ./include/openssl/ssl.h -> /workspaces/.riftengine/WebkitWasm/third_party/wasm-sysroot/include/openssl/ssl.h
install ./include/openssl/ssl2.h -> /workspaces/.riftengine/WebkitWasm/third_party/wasm-sysroot/include/openssl/ssl2.h
install ./include/openssl/ssl3.h -> /workspaces/.riftengine/WebkitWasm/third_party/wasm-sysroot/include/openssl/ssl3.h
install ./include/openssl/sslerr.h -> /workspaces/.riftengine/WebkitWasm/third_party/wasm-sysroot/include/openssl/sslerr.h
install ./include/openssl/sslerr_legacy.h -> /workspaces/.riftengine/WebkitWasm/third_party/wasm-sysroot/include/openssl/sslerr_legacy.h
install ./include/openssl/stack.h -> /workspaces/.riftengine/WebkitWasm/third_party/wasm-sysroot/include/openssl/stack.h
install ./include/openssl/store.h -> /workspaces/.riftengine/WebkitWasm/third_party/wasm-sysroot/include/openssl/store.h
install ./include/openssl/storeerr.h -> /workspaces/.riftengine/WebkitWasm/third_party/wasm-sysroot/include/openssl/storeerr.h
install ./include/openssl/symhacks.h -> /workspaces/.riftengine/WebkitWasm/third_party/wasm-sysroot/include/openssl/symhacks.h
install ./include/openssl/thread.h -> /workspaces/.riftengine/WebkitWasm/third_party/wasm-sysroot/include/openssl/thread.h
install ./include/openssl/tls1.h -> /workspaces/.riftengine/WebkitWasm/third_party/wasm-sysroot/include/openssl/tls1.h
install ./include/openssl/trace.h -> /workspaces/.riftengine/WebkitWasm/third_party/wasm-sysroot/include/openssl/trace.h
install ./include/openssl/ts.h -> /workspaces/.riftengine/WebkitWasm/third_party/wasm-sysroot/include/openssl/ts.h
install ./include/openssl/tserr.h -> /workspaces/.riftengine/WebkitWasm/third_party/wasm-sysroot/include/openssl/tserr.h
install ./include/openssl/txt_db.h -> /workspaces/.riftengine/WebkitWasm/third_party/wasm-sysroot/include/openssl/txt_db.h
install ./include/openssl/types.h -> /workspaces/.riftengine/WebkitWasm/third_party/wasm-sysroot/include/openssl/types.h
install ./include/openssl/ui.h -> /workspaces/.riftengine/WebkitWasm/third_party/wasm-sysroot/include/openssl/ui.h
install ./include/openssl/uierr.h -> /workspaces/.riftengine/WebkitWasm/third_party/wasm-sysroot/include/openssl/uierr.h
install ./include/openssl/whrlpool.h -> /workspaces/.riftengine/WebkitWasm/third_party/wasm-sysroot/include/openssl/whrlpool.h
install ./include/openssl/x509.h -> /workspaces/.riftengine/WebkitWasm/third_party/wasm-sysroot/include/openssl/x509.h
install ./include/openssl/x509_acert.h -> /workspaces/.riftengine/WebkitWasm/third_party/wasm-sysroot/include/openssl/x509_acert.h
install ./include/openssl/x509_vfy.h -> /workspaces/.riftengine/WebkitWasm/third_party/wasm-sysroot/include/openssl/x509_vfy.h
install ./include/openssl/x509err.h -> /workspaces/.riftengine/WebkitWasm/third_party/wasm-sysroot/include/openssl/x509err.h
install ./include/openssl/x509v3.h -> /workspaces/.riftengine/WebkitWasm/third_party/wasm-sysroot/include/openssl/x509v3.h
install ./include/openssl/x509v3err.h -> /workspaces/.riftengine/WebkitWasm/third_party/wasm-sysroot/include/openssl/x509v3err.h
install libcrypto.a -> /workspaces/.riftengine/WebkitWasm/third_party/wasm-sysroot/lib/libcrypto.a
install libssl.a -> /workspaces/.riftengine/WebkitWasm/third_party/wasm-sysroot/lib/libssl.a
install exporters/libcrypto.pc -> /workspaces/.riftengine/WebkitWasm/third_party/wasm-sysroot/lib/pkgconfig/libcrypto.pc
install exporters/libssl.pc -> /workspaces/.riftengine/WebkitWasm/third_party/wasm-sysroot/lib/pkgconfig/libssl.pc
install exporters/openssl.pc -> /workspaces/.riftengine/WebkitWasm/third_party/wasm-sysroot/lib/pkgconfig/openssl.pc
created directory `/workspaces/.riftengine/WebkitWasm/third_party/wasm-sysroot/lib/cmake/OpenSSL'
install exporters/OpenSSLConfig.cmake -> /workspaces/.riftengine/WebkitWasm/third_party/wasm-sysroot/lib/cmake/OpenSSL/OpenSSLConfig.cmake
install exporters/OpenSSLConfigVersion.cmake -> /workspaces/.riftengine/WebkitWasm/third_party/wasm-sysroot/lib/cmake/OpenSSL/OpenSSLConfigVersion.cmake

===== third_party/build-deps/openssl-configure.log =====
emconfigure: ./Configure linux-generic32 no-asm no-engine no-afalgeng no-hw no-dso no-shared no-async no-tests no-apps no-docs threads --prefix=/workspaces/.riftengine/WebkitWasm/third_party/wasm-sysroot --libdir=lib --openssldir=/etc/ssl -O2 -pthread in directory /workspaces/.riftengine/WebkitWasm/third_party/build-deps/openssl
***** Deprecated options: no-hw
Configuring OpenSSL version 3.5.0 for target linux-generic32
Using os-specific seed configuration
Created configdata.pm
Running configdata.pm
Created Makefile.in
Created Makefile
Created include/openssl/configuration.h

**********************************************************************
***                                                                ***
***   OpenSSL has been successfully configured                     ***
***                                                                ***
***   If you encounter a problem while building, please open an    ***
***   issue on GitHub <https://github.com/openssl/openssl/issues>  ***
***   and include the output from the following command:           ***
***                                                                ***
***       perl configdata.pm --dump                                ***
***                                                                ***
***   (If you are new to OpenSSL, you might want to consult the    ***
***   'Troubleshooting' section in the INSTALL.md file first)      ***
***                                                                ***
**********************************************************************

===== third_party/build-deps/zlib-build-build.log =====
ninja: Entering directory `zlib-build'
[1/34] Building C object CMakeFiles/zlib.dir/gzclose.c.o
[2/34] Building C object CMakeFiles/zlib.dir/compress.c.o
[3/34] Building C object CMakeFiles/zlib.dir/adler32.c.o
[4/34] Building C object CMakeFiles/zlib.dir/crc32.c.o
[5/34] Building C object CMakeFiles/zlib.dir/gzlib.c.o
[6/34] Building C object CMakeFiles/zlib.dir/gzread.c.o
[7/34] Building C object CMakeFiles/zlib.dir/deflate.c.o
[8/34] Building C object CMakeFiles/zlib.dir/gzwrite.c.o
[9/34] Building C object CMakeFiles/zlib.dir/inftrees.c.o
[10/34] Building C object CMakeFiles/zlib.dir/inffast.c.o
[11/34] Building C object CMakeFiles/zlib.dir/uncompr.c.o
[12/34] Building C object CMakeFiles/zlib.dir/infback.c.o
[13/34] Building C object CMakeFiles/zlib.dir/zutil.c.o
[14/34] Building C object CMakeFiles/zlib.dir/inflate.c.o
[15/34] Building C object CMakeFiles/zlib.dir/trees.c.o
[16/34] Building C object CMakeFiles/zlibstatic.dir/compress.c.o
[17/34] Building C object CMakeFiles/zlibstatic.dir/adler32.c.o
[18/34] Building C object CMakeFiles/zlibstatic.dir/gzclose.c.o
[19/34] Building C object CMakeFiles/zlibstatic.dir/crc32.c.o
[20/34] Building C object CMakeFiles/zlibstatic.dir/gzread.c.o
[21/34] Building C object CMakeFiles/zlibstatic.dir/gzlib.c.o
[22/34] Building C object CMakeFiles/zlibstatic.dir/gzwrite.c.o
[23/34] Building C object CMakeFiles/zlibstatic.dir/deflate.c.o
[24/34] Building C object CMakeFiles/zlibstatic.dir/inffast.c.o
[25/34] Building C object CMakeFiles/zlibstatic.dir/inftrees.c.o
[26/34] Building C object CMakeFiles/zlibstatic.dir/infback.c.o
[27/34] Linking C shared library libz.so.1.3.1
emcc: warning: ignoring unsupported linker flag: `--version-script` [-Wlinkflags]
cache:INFO: generating system asset: sysroot/lib/wasm32-emscripten/pic/crtbegin-mt.o... (this will be cached in "/workspaces/.riftengine/WebkitWasm/third_party/emsdk/upstream/emscripten/cache/sysroot/lib/wasm32-emscripten/pic/crtbegin-mt.o" for subsequent builds)
system_libs:INFO: compiled 1 inputs in 0.37s
cache:INFO:  - ok
[28/34] Building C object CMakeFiles/zlibstatic.dir/uncompr.c.o
[29/34] Creating library symlink libz.so.1 libz.so
[30/34] Building C object CMakeFiles/zlibstatic.dir/trees.c.o
[31/34] Building C object CMakeFiles/zlibstatic.dir/inflate.c.o
[32/34] Building C object CMakeFiles/zlibstatic.dir/zutil.c.o
[33/34] Linking C static library libz.a
[33/34] Install the project...
-- Install configuration: "Release"
-- Installing: /workspaces/.riftengine/WebkitWasm/third_party/wasm-sysroot/lib/libz.so.1.3.1
-- Installing: /workspaces/.riftengine/WebkitWasm/third_party/wasm-sysroot/lib/libz.so.1
-- Installing: /workspaces/.riftengine/WebkitWasm/third_party/wasm-sysroot/lib/libz.so
-- Installing: /workspaces/.riftengine/WebkitWasm/third_party/wasm-sysroot/lib/libz.a
-- Installing: /workspaces/.riftengine/WebkitWasm/third_party/wasm-sysroot/include/zconf.h
-- Installing: /workspaces/.riftengine/WebkitWasm/third_party/wasm-sysroot/include/zlib.h
-- Installing: /workspaces/.riftengine/WebkitWasm/third_party/wasm-sysroot/share/man/man3/zlib.3
-- Installing: /workspaces/.riftengine/WebkitWasm/third_party/wasm-sysroot/share/pkgconfig/zlib.pc

===== third_party/build-deps/zlib-build/CMakeFiles/CMakeOutput.log =====
Determining size of off64_t passed with the following output:
Change Dir: '/workspaces/.riftengine/WebkitWasm/third_party/build-deps/zlib-build/CMakeFiles/CMakeTmp'

Run Build Command(s): /usr/bin/ninja -v cmTC_ac524
[1/2] /workspaces/.riftengine/WebkitWasm/third_party/emsdk/upstream/emscripten/emcc -DHAVE_STDDEF_H -DHAVE_STDINT_H -DHAVE_SYS_TYPES_H -D_LARGEFILE64_SOURCE=1  -O2 -pthread -MD -MT CMakeFiles/cmTC_ac524.dir/OFF64_T.c.o -MF CMakeFiles/cmTC_ac524.dir/OFF64_T.c.o.d -o CMakeFiles/cmTC_ac524.dir/OFF64_T.c.o -c /workspaces/.riftengine/WebkitWasm/third_party/build-deps/zlib-build/CMakeFiles/CheckTypeSize/OFF64_T.c
[2/2] : && /workspaces/.riftengine/WebkitWasm/third_party/emsdk/upstream/emscripten/emcc -O2 -pthread  CMakeFiles/cmTC_ac524.dir/OFF64_T.c.o -o cmTC_ac524.js  --oformat=wasm  -sWASM=1 && :




===== third_party/build-deps/zlib-build-configure.log =====
emcmake: cmake -S zlib -B zlib-build -GNinja -DCMAKE_BUILD_TYPE=Release -DCMAKE_INSTALL_PREFIX=/workspaces/.riftengine/WebkitWasm/third_party/wasm-sysroot -DCMAKE_FIND_ROOT_PATH=/workspaces/.riftengine/WebkitWasm/third_party/wasm-sysroot -DBUILD_SHARED_LIBS=OFF -DZLIB_BUILD_EXAMPLES=OFF -DCMAKE_TOOLCHAIN_FILE=/workspaces/.riftengine/WebkitWasm/third_party/emsdk/upstream/emscripten/cmake/Modules/Platform/Emscripten.cmake -DCMAKE_CROSSCOMPILING_EMULATOR=/workspaces/.riftengine/WebkitWasm/third_party/emsdk/node/24.19.0_64bit/bin/node in directory /workspaces/.riftengine/WebkitWasm/third_party/build-deps
-- Looking for sys/types.h
-- Looking for sys/types.h - found
-- Looking for stdint.h
-- Looking for stdint.h - found
-- Looking for stddef.h
-- Looking for stddef.h - found
-- Check size of off64_t
-- Check size of off64_t - done
-- Looking for fseeko
-- Looking for fseeko - found
-- Looking for unistd.h
-- Looking for unistd.h - found
-- Renaming
--     /workspaces/.riftengine/WebkitWasm/third_party/build-deps/zlib/zconf.h
-- to 'zconf.h.included' because this file is included with zlib
-- but CMake generates it automatically in the build directory.
-- Configuring done (8.4s)
-- Generating done (0.0s)
-- Build files have been written to: /workspaces/.riftengine/WebkitWasm/third_party/build-deps/zlib-build

=== RiftEngine build started: 2026-08-29T03:18:59+00:00 ===
ROOT=/workspaces/.riftengine/WebkitWasm
LOG=/workspaces/.riftengine/riftengine-build.log
Applied RiftEngine dependency hotfixes (Brotli order + fontconfig mirror).
=== RiftEngine persistent bootstrap ===
==> checking host prerequisites
==> pinning WebKit @ aec9d2ad95
    port patch already applied (or needs manual reconcile — see BUILD.md)
==> installing + activating Emscripten 6.0.0
Resolving SDK version '6.0.0' to 'sdk-releases-772bb4648be4a897ca062d6adc65bc70223d2703-64bit'
Installing SDK 'sdk-releases-772bb4648be4a897ca062d6adc65bc70223d2703-64bit'..
Skipped installing node-24.19.0-64bit, already installed.
Skipped installing releases-772bb4648be4a897ca062d6adc65bc70223d2703-64bit, already installed.
All SDK components already installed: 'sdk-releases-772bb4648be4a897ca062d6adc65bc70223d2703-64bit'.
Resolving SDK version '6.0.0' to 'sdk-releases-772bb4648be4a897ca062d6adc65bc70223d2703-64bit'
Setting the following tools as active:
   node-24.19.0-64bit
   releases-772bb4648be4a897ca062d6adc65bc70223d2703-64bit

Next steps:
- To conveniently access emsdk tools from the command line,
  consider adding the following directories to your PATH:
    /workspaces/.riftengine/WebkitWasm/third_party/emsdk
    /workspaces/.riftengine/WebkitWasm/third_party/emsdk/upstream/emscripten
- This can be done for the current shell by running:
    source "/workspaces/.riftengine/WebkitWasm/third_party/emsdk/emsdk_env.sh"
- Configure emsdk in your shell startup scripts by running:
    echo 'source "/workspaces/.riftengine/WebkitWasm/third_party/emsdk/emsdk_env.sh"' >> $HOME/.bash_profile
==> building wasm deps  (icu -> webcore-deps -> curl-tier; each idempotent)
=== stage: fetch ===
=== stage: host build (tools for cross-compile) ===
=== stage: wasm build ===
=== done ===
drwxrwxrwx+ 3 vscode vscode    4096 Aug 29 03:19 icu
-rw-r--r--  1 vscode vscode    4042 Aug 29 02:50 libharfbuzz-icu.a
-rwxr-xr-x  1 vscode vscode     626 Aug 29 03:19 libicudata.a
-rwxr-xr-x  1 vscode vscode 4799802 Aug 29 03:19 libicui18n.a
-rwxr-xr-x  1 vscode vscode   53192 Aug 29 03:19 libicuio.a
-rwxr-xr-x  1 vscode vscode 2686602 Aug 29 03:19 libicuuc.a
ICU release-77-1 installed to /workspaces/.riftengine/WebkitWasm/third_party/wasm-sysroot
=== zlib ===
=== libpng ===
=== libjpeg-turbo ===
=== libwebp ===
=== brotli prebuild for freetype WOFF2 ===
=== freetype (no harfbuzz first pass) ===
=== harfbuzz ===
=== libxml2 ===
=== sqlite3 ===
=== DONE — sysroot contents ===
cmake
icu
libbrotlicommon.a
libbrotlidec.a
libbrotlienc.a
libcrypto.a
libcurl.a
libcurl.la
libfreetype.a
libharfbuzz.a
libharfbuzz-icu.a
libharfbuzz-subset.a
libicudata.a
libicui18n.a
libicuio.a
libicuuc.a
libjpeg.a
libnghttp2.a
libpng
libpng16.a
libpng.a
libpsl.a
libpsl.la
libsharpyuv.a
libsqlite3.a
libssl.a
libwebp.a
libwebpdecoder.a
libwebpdemux.a
libwebpmux.a
libxml2.a
libz.a
pkgconfig
=== OpenSSL ===
=== nghttp2 ===
=== brotli ===
=== libpsl ===
=== curl ===
=== zlib.pc shim ===
=== fontconfig ===
  % Total    % Received % Xferd  Average Speed   Time    Time     Time  Current
                                 Dload  Upload   Total   Spent    Left  Speed
  0     0    0     0    0     0      0      0 --:--:-- --:--:-- --:--:--     0100 1413k  100 1413k    0     0  32.8M      0 --:--:-- --:--:-- --:--:-- 33.6M

FAILED: RiftEngine build exited with code 2

=== Recent dependency/build logs ===

===== third_party/build-deps/fontconfig-build.log =====
emmake: "make -j2" in "/workspaces/.riftengine/WebkitWasm/third_party/build-deps/fontconfig"
make  all-recursive
make[1]: Entering directory '/workspaces/.riftengine/WebkitWasm/third_party/build-deps/fontconfig'
Making all in fontconfig
make[2]: Entering directory '/workspaces/.riftengine/WebkitWasm/third_party/build-deps/fontconfig/fontconfig'
make[2]: Nothing to be done for 'all'.
make[2]: Leaving directory '/workspaces/.riftengine/WebkitWasm/third_party/build-deps/fontconfig/fontconfig'
Making all in fc-case
make[2]: Entering directory '/workspaces/.riftengine/WebkitWasm/third_party/build-deps/fontconfig/fc-case'
  GEN      fcalias.h
  GEN      fcaliastail.h
make  all-am
make[3]: Entering directory '/workspaces/.riftengine/WebkitWasm/third_party/build-deps/fontconfig/fc-case'
make[3]: Nothing to be done for 'all-am'.
make[3]: Leaving directory '/workspaces/.riftengine/WebkitWasm/third_party/build-deps/fontconfig/fc-case'
make[2]: Leaving directory '/workspaces/.riftengine/WebkitWasm/third_party/build-deps/fontconfig/fc-case'
Making all in fc-lang
make[2]: Entering directory '/workspaces/.riftengine/WebkitWasm/third_party/build-deps/fontconfig/fc-lang'
  GEN      fcalias.h
  GEN      fcaliastail.h
  GEN      ../conf.d/35-lang-normalize.conf
make  all-am
make[3]: Entering directory '/workspaces/.riftengine/WebkitWasm/third_party/build-deps/fontconfig/fc-lang'
make[3]: Nothing to be done for 'all-am'.
make[3]: Leaving directory '/workspaces/.riftengine/WebkitWasm/third_party/build-deps/fontconfig/fc-lang'
make[2]: Leaving directory '/workspaces/.riftengine/WebkitWasm/third_party/build-deps/fontconfig/fc-lang'
Making all in src
make[2]: Entering directory '/workspaces/.riftengine/WebkitWasm/third_party/build-deps/fontconfig/src'
  GEN      fcalias.h
  GEN      fcftalias.h
  GEN      stamp-fcstdint
config.status: executing src/fcstdint.h commands
config.status: creating src/fcstdint.h : _FONTCONFIG_SRC_FCSTDINT_H
config.status: src/fcstdint.h is unchanged
  GEN      stamp-fcobjshash.gperf
make[3]: Entering directory '/workspaces/.riftengine/WebkitWasm/third_party/build-deps/fontconfig/src'
  GEN      stamp-fcobjshash.gperf
make[3]: Leaving directory '/workspaces/.riftengine/WebkitWasm/third_party/build-deps/fontconfig/src'
  GEN      fcobjshash.h
make  all-am
make[3]: Entering directory '/workspaces/.riftengine/WebkitWasm/third_party/build-deps/fontconfig/src'
  CC       fcarch.o
  CC       fcatomic.lo
  CC       fccache.lo
  CC       fccfg.lo
  CC       fccharset.lo
  CC       fccompat.lo
  CC       fcdbg.lo
  CC       fcdefault.lo
  CC       fcdir.lo
  CC       fcformat.lo
  CC       fcfreetype.lo
  CC       fcfs.lo
  CC       fcptrlist.lo
  CC       fchash.lo
  CC       fcinit.lo
  CC       fclang.lo
  CC       fclist.lo
  CC       fcmatch.lo
  CC       fcmatrix.lo
  CC       fcname.lo
  CC       fcobjs.lo
  CC       fcpat.lo
  CC       fcrange.lo
  CC       fcserialize.lo
  CC       fcstat.lo
  CC       fcstr.lo
  CC       fcweight.lo
  CC       fcxml.lo
  CC       ftglue.lo
  CCLD     fcarch
  CCLD     libfontconfig.la
make[3]: Leaving directory '/workspaces/.riftengine/WebkitWasm/third_party/build-deps/fontconfig/src'
make[2]: Leaving directory '/workspaces/.riftengine/WebkitWasm/third_party/build-deps/fontconfig/src'
Making all in fc-cache
make[2]: Entering directory '/workspaces/.riftengine/WebkitWasm/third_party/build-deps/fontconfig/fc-cache'
  CC       fc-cache.o
  CCLD     fc-cache
wasm-ld: error: /workspaces/.riftengine/WebkitWasm/third_party/wasm-sysroot/lib/libbrotlidec.a(decode.c.o): undefined symbol: _kBrotliPrefixCodeRanges
wasm-ld: error: /workspaces/.riftengine/WebkitWasm/third_party/wasm-sysroot/lib/libbrotlidec.a(decode.c.o): undefined symbol: _kBrotliPrefixCodeRanges
wasm-ld: error: /workspaces/.riftengine/WebkitWasm/third_party/wasm-sysroot/lib/libbrotlidec.a(decode.c.o): undefined symbol: _kBrotliContextLookupTable
wasm-ld: error: /workspaces/.riftengine/WebkitWasm/third_party/wasm-sysroot/lib/libbrotlidec.a(decode.c.o): undefined symbol: BrotliTransformDictionaryWord
wasm-ld: error: /workspaces/.riftengine/WebkitWasm/third_party/wasm-sysroot/lib/libbrotlidec.a(decode.c.o): undefined symbol: BrotliTransformDictionaryWord
wasm-ld: error: /workspaces/.riftengine/WebkitWasm/third_party/wasm-sysroot/lib/libbrotlidec.a(decode.c.o): undefined symbol: _kBrotliPrefixCodeRanges
wasm-ld: error: /workspaces/.riftengine/WebkitWasm/third_party/wasm-sysroot/lib/libbrotlidec.a(decode.c.o): undefined symbol: _kBrotliPrefixCodeRanges
wasm-ld: error: /workspaces/.riftengine/WebkitWasm/third_party/wasm-sysroot/lib/libbrotlidec.a(decode.c.o): undefined symbol: _kBrotliPrefixCodeRanges
wasm-ld: error: /workspaces/.riftengine/WebkitWasm/third_party/wasm-sysroot/lib/libbrotlidec.a(decode.c.o): undefined symbol: _kBrotliPrefixCodeRanges
wasm-ld: error: /workspaces/.riftengine/WebkitWasm/third_party/wasm-sysroot/lib/libbrotlidec.a(decode.c.o): undefined symbol: _kBrotliContextLookupTable
wasm-ld: error: /workspaces/.riftengine/WebkitWasm/third_party/wasm-sysroot/lib/libbrotlidec.a(decode.c.o): undefined symbol: _kBrotliPrefixCodeRanges
wasm-ld: error: /workspaces/.riftengine/WebkitWasm/third_party/wasm-sysroot/lib/libbrotlidec.a(decode.c.o): undefined symbol: _kBrotliPrefixCodeRanges
wasm-ld: error: /workspaces/.riftengine/WebkitWasm/third_party/wasm-sysroot/lib/libbrotlidec.a(decode.c.o): undefined symbol: _kBrotliPrefixCodeRanges
wasm-ld: error: /workspaces/.riftengine/WebkitWasm/third_party/wasm-sysroot/lib/libbrotlidec.a(decode.c.o): undefined symbol: _kBrotliPrefixCodeRanges
wasm-ld: error: /workspaces/.riftengine/WebkitWasm/third_party/wasm-sysroot/lib/libbrotlidec.a(decode.c.o): undefined symbol: _kBrotliPrefixCodeRanges
wasm-ld: error: /workspaces/.riftengine/WebkitWasm/third_party/wasm-sysroot/lib/libbrotlidec.a(decode.c.o): undefined symbol: _kBrotliPrefixCodeRanges
wasm-ld: error: /workspaces/.riftengine/WebkitWasm/third_party/wasm-sysroot/lib/libbrotlidec.a(decode.c.o): undefined symbol: _kBrotliContextLookupTable
wasm-ld: error: /workspaces/.riftengine/WebkitWasm/third_party/wasm-sysroot/lib/libbrotlidec.a(decode.c.o): undefined symbol: _kBrotliPrefixCodeRanges
wasm-ld: error: /workspaces/.riftengine/WebkitWasm/third_party/wasm-sysroot/lib/libbrotlidec.a(decode.c.o): undefined symbol: _kBrotliPrefixCodeRanges
wasm-ld: error: /workspaces/.riftengine/WebkitWasm/third_party/wasm-sysroot/lib/libbrotlidec.a(state.c.o): undefined symbol: BrotliDefaultFreeFunc
wasm-ld: error: too many errors emitted, stopping now (use -error-limit=0 to see all errors)
emcc: error: '/workspaces/.riftengine/WebkitWasm/third_party/emsdk/upstream/bin/wasm-ld -o fc-cache.wasm /tmp/tmp0gjno77glibemscripten_js_symbols.so -Bstatic --import-memory --shared-memory --strip-debug --export=_emscripten_stack_alloc --export=_emscripten_thread_free_data --export=_emscripten_thread_crashed --export=__wasm_call_ctors --export=_emscripten_tls_init --export=_emscripten_thread_init --export=pthread_self --export=__set_thread_state --export=emscripten_stack_get_current --export=_emscripten_stack_restore --export=emscripten_stack_set_limits --export=_emscripten_thread_exit --export-if-defined=__start_em_asm --export-if-defined=__stop_em_asm --export-if-defined=__start_em_lib_deps --export-if-defined=__stop_em_lib_deps --export-if-defined=__start_em_js --export-if-defined=__stop_em_js --export-if-defined=main --export-if-defined=__main_argc_argv --export-table -z stack-size=65536 --no-growable-memory --initial-memory=16777216 --no-entry --no-stack-first --table-base=1 --global-base=1024 fc-cache.o ../src/.libs/libfontconfig.a -L/workspaces/.riftengine/WebkitWasm/third_party/wasm-sysroot/lib -lfreetype -lpng16 -lbrotlidec -lxml2 -licuuc -licudata -lz -L/workspaces/.riftengine/WebkitWasm/third_party/emsdk/upstream/emscripten/cache/sysroot/lib/wasm32-emscripten -L/workspaces/.riftengine/WebkitWasm/third_party/emsdk/upstream/emscripten/src/lib /workspaces/.riftengine/WebkitWasm/third_party/emsdk/upstream/emscripten/cache/sysroot/lib/wasm32-emscripten/crtbegin-mt.o -lGL-mt-getprocaddr -lal -lhtml5 -lstubs -lnoexit -lc-mt -ldlmalloc-mt -lcompiler_rt-mt -lc++-mt-noexcept -lc++abi-mt-noexcept -lsockets-mt -mllvm -combiner-global-alias-analysis=false -mllvm -enable-emscripten-sjlj -mllvm -disable-lsr' failed (returned 1)
make[2]: *** [Makefile:527: fc-cache] Error 1
make[2]: Leaving directory '/workspaces/.riftengine/WebkitWasm/third_party/build-deps/fontconfig/fc-cache'
make[1]: *** [Makefile:629: all-recursive] Error 1
make[1]: Leaving directory '/workspaces/.riftengine/WebkitWasm/third_party/build-deps/fontconfig'
make: *** [Makefile:515: all] Error 2

===== third_party/build-deps/fontconfig/config.log =====
## ----------- ##
## confdefs.h. ##
## ----------- ##

/* confdefs.h */
#define PACKAGE_NAME "fontconfig"
#define PACKAGE_TARNAME "fontconfig"
#define PACKAGE_VERSION "2.15.0"
#define PACKAGE_STRING "fontconfig 2.15.0"
#define PACKAGE_BUGREPORT "https://gitlab.freedesktop.org/fontconfig/fontconfig/issues/new"
#define PACKAGE_URL ""
#define PACKAGE "fontconfig"
#define VERSION "2.15.0"
#define HAVE_STDIO_H 1
#define HAVE_STDLIB_H 1
#define HAVE_STRING_H 1
#define HAVE_INTTYPES_H 1
#define HAVE_STDINT_H 1
#define HAVE_STRINGS_H 1
#define HAVE_SYS_STAT_H 1
#define HAVE_SYS_TYPES_H 1
#define HAVE_UNISTD_H 1
#define HAVE_WCHAR_H 1
#define HAVE_SYS_PARAM_H 1
#define STDC_HEADERS 1
#define _ALL_SOURCE 1
#define _DARWIN_C_SOURCE 1
#define _GNU_SOURCE 1
#define _HPUX_ALT_XOPEN_SOCKET_API 1
#define _NETBSD_SOURCE 1
#define _OPENBSD_SOURCE 1
#define _POSIX_PTHREAD_SEMANTICS 1
#define __STDC_WANT_IEC_60559_ATTRIBS_EXT__ 1
#define __STDC_WANT_IEC_60559_BFP_EXT__ 1
#define __STDC_WANT_IEC_60559_DFP_EXT__ 1
#define __STDC_WANT_IEC_60559_FUNCS_EXT__ 1
#define __STDC_WANT_IEC_60559_TYPES_EXT__ 1
#define __STDC_WANT_LIB_EXT2__ 1
#define __STDC_WANT_MATH_SPEC_FUNCS__ 1
#define _TANDEM_SOURCE 1
#define __EXTENSIONS__ 1
#define HAVE_DLFCN_H 1
#define LT_OBJDIR ".libs/"
#define GETTEXT_PACKAGE "fontconfig"
#define ENABLE_NLS 1
#define HAVE_GETTEXT 1
#define HAVE_DCGETTEXT 1
#define HAVE_WARNING_CPP_DIRECTIVE 1
#define HAVE_DIRENT_H 1
#define HAVE_DIRENT_H 1
#define HAVE_FCNTL_H 1
#define HAVE_STDLIB_H 1
#define HAVE_STRING_H 1
#define HAVE_UNISTD_H 1
#define HAVE_SYS_STATVFS_H 1
#define HAVE_SYS_VFS_H 1
#define HAVE_SYS_STATFS_H 1
#define HAVE_SYS_PARAM_H 1
#define HAVE_SYS_MOUNT_H 1
#define FLEXIBLE_ARRAY_MEMBER /**/
#define HAVE_VPRINTF 1
#define HAVE_GETPAGESIZE 1
#define HAVE_LINK 1
#define HAVE_MKSTEMP 1
#define HAVE_MKOSTEMP 1
#define HAVE_MKDTEMP 1
#define HAVE_GETOPT 1
#define HAVE_GETOPT_LONG 1
#define HAVE_RAND 1
#define HAVE_RANDOM 1
#define HAVE_LRAND48 1
#define HAVE_RAND_R 1
#define HAVE_READLINK 1
#define HAVE_FSTATVFS 1
#define HAVE_FSTATFS 1
#define HAVE_LSTAT 1
#define HAVE_STRERROR 1
#define HAVE_STRERROR_R 1
#define HAVE_POSIX_FADVISE 1
#define HAVE_STRUCT_STAT_ST_MTIM 1
#define HAVE_STRUCT_STATFS_F_FLAGS 1
#define HAVE_STRUCT_DIRENT_D_TYPE 1
#define FC_GPERF_SIZE_T size_t
#define USE_ICONV 0
#define HAVE_FT_GET_BDF_PROPERTY 1
#define HAVE_FT_GET_PS_FONT_INFO 1
#define HAVE_FT_HAS_PS_GLYPH_NAMES 1
#define HAVE_FT_GET_X11_FONT_FORMAT 1
#define HAVE_FT_DONE_MM_VAR 1
#define ENABLE_LIBXML2 1
#define FC_DEFAULT_FONTS "<dir>/usr/share/fonts</dir>"
#define FC_ADD_FONTS "yes"
#define HAVE_STDATOMIC_PRIMITIVES 1
#define HAVE_INTEL_ATOMIC_PRIMITIVES 1
#define HAVE_PTHREAD_PRIO_INHERIT 1
#define HAVE_PTHREAD 1
#define SIZEOF_VOID_P 4
#define ALIGNOF_DOUBLE 8
#define ALIGNOF_VOID_P 4

configure: exit 0

## ---------------------- ##
## Running config.status. ##
## ---------------------- ##

This file was extended by fontconfig config.status 2.15.0, which was
generated by GNU Autoconf 2.71.  Invocation command line was

  CONFIG_FILES    = 
  CONFIG_HEADERS  = 
  CONFIG_LINKS    = 
  CONFIG_COMMANDS = 
  $ ./config.status src/fcstdint.h

on codespaces-d8d5bd

config.status:1532: executing src/fcstdint.h commands
config.status:2303: creating src/fcstdint.h : _FONTCONFIG_SRC_FCSTDINT_H
config.status:2735: src/fcstdint.h is unchanged

===== third_party/build-deps/fontconfig-configure.log =====
checking for ld used by /workspaces/.riftengine/WebkitWasm/third_party/emsdk/upstream/emscripten/emcc... /workspaces/.riftengine/WebkitWasm/third_party/emsdk/upstream/emscripten/emcc
checking if the linker (/workspaces/.riftengine/WebkitWasm/third_party/emsdk/upstream/emscripten/emcc) is GNU ld... yes
checking for shared library run path origin... done
checking how to run the C preprocessor... /workspaces/.riftengine/WebkitWasm/third_party/emsdk/upstream/emscripten/emcc -E
checking for CFPreferencesCopyAppValue... no
checking for CFLocaleCopyCurrent... no
checking for GNU gettext in libc... yes
checking whether to use NLS... yes
checking where the gettext function comes from... libc
checking for /workspaces/.riftengine/WebkitWasm/third_party/emsdk/upstream/emscripten/emcc options needed to detect all undeclared functions... none needed
checking whether __SUNPRO_C is declared... no
checking for build system executable suffix... no
checking for dirent.h that defines DIR... yes
checking for library containing opendir... none required
checking for egrep... (cached) /usr/bin/grep -E
checking for dirent.h... yes
checking for fcntl.h... yes
checking for stdlib.h... (cached) yes
checking for string.h... (cached) yes
checking for unistd.h... (cached) yes
checking for sys/statvfs.h... yes
checking for sys/vfs.h... yes
checking for sys/statfs.h... yes
checking for sys/param.h... (cached) yes
checking for sys/mount.h... yes
checking for stdint types... stdint.h (shortcircuit)
make use of stdint.h in src/fcstdint.h (assuming C99 compatible system)
checking for an ANSI C-conforming const... yes
checking for inline... inline
checking for flexible array members... yes
checking for pid_t... yes
checking for vprintf... yes
checking for getpagesize... yes
checking for working mmap... no
checking for link... yes
checking for mkstemp... yes
checking for mkostemp... yes
checking for _mktemp_s... no
checking for mkdtemp... yes
checking for getopt... yes
checking for getopt_long... yes
checking for getprogname... no
checking for getexecname... no
checking for rand... yes
checking for random... yes
checking for lrand48... yes
checking for random_r... no
checking for rand_r... yes
checking for readlink... yes
checking for fstatvfs... yes
checking for fstatfs... yes
checking for lstat... yes
checking for strerror... yes
checking for strerror_r... yes
checking for posix_fadvise in fcntl.h... fcntl.h
checking for struct stat.st_mtim... yes
checking for struct statvfs.f_basetype... no
checking for struct statvfs.f_fstypename... no
checking for struct statfs.f_flags... yes
checking for struct statfs.f_fstypename... no
checking for struct dirent.d_type... yes
checking The type of len parameter of gperf hash/lookup function... size_t
checking for FREETYPE... yes
checking for FT_Get_BDF_Property... yes
checking for FT_Get_PS_Font_Info... yes
checking for FT_Has_PS_Glyph_Names... yes
checking for FT_Get_X11_Font_Format... yes
checking for FT_Done_MM_Var... yes
checking for LIBXML2... yes
checking SAX1 support in libxml2... found
checking for JSONC... no
checking stdatomic.h atomic primitives... true
checking for Intel atomic primitives... true
checking for Solaris atomic operations... false
checking if compiler needs -Werror to reject unknown flags... yes
checking for the pthreads library -lpthreads... no
checking whether pthreads work without any flags... yes
checking for joinable pthread attribute... PTHREAD_CREATE_JOINABLE
checking if more special flags are required for pthreads... no
checking for PTHREAD_PRIO_INHERIT... yes
checking for docbook2html... no
checking whether byte ordering is bigendian... no
checking size of void *... 4
checking alignment of double... 8
checking alignment of void *... 4
checking that generated files are newer than configure... done
configure: creating ./config.status
config.status: creating Makefile
config.status: creating fontconfig/Makefile
config.status: creating fc-lang/Makefile
config.status: creating fc-case/Makefile
config.status: creating src/Makefile
config.status: creating conf.d/Makefile
config.status: creating fc-cache/Makefile
config.status: creating fc-cat/Makefile
config.status: creating fc-conflist/Makefile
config.status: creating fc-list/Makefile
config.status: creating fc-match/Makefile
config.status: creating fc-pattern/Makefile
config.status: creating fc-query/Makefile
config.status: creating fc-scan/Makefile
config.status: creating fc-validate/Makefile
config.status: creating doc/Makefile
config.status: creating doc/version.sgml
config.status: creating its/Makefile
config.status: creating po/Makefile.in
config.status: creating po-conf/Makefile.in
config.status: creating test/Makefile
config.status: creating fontconfig.pc
config.status: creating fontconfig-zip
config.status: creating config.h
config.status: executing depfiles commands
config.status: executing libtool commands
config.status: executing po-directories commands
config.status: creating po/POTFILES
config.status: creating po/Makefile
config.status: creating po-conf/POTFILES
config.status: creating po-conf/Makefile
config.status: executing src/fcstdint.h commands
config.status: creating src/fcstdint.h : _FONTCONFIG_SRC_FCSTDINT_H

===== third_party/build-deps/freetype-build-build.log =====
ninja: Entering directory `freetype-build'
[1/44] Building C object CMakeFiles/freetype.dir/src/base/ftbdf.c.o
[2/44] Building C object CMakeFiles/freetype.dir/src/base/ftcid.c.o
[3/44] Building C object CMakeFiles/freetype.dir/src/base/ftfstype.c.o
[4/44] Building C object CMakeFiles/freetype.dir/src/base/ftbitmap.c.o
[5/44] Building C object CMakeFiles/freetype.dir/src/base/ftbbox.c.o
[6/44] Building C object CMakeFiles/freetype.dir/src/base/ftgasp.c.o
[7/44] Building C object CMakeFiles/freetype.dir/src/base/ftgxval.c.o
[8/44] Building C object CMakeFiles/freetype.dir/src/base/ftinit.c.o
[9/44] Building C object CMakeFiles/freetype.dir/src/base/ftglyph.c.o
[10/44] Building C object CMakeFiles/freetype.dir/src/base/ftotval.c.o
[11/44] Building C object CMakeFiles/freetype.dir/src/base/ftmm.c.o
[12/44] Building C object CMakeFiles/freetype.dir/src/base/ftpatent.c.o
[13/44] Building C object CMakeFiles/freetype.dir/src/base/ftpfr.c.o
[14/44] Building C object CMakeFiles/freetype.dir/src/base/ftsynth.c.o
[15/44] Building C object CMakeFiles/freetype.dir/src/base/fttype1.c.o
[16/44] Building C object CMakeFiles/freetype.dir/src/base/ftwinfnt.c.o
[17/44] Building C object CMakeFiles/freetype.dir/src/base/ftstroke.c.o
[18/44] Building C object CMakeFiles/freetype.dir/src/bzip2/ftbzip2.c.o
[19/44] Building C object CMakeFiles/freetype.dir/src/bdf/bdf.c.o
[20/44] Building C object CMakeFiles/freetype.dir/src/autofit/autofit.c.o
[21/44] Building C object CMakeFiles/freetype.dir/src/cache/ftcache.c.o
[22/44] Building C object CMakeFiles/freetype.dir/src/cid/type1cid.c.o
[23/44] Building C object CMakeFiles/freetype.dir/src/base/ftbase.c.o
[24/44] Building C object CMakeFiles/freetype.dir/src/gzip/ftgzip.c.o
[25/44] Building C object CMakeFiles/freetype.dir/src/lzw/ftlzw.c.o
[26/44] Building C object CMakeFiles/freetype.dir/src/cff/cff.c.o
[27/44] Building C object CMakeFiles/freetype.dir/src/pcf/pcf.c.o
[28/44] Building C object CMakeFiles/freetype.dir/src/pfr/pfr.c.o
[29/44] Building C object CMakeFiles/freetype.dir/src/psnames/psnames.c.o
[30/44] Building C object CMakeFiles/freetype.dir/src/pshinter/pshinter.c.o
[31/44] Building C object CMakeFiles/freetype.dir/src/svg/svg.c.o
[32/44] Building C object CMakeFiles/freetype.dir/src/raster/raster.c.o
[33/44] Building C object CMakeFiles/freetype.dir/src/smooth/smooth.c.o
[34/44] Building C object CMakeFiles/freetype.dir/src/sdf/sdf.c.o
[35/44] Building C object CMakeFiles/freetype.dir/src/type42/type42.c.o
[36/44] Building C object CMakeFiles/freetype.dir/src/winfonts/winfnt.c.o
[37/44] Building C object CMakeFiles/freetype.dir/builds/unix/ftsystem.c.o
[38/44] Building C object CMakeFiles/freetype.dir/src/base/ftdebug.c.o
[39/44] Building C object CMakeFiles/freetype.dir/src/psaux/psaux.c.o
[40/44] Building C object CMakeFiles/freetype.dir/src/type1/type1.c.o
[41/44] Building C object CMakeFiles/freetype.dir/src/truetype/truetype.c.o
[42/44] Building C object CMakeFiles/freetype.dir/src/sfnt/sfnt.c.o
[43/44] Linking C static library libfreetype.a
[43/44] Install the project...
-- Install configuration: "Release"
-- Installing: /workspaces/.riftengine/WebkitWasm/third_party/wasm-sysroot/include/freetype2
-- Installing: /workspaces/.riftengine/WebkitWasm/third_party/wasm-sysroot/include/freetype2/ft2build.h
-- Installing: /workspaces/.riftengine/WebkitWasm/third_party/wasm-sysroot/include/freetype2/freetype
-- Installing: /workspaces/.riftengine/WebkitWasm/third_party/wasm-sysroot/include/freetype2/freetype/ftbbox.h
-- Installing: /workspaces/.riftengine/WebkitWasm/third_party/wasm-sysroot/include/freetype2/freetype/ftcolor.h
-- Installing: /workspaces/.riftengine/WebkitWasm/third_party/wasm-sysroot/include/freetype2/freetype/ftlist.h
-- Installing: /workspaces/.riftengine/WebkitWasm/third_party/wasm-sysroot/include/freetype2/freetype/ftoutln.h
-- Installing: /workspaces/.riftengine/WebkitWasm/third_party/wasm-sysroot/include/freetype2/freetype/fttrigon.h
-- Installing: /workspaces/.riftengine/WebkitWasm/third_party/wasm-sysroot/include/freetype2/freetype/ftlogging.h
-- Installing: /workspaces/.riftengine/WebkitWasm/third_party/wasm-sysroot/include/freetype2/freetype/ftcid.h
-- Installing: /workspaces/.riftengine/WebkitWasm/third_party/wasm-sysroot/include/freetype2/freetype/ftwinfnt.h
-- Installing: /workspaces/.riftengine/WebkitWasm/third_party/wasm-sysroot/include/freetype2/freetype/ftchapters.h
-- Installing: /workspaces/.riftengine/WebkitWasm/third_party/wasm-sysroot/include/freetype2/freetype/ttnameid.h
-- Installing: /workspaces/.riftengine/WebkitWasm/third_party/wasm-sysroot/include/freetype2/freetype/ftbzip2.h
-- Installing: /workspaces/.riftengine/WebkitWasm/third_party/wasm-sysroot/include/freetype2/freetype/t1tables.h
-- Installing: /workspaces/.riftengine/WebkitWasm/third_party/wasm-sysroot/include/freetype2/freetype/otsvg.h
-- Installing: /workspaces/.riftengine/WebkitWasm/third_party/wasm-sysroot/include/freetype2/freetype/ftgasp.h
-- Installing: /workspaces/.riftengine/WebkitWasm/third_party/wasm-sysroot/include/freetype2/freetype/ftmodapi.h
-- Installing: /workspaces/.riftengine/WebkitWasm/third_party/wasm-sysroot/include/freetype2/freetype/freetype.h
-- Installing: /workspaces/.riftengine/WebkitWasm/third_party/wasm-sysroot/include/freetype2/freetype/ftpfr.h
-- Installing: /workspaces/.riftengine/WebkitWasm/third_party/wasm-sysroot/include/freetype2/freetype/ftsnames.h
-- Installing: /workspaces/.riftengine/WebkitWasm/third_party/wasm-sysroot/include/freetype2/freetype/ftgxval.h
-- Installing: /workspaces/.riftengine/WebkitWasm/third_party/wasm-sysroot/include/freetype2/freetype/ftmoderr.h
-- Installing: /workspaces/.riftengine/WebkitWasm/third_party/wasm-sysroot/include/freetype2/freetype/config
-- Installing: /workspaces/.riftengine/WebkitWasm/third_party/wasm-sysroot/include/freetype2/freetype/config/mac-support.h
-- Installing: /workspaces/.riftengine/WebkitWasm/third_party/wasm-sysroot/include/freetype2/freetype/config/integer-types.h
-- Installing: /workspaces/.riftengine/WebkitWasm/third_party/wasm-sysroot/include/freetype2/freetype/config/public-macros.h
-- Installing: /workspaces/.riftengine/WebkitWasm/third_party/wasm-sysroot/include/freetype2/freetype/config/ftstdlib.h
-- Installing: /workspaces/.riftengine/WebkitWasm/third_party/wasm-sysroot/include/freetype2/freetype/config/ftheader.h
-- Installing: /workspaces/.riftengine/WebkitWasm/third_party/wasm-sysroot/include/freetype2/freetype/config/ftmodule.h
-- Installing: /workspaces/.riftengine/WebkitWasm/third_party/wasm-sysroot/include/freetype2/freetype/fterrdef.h
-- Installing: /workspaces/.riftengine/WebkitWasm/third_party/wasm-sysroot/include/freetype2/freetype/ftmm.h
-- Installing: /workspaces/.riftengine/WebkitWasm/third_party/wasm-sysroot/include/freetype2/freetype/fterrors.h
-- Installing: /workspaces/.riftengine/WebkitWasm/third_party/wasm-sysroot/include/freetype2/freetype/ftmac.h
-- Installing: /workspaces/.riftengine/WebkitWasm/third_party/wasm-sysroot/include/freetype2/freetype/tttags.h
-- Installing: /workspaces/.riftengine/WebkitWasm/third_party/wasm-sysroot/include/freetype2/freetype/tttables.h
-- Installing: /workspaces/.riftengine/WebkitWasm/third_party/wasm-sysroot/include/freetype2/freetype/ftimage.h
-- Installing: /workspaces/.riftengine/WebkitWasm/third_party/wasm-sysroot/include/freetype2/freetype/ftgzip.h
-- Installing: /workspaces/.riftengine/WebkitWasm/third_party/wasm-sysroot/include/freetype2/freetype/fttypes.h
-- Installing: /workspaces/.riftengine/WebkitWasm/third_party/wasm-sysroot/include/freetype2/freetype/ftbitmap.h
-- Installing: /workspaces/.riftengine/WebkitWasm/third_party/wasm-sysroot/include/freetype2/freetype/ftadvanc.h
-- Installing: /workspaces/.riftengine/WebkitWasm/third_party/wasm-sysroot/include/freetype2/freetype/ftsystem.h
-- Installing: /workspaces/.riftengine/WebkitWasm/third_party/wasm-sysroot/include/freetype2/freetype/ftfntfmt.h
-- Installing: /workspaces/.riftengine/WebkitWasm/third_party/wasm-sysroot/include/freetype2/freetype/ftdriver.h
-- Installing: /workspaces/.riftengine/WebkitWasm/third_party/wasm-sysroot/include/freetype2/freetype/ftglyph.h
-- Installing: /workspaces/.riftengine/WebkitWasm/third_party/wasm-sysroot/include/freetype2/freetype/ftsizes.h
-- Installing: /workspaces/.riftengine/WebkitWasm/third_party/wasm-sysroot/include/freetype2/freetype/ftparams.h
-- Installing: /workspaces/.riftengine/WebkitWasm/third_party/wasm-sysroot/include/freetype2/freetype/ftbdf.h
-- Installing: /workspaces/.riftengine/WebkitWasm/third_party/wasm-sysroot/include/freetype2/freetype/ftlzw.h
-- Installing: /workspaces/.riftengine/WebkitWasm/third_party/wasm-sysroot/include/freetype2/freetype/ftincrem.h
-- Installing: /workspaces/.riftengine/WebkitWasm/third_party/wasm-sysroot/include/freetype2/freetype/ftlcdfil.h
-- Installing: /workspaces/.riftengine/WebkitWasm/third_party/wasm-sysroot/include/freetype2/freetype/ftsynth.h
-- Installing: /workspaces/.riftengine/WebkitWasm/third_party/wasm-sysroot/include/freetype2/freetype/ftotval.h
-- Installing: /workspaces/.riftengine/WebkitWasm/third_party/wasm-sysroot/include/freetype2/freetype/ftrender.h
-- Installing: /workspaces/.riftengine/WebkitWasm/third_party/wasm-sysroot/include/freetype2/freetype/ftcache.h
-- Installing: /workspaces/.riftengine/WebkitWasm/third_party/wasm-sysroot/include/freetype2/freetype/ftstroke.h
-- Installing: /workspaces/.riftengine/WebkitWasm/third_party/wasm-sysroot/include/freetype2/freetype/config/ftconfig.h
-- Installing: /workspaces/.riftengine/WebkitWasm/third_party/wasm-sysroot/include/freetype2/freetype/config/ftoption.h
-- Installing: /workspaces/.riftengine/WebkitWasm/third_party/wasm-sysroot/lib/pkgconfig/freetype2.pc
-- Installing: /workspaces/.riftengine/WebkitWasm/third_party/wasm-sysroot/lib/libfreetype.a
-- Installing: /workspaces/.riftengine/WebkitWasm/third_party/wasm-sysroot/lib/cmake/freetype/freetype-config.cmake
-- Installing: /workspaces/.riftengine/WebkitWasm/third_party/wasm-sysroot/lib/cmake/freetype/freetype-config-release.cmake
-- Installing: /workspaces/.riftengine/WebkitWasm/third_party/wasm-sysroot/lib/cmake/freetype/freetype-config-version.cmake

===== third_party/build-deps/freetype-build-configure.log =====
emcmake: cmake -S freetype -B freetype-build -GNinja -DCMAKE_BUILD_TYPE=Release -DCMAKE_INSTALL_PREFIX=/workspaces/.riftengine/WebkitWasm/third_party/wasm-sysroot -DCMAKE_FIND_ROOT_PATH=/workspaces/.riftengine/WebkitWasm/third_party/wasm-sysroot -DBUILD_SHARED_LIBS=OFF -DFT_DISABLE_HARFBUZZ=ON -DFT_DISABLE_BZIP2=ON -DFT_DISABLE_BROTLI=OFF -DFT_REQUIRE_BROTLI=ON -DFT_REQUIRE_ZLIB=ON -DFT_REQUIRE_PNG=ON -DZLIB_ROOT=/workspaces/.riftengine/WebkitWasm/third_party/wasm-sysroot -DBROTLIDEC_INCLUDE_DIRS=/workspaces/.riftengine/WebkitWasm/third_party/wasm-sysroot/include '-DBROTLIDEC_LIBRARIES=/workspaces/.riftengine/WebkitWasm/third_party/wasm-sysroot/lib/libbrotlidec.a;/workspaces/.riftengine/WebkitWasm/third_party/wasm-sysroot/lib/libbrotlicommon.a' -DCMAKE_TOOLCHAIN_FILE=/workspaces/.riftengine/WebkitWasm/third_party/emsdk/upstream/emscripten/cmake/Modules/Platform/Emscripten.cmake -DCMAKE_CROSSCOMPILING_EMULATOR=/workspaces/.riftengine/WebkitWasm/third_party/emsdk/node/24.19.0_64bit/bin/node in directory /workspaces/.riftengine/WebkitWasm/third_party/build-deps
-- Found PkgConfig: /usr/bin/pkg-config (found version "1.8.1") 
CMake Warning (dev) at /usr/share/cmake-3.28/Modules/FindPNG.cmake:65 (find_package):
  Policy CMP0074 is not set: find_package uses <PackageName>_ROOT variables.
  Run "cmake --help-policy CMP0074" for policy details.  Use the cmake_policy
  command to set the policy and suppress this warning.

  CMake variable ZLIB_ROOT is set to:

    /workspaces/.riftengine/WebkitWasm/third_party/wasm-sysroot

  For compatibility, CMake is ignoring the variable.
Call Stack (most recent call first):
  CMakeLists.txt:264 (find_package)
This warning is for project developers.  Use -Wno-dev to suppress it.

-- Found ZLIB: /workspaces/.riftengine/WebkitWasm/third_party/wasm-sysroot/lib/libz.a (found version "1.3.1")  
-- Found PNG: /workspaces/.riftengine/WebkitWasm/third_party/wasm-sysroot/lib/libpng.a (found version "1.6.43") 
-- Found BrotliDec: /workspaces/.riftengine/WebkitWasm/third_party/wasm-sysroot/include  
-- Looking for unistd.h
-- Looking for unistd.h - found
-- Looking for fcntl.h
-- Looking for fcntl.h - found
-- Configuring done (3.0s)
-- Generating done (0.0s)
-- Build files have been written to: /workspaces/.riftengine/WebkitWasm/third_party/build-deps/freetype-build

===== third_party/build-deps/harfbuzz-build-build.log =====
      |                                                       ^
/workspaces/.riftengine/WebkitWasm/third_party/build-deps/harfbuzz/src/hb-iter.hh:482:12: note: (skipping 1 context in backtrace; use -ftemplate-backtrace-limit=0 to see all)
  482 |   { return hb_filter_iter_t<Iter, Pred, Proj> (it, p, f); }
      |            ^
/workspaces/.riftengine/WebkitWasm/third_party/build-deps/harfbuzz/src/hb-iter.hh:369:51: note: in instantiation of function template specialization 'hb_filter_iter_factory_t<bool (hb_hashmap_t<unsigned int, hb_set_t>::item_t::*)() const, const (unnamed struct at /workspaces/.riftengine/WebkitWasm/third_party/build-deps/harfbuzz/src/hb-algs.hh:228:1) &>::operator()<hb_array_t<hb_hashmap_t<unsigned int, hb_set_t>::item_t>, nullptr>' requested here
  369 | operator | (Lhs&& lhs, Rhs&& rhs) HB_AUTO_RETURN (std::forward<Rhs> (rhs) (std::forward<Lhs> (lhs)))
      |                                                   ^
/workspaces/.riftengine/WebkitWasm/third_party/build-deps/harfbuzz/src/hb-meta.hh:76:55: note: expanded from macro 'HB_AUTO_RETURN'
   76 | #define HB_AUTO_RETURN(E) -> decltype ((E)) { return (E); }
      |                                                       ^
/workspaces/.riftengine/WebkitWasm/third_party/build-deps/harfbuzz/src/hb-map.hh:424:5: note: in instantiation of function template specialization 'operator|<hb_array_t<hb_hashmap_t<unsigned int, hb_set_t>::item_t>, hb_filter_iter_factory_t<bool (hb_hashmap_t<unsigned int, hb_set_t>::item_t::*)() const, const (unnamed struct at /workspaces/.riftengine/WebkitWasm/third_party/build-deps/harfbuzz/src/hb-algs.hh:228:1) &>, nullptr>' requested here
  424 |     | hb_filter (&item_t::is_real)
      |     ^
/workspaces/.riftengine/WebkitWasm/third_party/build-deps/harfbuzz/src/hb-meta.hh:76:55: note: expanded from macro 'HB_AUTO_RETURN'
   76 | #define HB_AUTO_RETURN(E) -> decltype ((E)) { return (E); }
      |                                                       ^
/workspaces/.riftengine/WebkitWasm/third_party/build-deps/harfbuzz/src/hb-map.hh:448:13: note: in instantiation of member function 'hb_hashmap_t<unsigned int, hb_set_t>::iter_items' requested here
  448 |     + this->iter_items ()
      |             ^
/workspaces/.riftengine/WebkitWasm/third_party/build-deps/harfbuzz/src/hb-meta.hh:76:55: note: expanded from macro 'HB_AUTO_RETURN'
   76 | #define HB_AUTO_RETURN(E) -> decltype ((E)) { return (E); }
      |                                                       ^
/workspaces/.riftengine/WebkitWasm/third_party/build-deps/harfbuzz/src/hb-map.hh:453:13: note: in instantiation of member function 'hb_hashmap_t<unsigned int, hb_set_t>::values_ref' requested here
  453 |     + this->values_ref ()
      |             ^
/workspaces/.riftengine/WebkitWasm/third_party/build-deps/harfbuzz/src/hb-meta.hh:76:55: note: expanded from macro 'HB_AUTO_RETURN'
   76 | #define HB_AUTO_RETURN(E) -> decltype ((E)) { return (E); }
      |                                                       ^
/workspaces/.riftengine/WebkitWasm/third_party/build-deps/harfbuzz/src/graph/classdef-graph.hh:238:47: note: in instantiation of member function 'hb_hashmap_t<unsigned int, hb_set_t>::values' requested here
  238 |     for (const hb_set_t& s : glyphs_per_class.values ())
      |                                               ^
/workspaces/.riftengine/WebkitWasm/third_party/build-deps/harfbuzz/src/hb-null.hh:179:11: note: explicitly cast the pointer to silence this warning
  179 |   memcpy (obj, std::addressof (Null (Type)), sizeof (*obj));
      |           ^
      |           (void*)
/workspaces/.riftengine/WebkitWasm/third_party/build-deps/harfbuzz/src/hb-null.hh:179:11: warning: first argument in call to 'memcpy' is a pointer to non-trivially copyable type 'graph::MarkBasePosFormat1::class_info_t' [-Wnontrivial-memcall]
  179 |   memcpy (obj, std::addressof (Null (Type)), sizeof (*obj));
      |           ^
/workspaces/.riftengine/WebkitWasm/third_party/build-deps/harfbuzz/src/hb-null.hh:186:38: note: in instantiation of function template specialization 'Crap<graph::MarkBasePosFormat1::class_info_t>' requested here
  186 |   static Type & get_crap () { return Crap<Type> (); }
      |                                      ^
/workspaces/.riftengine/WebkitWasm/third_party/build-deps/harfbuzz/src/hb-vector.hh:159:14: note: in instantiation of member function 'CrapHelper<graph::MarkBasePosFormat1::class_info_t>::get_crap' requested here
  159 |       return Crap (Type);
      |              ^
/workspaces/.riftengine/WebkitWasm/third_party/build-deps/harfbuzz/src/hb-null.hh:188:38: note: expanded from macro 'Crap'
  188 | #define Crap(Type) CrapHelper<Type>::get_crap ()
      |                                      ^
/workspaces/.riftengine/WebkitWasm/third_party/build-deps/harfbuzz/src/graph/markbasepos-graph.hh:242:41: note: in instantiation of member function 'hb_vector_t<graph::MarkBasePosFormat1::class_info_t>::operator[]' requested here
  242 |       class_info_t& info = class_to_info[klass];
      |                                         ^
/workspaces/.riftengine/WebkitWasm/third_party/build-deps/harfbuzz/src/hb-null.hh:179:11: note: explicitly cast the pointer to silence this warning
  179 |   memcpy (obj, std::addressof (Null (Type)), sizeof (*obj));
      |           ^
      |           (void*)
/workspaces/.riftengine/WebkitWasm/third_party/build-deps/harfbuzz/src/hb-null.hh:179:11: warning: first argument in call to 'memcpy' is a pointer to non-trivially copyable type 'hb_pair_t<unsigned int, hb_vector_t<unsigned int>>' [-Wnontrivial-memcall]
  179 |   memcpy (obj, std::addressof (Null (Type)), sizeof (*obj));
      |           ^
/workspaces/.riftengine/WebkitWasm/third_party/build-deps/harfbuzz/src/hb-null.hh:186:38: note: in instantiation of function template specialization 'Crap<hb_pair_t<unsigned int, hb_vector_t<unsigned int>>>' requested here
  186 |   static Type & get_crap () { return Crap<Type> (); }
      |                                      ^
/workspaces/.riftengine/WebkitWasm/third_party/build-deps/harfbuzz/src/hb-vector.hh:210:30: note: in instantiation of member function 'CrapHelper<hb_pair_t<unsigned int, hb_vector_t<unsigned int>>>::get_crap' requested here
  210 |       return std::addressof (Crap (Type));
      |                              ^
/workspaces/.riftengine/WebkitWasm/third_party/build-deps/harfbuzz/src/hb-null.hh:188:38: note: expanded from macro 'Crap'
  188 | #define Crap(Type) CrapHelper<Type>::get_crap ()
      |                                      ^
/workspaces/.riftengine/WebkitWasm/third_party/build-deps/harfbuzz/src/graph/gsubgpos-graph.hh:164:77: note: in instantiation of member function 'hb_vector_t<hb_pair_t<unsigned int, hb_vector_t<unsigned int>>>::push' requested here
  164 |       hb_pair_t<unsigned, hb_vector_t<unsigned>>* entry = all_new_subtables.push ();
      |                                                                             ^
/workspaces/.riftengine/WebkitWasm/third_party/build-deps/harfbuzz/src/hb-null.hh:179:11: note: explicitly cast the pointer to silence this warning
  179 |   memcpy (obj, std::addressof (Null (Type)), sizeof (*obj));
      |           ^
      |           (void*)
25 warnings generated.
[19/20] Linking C static library libharfbuzz-subset.a
[19/20] Install the project...
-- Install configuration: "Release"
-- Installing: /workspaces/.riftengine/WebkitWasm/third_party/wasm-sysroot/include/harfbuzz/hb-aat-layout.h
-- Installing: /workspaces/.riftengine/WebkitWasm/third_party/wasm-sysroot/include/harfbuzz/hb-aat.h
-- Installing: /workspaces/.riftengine/WebkitWasm/third_party/wasm-sysroot/include/harfbuzz/hb-blob.h
-- Installing: /workspaces/.riftengine/WebkitWasm/third_party/wasm-sysroot/include/harfbuzz/hb-buffer.h
-- Installing: /workspaces/.riftengine/WebkitWasm/third_party/wasm-sysroot/include/harfbuzz/hb-common.h
-- Installing: /workspaces/.riftengine/WebkitWasm/third_party/wasm-sysroot/include/harfbuzz/hb-cplusplus.hh
-- Installing: /workspaces/.riftengine/WebkitWasm/third_party/wasm-sysroot/include/harfbuzz/hb-deprecated.h
-- Installing: /workspaces/.riftengine/WebkitWasm/third_party/wasm-sysroot/include/harfbuzz/hb-draw.h
-- Installing: /workspaces/.riftengine/WebkitWasm/third_party/wasm-sysroot/include/harfbuzz/hb-face.h
-- Installing: /workspaces/.riftengine/WebkitWasm/third_party/wasm-sysroot/include/harfbuzz/hb-font.h
-- Installing: /workspaces/.riftengine/WebkitWasm/third_party/wasm-sysroot/include/harfbuzz/hb-map.h
-- Installing: /workspaces/.riftengine/WebkitWasm/third_party/wasm-sysroot/include/harfbuzz/hb-ot-color.h
-- Installing: /workspaces/.riftengine/WebkitWasm/third_party/wasm-sysroot/include/harfbuzz/hb-ot-deprecated.h
-- Installing: /workspaces/.riftengine/WebkitWasm/third_party/wasm-sysroot/include/harfbuzz/hb-ot-font.h
-- Installing: /workspaces/.riftengine/WebkitWasm/third_party/wasm-sysroot/include/harfbuzz/hb-ot-layout.h
-- Installing: /workspaces/.riftengine/WebkitWasm/third_party/wasm-sysroot/include/harfbuzz/hb-ot-math.h
-- Installing: /workspaces/.riftengine/WebkitWasm/third_party/wasm-sysroot/include/harfbuzz/hb-ot-meta.h
-- Installing: /workspaces/.riftengine/WebkitWasm/third_party/wasm-sysroot/include/harfbuzz/hb-ot-metrics.h
-- Installing: /workspaces/.riftengine/WebkitWasm/third_party/wasm-sysroot/include/harfbuzz/hb-ot-name.h
-- Installing: /workspaces/.riftengine/WebkitWasm/third_party/wasm-sysroot/include/harfbuzz/hb-ot-shape.h
-- Installing: /workspaces/.riftengine/WebkitWasm/third_party/wasm-sysroot/include/harfbuzz/hb-ot-var.h
-- Installing: /workspaces/.riftengine/WebkitWasm/third_party/wasm-sysroot/include/harfbuzz/hb-ot.h
-- Installing: /workspaces/.riftengine/WebkitWasm/third_party/wasm-sysroot/include/harfbuzz/hb-paint.h
-- Installing: /workspaces/.riftengine/WebkitWasm/third_party/wasm-sysroot/include/harfbuzz/hb-set.h
-- Installing: /workspaces/.riftengine/WebkitWasm/third_party/wasm-sysroot/include/harfbuzz/hb-shape-plan.h
-- Installing: /workspaces/.riftengine/WebkitWasm/third_party/wasm-sysroot/include/harfbuzz/hb-shape.h
-- Installing: /workspaces/.riftengine/WebkitWasm/third_party/wasm-sysroot/include/harfbuzz/hb-style.h
-- Installing: /workspaces/.riftengine/WebkitWasm/third_party/wasm-sysroot/include/harfbuzz/hb-unicode.h
-- Installing: /workspaces/.riftengine/WebkitWasm/third_party/wasm-sysroot/include/harfbuzz/hb-version.h
-- Installing: /workspaces/.riftengine/WebkitWasm/third_party/wasm-sysroot/include/harfbuzz/hb.h
-- Installing: /workspaces/.riftengine/WebkitWasm/third_party/wasm-sysroot/include/harfbuzz/hb-ft.h
-- Installing: /workspaces/.riftengine/WebkitWasm/third_party/wasm-sysroot/include/harfbuzz/hb-icu.h
-- Installing: /workspaces/.riftengine/WebkitWasm/third_party/wasm-sysroot/include/harfbuzz/hb-subset.h
-- Installing: /workspaces/.riftengine/WebkitWasm/third_party/wasm-sysroot/include/harfbuzz/hb-subset-repacker.h
-- Installing: /workspaces/.riftengine/WebkitWasm/third_party/wasm-sysroot/lib/libharfbuzz.a
-- Installing: /workspaces/.riftengine/WebkitWasm/third_party/wasm-sysroot/lib/pkgconfig/harfbuzz.pc
-- Installing: /workspaces/.riftengine/WebkitWasm/third_party/wasm-sysroot/lib/cmake/harfbuzz/harfbuzzConfig.cmake
-- Installing: /workspaces/.riftengine/WebkitWasm/third_party/wasm-sysroot/lib/cmake/harfbuzz/harfbuzzConfig-release.cmake
-- Installing: /workspaces/.riftengine/WebkitWasm/third_party/wasm-sysroot/lib/libharfbuzz-icu.a
-- Installing: /workspaces/.riftengine/WebkitWasm/third_party/wasm-sysroot/lib/pkgconfig/harfbuzz-icu.pc
-- Installing: /workspaces/.riftengine/WebkitWasm/third_party/wasm-sysroot/lib/libharfbuzz-subset.a
-- Installing: /workspaces/.riftengine/WebkitWasm/third_party/wasm-sysroot/lib/pkgconfig/harfbuzz-subset.pc
-- Installing: /workspaces/.riftengine/WebkitWasm/third_party/wasm-sysroot/include/harfbuzz/hb-features.h

===== third_party/build-deps/harfbuzz-build-configure.log =====
emcmake: cmake -S harfbuzz -B harfbuzz-build -GNinja -DCMAKE_BUILD_TYPE=Release -DCMAKE_INSTALL_PREFIX=/workspaces/.riftengine/WebkitWasm/third_party/wasm-sysroot -DCMAKE_FIND_ROOT_PATH=/workspaces/.riftengine/WebkitWasm/third_party/wasm-sysroot -DBUILD_SHARED_LIBS=OFF -DHB_HAVE_FREETYPE=ON -DHB_HAVE_ICU=ON -DHB_BUILD_UTILS=OFF -DFREETYPE_DIR=/workspaces/.riftengine/WebkitWasm/third_party/wasm-sysroot -DICU_ROOT=/workspaces/.riftengine/WebkitWasm/third_party/wasm-sysroot -DCMAKE_TOOLCHAIN_FILE=/workspaces/.riftengine/WebkitWasm/third_party/emsdk/upstream/emscripten/cmake/Modules/Platform/Emscripten.cmake -DCMAKE_CROSSCOMPILING_EMULATOR=/workspaces/.riftengine/WebkitWasm/third_party/emsdk/node/24.19.0_64bit/bin/node in directory /workspaces/.riftengine/WebkitWasm/third_party/build-deps
WARNHarfBuzz has a Meson port and tries to migrate all the other build systems to it, please consider using it as we might remove our cmake port soon.
-- Found Python3: /usr/bin/python3 (found version "3.12.3") found components: Interpreter 
-- Looking for atexit
-- Looking for atexit - found
-- Looking for mprotect
-- Looking for mprotect - found
-- Looking for sysconf
-- Looking for sysconf - found
-- Looking for getpagesize
-- Looking for getpagesize - found
-- Looking for mmap
-- Looking for mmap - found
-- Looking for isatty
-- Looking for isatty - found
-- Looking for unistd.h
-- Looking for unistd.h - found
-- Looking for sys/mman.h
-- Looking for sys/mman.h - found
-- Looking for stdbool.h
-- Looking for stdbool.h - found
-- Performing Test CMAKE_HAVE_LIBC_PTHREAD
-- Performing Test CMAKE_HAVE_LIBC_PTHREAD - Success
-- Found Threads: TRUE  
-- Found Freetype: /workspaces/.riftengine/WebkitWasm/third_party/wasm-sysroot/lib/libfreetype.a (found version "2.13.3") 
-- Looking for FT_Get_Var_Blend_Coordinates
-- Looking for FT_Get_Var_Blend_Coordinates - found
-- Looking for FT_Set_Var_Blend_Coordinates
-- Looking for FT_Set_Var_Blend_Coordinates - found
-- Looking for FT_Done_MM_Var
-- Looking for FT_Done_MM_Var - found
-- Found the following ICU libraries:
--   uc (required): /workspaces/.riftengine/WebkitWasm/third_party/wasm-sysroot/lib/libicuuc.a
-- Found ICU: /workspaces/.riftengine/WebkitWasm/third_party/wasm-sysroot/include (found version "77.1") 
-- Performing Test CXX_SUPPORTS_FLAG_BSYMB_FUNCS
-- Performing Test CXX_SUPPORTS_FLAG_BSYMB_FUNCS - Success
-- Performing Test COMPILER_SUPPORTS_CXX11
-- Performing Test COMPILER_SUPPORTS_CXX11 - Success
-- Configuring done (19.2s)
-- Generating done (0.0s)
CMake Warning:
  Manually-specified variables were not used by the project:

    FREETYPE_DIR


-- Build files have been written to: /workspaces/.riftengine/WebkitWasm/third_party/build-deps/harfbuzz-build

===== third_party/build-deps/icu-host/config.log =====
config.status:884: creating tools/genccode/genccode.8

## ---------------------- ##
## Running config.status. ##
## ---------------------- ##

This file was extended by ICU config.status 77.1, which was
generated by GNU Autoconf 2.72.  Invocation command line was

  CONFIG_FILES    = tools/gencmn/gencmn.8
  CONFIG_HEADERS  = 
  CONFIG_LINKS    = 
  CONFIG_COMMANDS = 
  $ ./config.status 

on codespaces-d8d5bd

config.status:884: creating tools/gencmn/gencmn.8

## ---------------------- ##
## Running config.status. ##
## ---------------------- ##

This file was extended by ICU config.status 77.1, which was
generated by GNU Autoconf 2.72.  Invocation command line was

  CONFIG_FILES    = tools/icupkg/icupkg.8
  CONFIG_HEADERS  = 
  CONFIG_LINKS    = 
  CONFIG_COMMANDS = 
  $ ./config.status 

on codespaces-d8d5bd

config.status:884: creating tools/icupkg/icupkg.8

## ---------------------- ##
## Running config.status. ##
## ---------------------- ##

This file was extended by ICU config.status 77.1, which was
generated by GNU Autoconf 2.72.  Invocation command line was

  CONFIG_FILES    = tools/pkgdata/pkgdata.1
  CONFIG_HEADERS  = 
  CONFIG_LINKS    = 
  CONFIG_COMMANDS = 
  $ ./config.status 

on codespaces-d8d5bd

config.status:884: creating tools/pkgdata/pkgdata.1

## ---------------------- ##
## Running config.status. ##
## ---------------------- ##

This file was extended by ICU config.status 77.1, which was
generated by GNU Autoconf 2.72.  Invocation command line was

  CONFIG_FILES    = tools/gencfu/gencfu.1
  CONFIG_HEADERS  = 
  CONFIG_LINKS    = 
  CONFIG_COMMANDS = 
  $ ./config.status 

on codespaces-d8d5bd

config.status:884: creating tools/gencfu/gencfu.1

## ---------------------- ##
## Running config.status. ##
## ---------------------- ##

This file was extended by ICU config.status 77.1, which was
generated by GNU Autoconf 2.72.  Invocation command line was

  CONFIG_FILES    = tools/gendict/gendict.1
  CONFIG_HEADERS  = 
  CONFIG_LINKS    = 
  CONFIG_COMMANDS = 
  $ ./config.status 

on codespaces-d8d5bd

config.status:884: creating tools/gendict/gendict.1

## ---------------------- ##
## Running config.status. ##
## ---------------------- ##

This file was extended by ICU config.status 77.1, which was
generated by GNU Autoconf 2.72.  Invocation command line was

  CONFIG_FILES    = tools/icuexportdata/icuexportdata.1
  CONFIG_HEADERS  = 
  CONFIG_LINKS    = 
  CONFIG_COMMANDS = 
  $ ./config.status 

on codespaces-d8d5bd

config.status:884: creating tools/icuexportdata/icuexportdata.1

## ---------------------- ##
## Running config.status. ##
## ---------------------- ##

This file was extended by ICU config.status 77.1, which was
generated by GNU Autoconf 2.72.  Invocation command line was

  CONFIG_FILES    = extra/uconv/uconv.1
  CONFIG_HEADERS  = 
  CONFIG_LINKS    = 
  CONFIG_COMMANDS = 
  $ ./config.status 

on codespaces-d8d5bd

config.status:884: creating extra/uconv/uconv.1

===== third_party/build-deps/icu-host/configure-host.log =====
checking for a sed that does not truncate output... /usr/bin/sed
checking for ar... ar
checking whether to enable renaming of symbols... yes
checking whether to enable function and data tracing... no
checking for elf.h... yes
checking whether to enable dynamic loading of plugins. Ignored if plugins disabled.... yes
checking for dlfcn.h... yes
checking for library containing dlopen... none required
checking for dlopen... yes
checking for gettimeofday... yes
checking if we have a C++ compiler... Good
checking if we have a C++17 compiler... yes
configure: Adding CXXFLAGS option -std=c++17
checking for pthread_attr_init in -lpthread... yes
checking for mmap... yes
checking for genccode assembly... -a gcc
checking for dirent.h... yes
checking whether byte ordering is bigendian... no
checking for nl_langinfo... yes
checking for nl_langinfo's argument to obtain the codeset... CODESET
checking for properly overriding new and delete... yes
checking for placement new and delete... yes
checking for popen... yes
checking for tzset... yes
checking for tzname... yes
checking for timezone... yes
checking for strtod_l... yes
checking for xlocale.h... no
checking for wchar.h... yes
checking for library containing wcscpy... none required
checking size of wchar_t... 4
checking for UTF-16 string literal support... available
checking for a library suffix to use... none
CPPFLAGS= $(THREADSCPPFLAGS)  -DU_HAVE_ELF_H=1 -DU_HAVE_STRTOD_L=1 -DU_HAVE_XLOCALE_H=0 
CFLAGS=-O3  -std=c11 -Wall -pedantic -Wshadow -Wpointer-arith -Wmissing-prototypes -Wwrite-strings $(THREADSCFLAGS) 
CXXFLAGS=-O3  -W -Wall -pedantic -Wpointer-arith -Wwrite-strings -Wno-long-long -std=c++17 $(THREADSCXXFLAGS) 
configure: creating ./config.status
config.status: creating icudefs.mk
config.status: creating Makefile
config.status: creating data/pkgdataMakefile
config.status: creating config/Makefile.inc
config.status: creating config/icu.pc
config.status: creating config/pkgdataMakefile
config.status: creating data/Makefile
config.status: creating stubdata/Makefile
config.status: creating common/Makefile
config.status: creating i18n/Makefile
config.status: creating layoutex/Makefile
config.status: creating io/Makefile
config.status: creating extra/Makefile
config.status: creating extra/uconv/Makefile
config.status: creating extra/uconv/pkgdataMakefile
config.status: creating extra/scrptrun/Makefile
config.status: creating tools/Makefile
config.status: creating tools/ctestfw/Makefile
config.status: creating tools/toolutil/Makefile
config.status: creating tools/makeconv/Makefile
config.status: creating tools/genrb/Makefile
config.status: creating tools/genccode/Makefile
config.status: creating tools/gencmn/Makefile
config.status: creating tools/gencnval/Makefile
config.status: creating tools/gendict/Makefile
config.status: creating tools/gentest/Makefile
config.status: creating tools/gennorm2/Makefile
config.status: creating tools/genbrk/Makefile
config.status: creating tools/gensprep/Makefile
config.status: creating tools/icuinfo/Makefile
config.status: creating tools/icupkg/Makefile
config.status: creating tools/icuswap/Makefile
config.status: creating tools/pkgdata/Makefile
config.status: creating tools/icuexportdata/Makefile
config.status: creating tools/tzcode/Makefile
config.status: creating tools/gencfu/Makefile
config.status: creating tools/escapesrc/Makefile
config.status: creating test/Makefile
config.status: creating test/compat/Makefile
config.status: creating test/testdata/Makefile
config.status: creating test/testdata/pkgdataMakefile
config.status: creating test/hdrtst/Makefile
config.status: creating test/intltest/Makefile
config.status: creating test/cintltst/Makefile
config.status: creating test/iotest/Makefile
config.status: creating test/letest/Makefile
config.status: creating test/perf/Makefile
config.status: creating test/perf/collationperf/Makefile
config.status: creating test/perf/collperf/Makefile
config.status: creating test/perf/collperf2/Makefile
config.status: creating test/perf/dicttrieperf/Makefile
config.status: creating test/perf/ubrkperf/Makefile
config.status: creating test/perf/charperf/Makefile
config.status: creating test/perf/convperf/Makefile
config.status: creating test/perf/localecanperf/Makefile
config.status: creating test/perf/normperf/Makefile
config.status: creating test/perf/DateFmtPerf/Makefile
config.status: creating test/perf/howExpensiveIs/Makefile
config.status: creating test/perf/strsrchperf/Makefile
config.status: creating test/perf/unisetperf/Makefile
config.status: creating test/perf/usetperf/Makefile
config.status: creating test/perf/ustrperf/Makefile
config.status: creating test/perf/utfperf/Makefile
config.status: creating test/perf/utrie2perf/Makefile
config.status: creating test/fuzzer/Makefile
config.status: creating samples/Makefile
Not rebuilding data/rules.mk, assuming prebuilt data in data/in
Spawning Python to generate test/testdata/rules.mk...

ICU for C/C++ 77.1 is ready to be built.
=== Important Notes: ===
Data Packaging: library
 This means: ICU data will be linked with ICU. A shared data library will be built. 
 To locate data: ICU will use the linked data library. If linked with the stub library located in stubdata/, the application can use udata_setCommonData() or set a data path to override.
Building ICU: Use a GNU make such as /usr/bin/gmake to build ICU.
checking the version of "/usr/bin/gmake"... 4.3 (we wanted at least 3.80)
ok
C   apps may want to build with CFLAGS   =  -std=c11
C++ apps may want to build with CXXFLAGS =  -std=c++17

If the result of the above commands looks okay to you, go to the directory
source in the ICU distribution to build ICU. Please remember that ICU needs
GNU make to build properly...

===== third_party/build-deps/icu-host/make-host.log =====
   cc	 ...  ../../../icu/source/tools/pkgdata/pkgtypes.c
config.status: creating tools/pkgdata/pkgdata.1
c++ -O3  -W -Wall -pedantic -Wpointer-arith -Wwrite-strings -Wno-long-long -std=c++17     -o ../../bin/pkgdata pkgdata.o pkgtypes.o -L../../lib -licutu -L../../lib -licui18n -L../../lib -licuuc -L../../stubdata -licudata -lpthread -lm  
make[2]: Leaving directory '/workspaces/.riftengine/WebkitWasm/third_party/build-deps/icu-host/tools/pkgdata'
make[1]: Making `all' in `gentest'
make[2]: Entering directory '/workspaces/.riftengine/WebkitWasm/third_party/build-deps/icu-host/tools/gentest'
   (deps)	 ../../../icu/source/tools/gentest/gentest.c
   (deps)	 ../../../icu/source/tools/gentest/genres32.c
   cc	 ...  ../../../icu/source/tools/gentest/genres32.c
   cc	 ...  ../../../icu/source/tools/gentest/gentest.c
c++ -O3  -W -Wall -pedantic -Wpointer-arith -Wwrite-strings -Wno-long-long -std=c++17     -o gentest genres32.o gentest.o -L../../tools/ctestfw -licutest -L../../lib -licutu -L../../lib -licui18n -L../../lib -licuuc -L../../stubdata -licudata -lpthread -lm   
make[2]: Leaving directory '/workspaces/.riftengine/WebkitWasm/third_party/build-deps/icu-host/tools/gentest'
make[1]: Making `all' in `gennorm2'
make[2]: Entering directory '/workspaces/.riftengine/WebkitWasm/third_party/build-deps/icu-host/tools/gennorm2'
   (deps)	 ../../../icu/source/tools/gennorm2/norms.cpp
   (deps)	 ../../../icu/source/tools/gennorm2/n2builder.cpp
   (deps)	 ../../../icu/source/tools/gennorm2/gennorm2.cpp
   (deps)	 ../../../icu/source/tools/gennorm2/extradata.cpp
   c++	 ...  ../../../icu/source/tools/gennorm2/extradata.cpp
   c++	 ...  ../../../icu/source/tools/gennorm2/gennorm2.cpp
   c++	 ...  ../../../icu/source/tools/gennorm2/n2builder.cpp
   c++	 ...  ../../../icu/source/tools/gennorm2/norms.cpp
c++ -O3  -W -Wall -pedantic -Wpointer-arith -Wwrite-strings -Wno-long-long -std=c++17     -o ../../bin/gennorm2 extradata.o gennorm2.o n2builder.o norms.o -L../../lib -licutu -L../../lib -licui18n -L../../lib -licuuc -L../../stubdata -licudata -lpthread -lm  
make[2]: Leaving directory '/workspaces/.riftengine/WebkitWasm/third_party/build-deps/icu-host/tools/gennorm2'
make[1]: Making `all' in `gencfu'
make[2]: Entering directory '/workspaces/.riftengine/WebkitWasm/third_party/build-deps/icu-host/tools/gencfu'
   (deps)	 ../../../icu/source/tools/gencfu/gencfu.cpp
cd ../.. \
 && CONFIG_FILES=tools/gencfu/gencfu.1 CONFIG_HEADERS= /bin/bash ./config.status
   c++	 ...  ../../../icu/source/tools/gencfu/gencfu.cpp
config.status: creating tools/gencfu/gencfu.1
c++ -O3  -W -Wall -pedantic -Wpointer-arith -Wwrite-strings -Wno-long-long -std=c++17     -o ../../bin/gencfu gencfu.o -L../../lib -licutu -L../../lib -licui18n -L../../lib -licuuc -L../../stubdata -licudata -lpthread -lm  
make[2]: Leaving directory '/workspaces/.riftengine/WebkitWasm/third_party/build-deps/icu-host/tools/gencfu'
make[1]: Making `all' in `gendict'
make[2]: Entering directory '/workspaces/.riftengine/WebkitWasm/third_party/build-deps/icu-host/tools/gendict'
   (deps)	 ../../../icu/source/tools/gendict/gendict.cpp
   c++	 ...  ../../../icu/source/tools/gendict/gendict.cpp
cd ../.. \
 && CONFIG_FILES=tools/gendict/gendict.1 CONFIG_HEADERS= /bin/bash ./config.status
config.status: creating tools/gendict/gendict.1
c++ -O3  -W -Wall -pedantic -Wpointer-arith -Wwrite-strings -Wno-long-long -std=c++17     -o ../../bin/gendict gendict.o -L../../lib -licutu -L../../lib -licui18n -L../../lib -licuuc -L../../stubdata -licudata -lpthread -lm  
make[2]: Leaving directory '/workspaces/.riftengine/WebkitWasm/third_party/build-deps/icu-host/tools/gendict'
make[1]: Making `all' in `icuexportdata'
make[2]: Entering directory '/workspaces/.riftengine/WebkitWasm/third_party/build-deps/icu-host/tools/icuexportdata'
   (deps)	 ../../../icu/source/tools/icuexportdata/icuexportdata.cpp
cd ../.. \
 && CONFIG_FILES=tools/icuexportdata/icuexportdata.1 CONFIG_HEADERS= /bin/bash ./config.status
   c++	 ...  ../../../icu/source/tools/icuexportdata/icuexportdata.cpp
config.status: creating tools/icuexportdata/icuexportdata.1
c++ -O3  -W -Wall -pedantic -Wpointer-arith -Wwrite-strings -Wno-long-long -std=c++17     -o ../../bin/icuexportdata icuexportdata.o -L../../lib -licutu -L../../lib -licui18n -L../../lib -licuuc -L../../stubdata -licudata -lpthread -lm  
make[2]: Leaving directory '/workspaces/.riftengine/WebkitWasm/third_party/build-deps/icu-host/tools/icuexportdata'
make[1]: Making `all' in `escapesrc'
make[2]: Entering directory '/workspaces/.riftengine/WebkitWasm/third_party/build-deps/icu-host/tools/escapesrc'
   (deps)	 ../../../icu/source/tools/escapesrc/escapesrc.cpp
   c++	 ...  ../../../icu/source/tools/escapesrc/escapesrc.cpp
c++ -O3  -W -Wall -pedantic -Wpointer-arith -Wwrite-strings -Wno-long-long -std=c++17     -o ../../bin/escapesrc escapesrc.o -lpthread -lm  
make[2]: Leaving directory '/workspaces/.riftengine/WebkitWasm/third_party/build-deps/icu-host/tools/escapesrc'
make[2]: Entering directory '/workspaces/.riftengine/WebkitWasm/third_party/build-deps/icu-host/tools'
make[2]: Nothing to be done for 'all-local'.
make[2]: Leaving directory '/workspaces/.riftengine/WebkitWasm/third_party/build-deps/icu-host/tools'
make[1]: Leaving directory '/workspaces/.riftengine/WebkitWasm/third_party/build-deps/icu-host/tools'
make[0]: Making `all' in `data'
make[1]: Entering directory '/workspaces/.riftengine/WebkitWasm/third_party/build-deps/icu-host/data'
make -f pkgdataMakefile
/bin/bash ../../icu/source/mkinstalldirs ./out/tmp ./out/build/icudt77l
make[2]: Entering directory '/workspaces/.riftengine/WebkitWasm/third_party/build-deps/icu-host/data'
rm -rf icupkg.inc
mkdir ./out
mkdir ./out/tmp
mkdir ./out/build
mkdir ./out/build/icudt77l
Unpacking ../../icu/source/data/in/icudt77l.dat and generating out/tmp/icudata.lst (list of data files)
LD_LIBRARY_PATH=../lib:../stubdata:../tools/ctestfw:$LD_LIBRARY_PATH  ../bin/icupkg -d ./out/build/icudt77l --list -x \* ../../icu/source/data/in/icudt77l.dat -o out/tmp/icudata.lst
make[2]: Leaving directory '/workspaces/.riftengine/WebkitWasm/third_party/build-deps/icu-host/data'
echo timestamp > build-local
LD_LIBRARY_PATH=../stubdata:../tools/ctestfw:../lib:$LD_LIBRARY_PATH  ../bin/pkgdata -O ../data/icupkg.inc -q -c -s /workspaces/.riftengine/WebkitWasm/third_party/build-deps/icu-host/data/out/build/icudt77l -d ../lib -e icudt77  -T ./out/tmp -p icudt77l -m dll -r 77.1 -L icudata ./out/tmp/icudata.lst
pkgdata: cc -D_REENTRANT  -DU_HAVE_ELF_H=1 -DU_HAVE_STRTOD_L=1 -DU_HAVE_XLOCALE_H=0  -DU_ALL_IMPLEMENTATION -DU_ATTRIBUTE_DEPRECATED= -O3  -std=c11 -Wall -pedantic -Wshadow -Wpointer-arith -Wmissing-prototypes -Wwrite-strings   -c -I../../icu/source/common -I../common -DPIC -fPIC -o ./out/tmp/icudt77l_dat.o ./out/tmp/icudt77l_dat.S
pkgdata: cc -O3  -std=c11 -Wall -pedantic -Wshadow -Wpointer-arith -Wmissing-prototypes -Wwrite-strings    -shared -Wl,-Bsymbolic -nodefaultlibs -nostdlib -o ../lib/libicudata.so.77.1 ./out/tmp/icudt77l_dat.o -Wl,-soname -Wl,libicudata.so.77  -Wl,-Bsymbolic
pkgdata: cd ../lib/ && rm -f libicudata.so.77 && ln -s libicudata.so.77.1 libicudata.so.77
pkgdata: cd ../lib/ && rm -f libicudata.so && ln -s libicudata.so.77.1 libicudata.so
echo timestamp > packagedata
make[1]: Leaving directory '/workspaces/.riftengine/WebkitWasm/third_party/build-deps/icu-host/data'
make[0]: Making `all' in `extra'
make[1]: Entering directory '/workspaces/.riftengine/WebkitWasm/third_party/build-deps/icu-host/extra'
make[1]: Making `all' in `scrptrun'
make[2]: Entering directory '/workspaces/.riftengine/WebkitWasm/third_party/build-deps/icu-host/extra/scrptrun'
   (deps)	 ../../../icu/source/extra/scrptrun/srtest.cpp
   (deps)	 ../../../icu/source/extra/scrptrun/scrptrun.cpp
   c++	 ...  ../../../icu/source/extra/scrptrun/scrptrun.cpp
   c++	 ...  ../../../icu/source/extra/scrptrun/srtest.cpp
c++ -O3  -W -Wall -pedantic -Wpointer-arith -Wwrite-strings -Wno-long-long -std=c++17     -o srtest scrptrun.o srtest.o -L../../lib -licuuc -L../../stubdata -licudata 
make[2]: Leaving directory '/workspaces/.riftengine/WebkitWasm/third_party/build-deps/icu-host/extra/scrptrun'
make[1]: Making `all' in `uconv'
make[2]: Entering directory '/workspaces/.riftengine/WebkitWasm/third_party/build-deps/icu-host/extra/uconv'
make -f pkgdataMakefile
   c++	 ...  ../../../icu/source/extra/uconv/uconv.cpp
   cc	 ...  ../../../icu/source/extra/uconv/uwmsg.c
mkdir uconvmsg
LD_LIBRARY_PATH=../../lib:../../stubdata:../../tools/ctestfw:$LD_LIBRARY_PATH  ../../bin/genrb -e UTF-8 -s ../../../icu/source/extra/uconv/resources -d uconvmsg root.txt
make[3]: Entering directory '/workspaces/.riftengine/WebkitWasm/third_party/build-deps/icu-host/extra/uconv'
rm -rf pkgdata.inc
LD_LIBRARY_PATH=../../lib:../../stubdata:../../tools/ctestfw:$LD_LIBRARY_PATH  ../../bin/genrb -e UTF-8 -s ../../../icu/source/extra/uconv/resources -d uconvmsg fr.txt
make[3]: Leaving directory '/workspaces/.riftengine/WebkitWasm/third_party/build-deps/icu-host/extra/uconv'
LD_LIBRARY_PATH=../../lib:../../stubdata:../../tools/ctestfw:$LD_LIBRARY_PATH   ../../bin/pkgdata -p uconvmsg -O pkgdata.inc -m static -s uconvmsg -d uconvmsg -T uconvmsg uconvmsg/uconvmsg.lst
cd ../.. \
 && CONFIG_FILES=extra/uconv/uconv.1 CONFIG_HEADERS= /bin/bash ./config.status
config.status: creating extra/uconv/uconv.1
ar: creating uconvmsg/libuconvmsg.a
pkgdata: cc -D_REENTRANT  -DU_HAVE_ELF_H=1 -DU_HAVE_STRTOD_L=1 -DU_HAVE_XLOCALE_H=0  -DU_ALL_IMPLEMENTATION -DU_ATTRIBUTE_DEPRECATED= -O3  -std=c11 -Wall -pedantic -Wshadow -Wpointer-arith -Wmissing-prototypes -Wwrite-strings   -c -I../../../icu/source/common -I../../common -DPIC -fPIC -o uconvmsg/uconvmsg_dat.o uconvmsg/uconvmsg_dat.S
pkgdata: ar r uconvmsg/libuconvmsg.a uconvmsg/uconvmsg_dat.o
pkgdata: ranlib uconvmsg/libuconvmsg.a
c++ -O3  -W -Wall -pedantic -Wpointer-arith -Wwrite-strings -Wno-long-long -std=c++17     -o ../../bin/uconv uconv.o uwmsg.o -L../../lib -licui18n -L../../lib -licuuc -L../../stubdata -licudata -lpthread -lm   uconvmsg/libuconvmsg.a
make[2]: Leaving directory '/workspaces/.riftengine/WebkitWasm/third_party/build-deps/icu-host/extra/uconv'
make[2]: Entering directory '/workspaces/.riftengine/WebkitWasm/third_party/build-deps/icu-host/extra'
make[2]: Nothing to be done for 'all-local'.
make[2]: Leaving directory '/workspaces/.riftengine/WebkitWasm/third_party/build-deps/icu-host/extra'
make[1]: Leaving directory '/workspaces/.riftengine/WebkitWasm/third_party/build-deps/icu-host/extra'
make[1]: Entering directory '/workspaces/.riftengine/WebkitWasm/third_party/build-deps/icu-host'
Note: rebuild with "make VERBOSE=1 all-local" to show all compiler parameters.
make[1]: Leaving directory '/workspaces/.riftengine/WebkitWasm/third_party/build-deps/icu-host'

===== third_party/build-deps/icu-wasm/config.log =====
U_HAVE_TZSET='1'
U_HAVE_WCHAR_H='1'
U_HAVE_WCSCPY='1'
U_IS_BIG_ENDIAN='0'
U_MAKE='/usr/bin/gmake'
U_NL_LANGINFO_CODESET='CODESET'
U_OVERRIDE_CXX_ALLOCATION='1'
U_TIMEZONE='timezone'
U_TZNAME='tzname'
U_TZSET='tzset'
VERSION='77.1'
ac_ct_CC=''
ac_ct_CXX=''
bindir='${exec_prefix}/bin'
build='x86_64-pc-linux-gnu'
build_alias=''
build_cpu='x86_64'
build_os='linux-gnu'
build_vendor='pc'
cross_buildroot='/workspaces/.riftengine/WebkitWasm/third_party/build-deps/icu-host'
cross_compiling='yes'
datadir='${datarootdir}'
datarootdir='${prefix}/share'
docdir='${datarootdir}/doc/${PACKAGE_TARNAME}'
dvidir='${docdir}'
exec_prefix='${prefix}'
host='wasm32-unknown-emscripten'
host_alias='wasm32-unknown-emscripten'
host_cpu='wasm32'
host_os='emscripten'
host_vendor='unknown'
htmldir='${docdir}'
includedir='${prefix}/include'
infodir='${datarootdir}/info'
libdir='${exec_prefix}/lib'
libexecdir='${exec_prefix}/libexec'
localedir='${datarootdir}/locale'
localstatedir='${prefix}/var'
mandir='${datarootdir}/man'
oldincludedir='/usr/include'
pdfdir='${docdir}'
pkgicudatadir='${datarootdir}'
platform='U_UNKNOWN_PLATFORM'
platform_make_fragment='$(top_srcdir)/config/mh-unknown'
platform_make_fragment_name='mh-unknown'
prefix='/workspaces/.riftengine/WebkitWasm/third_party/wasm-sysroot'
program_transform_name='s,x,x,'
psdir='${docdir}'
runstatedir='${localstatedir}/run'
sbindir='${exec_prefix}/sbin'
sharedstatedir='${prefix}/com'
sysconfdir='${prefix}/etc'
target_alias=''
thepkgicudatadir='${prefix}/share'

## ----------- ##
## confdefs.h. ##
## ----------- ##

/* confdefs.h */
#define PACKAGE_NAME "ICU"
#define PACKAGE_TARNAME "icu4c"
#define PACKAGE_VERSION "77.1"
#define PACKAGE_STRING "ICU 77.1"
#define PACKAGE_BUGREPORT "https://icu.unicode.org/bugs"
#define PACKAGE_URL "https://icu.unicode.org/"
#define HAVE_STDIO_H 1
#define HAVE_STDLIB_H 1
#define HAVE_STRING_H 1
#define HAVE_INTTYPES_H 1
#define HAVE_STDINT_H 1
#define HAVE_STRINGS_H 1
#define HAVE_SYS_STAT_H 1
#define HAVE_SYS_TYPES_H 1
#define HAVE_UNISTD_H 1
#define STDC_HEADERS 1
#define SIZEOF_VOID_P 4
#define HAVE_LIBM 1
#define HAVE_ELF_H 1
#define HAVE_GETTIMEOFDAY 1
#define HAVE_LIBPTHREAD 1
#define HAVE_DIRENT_H 1
#define HAVE_WCHAR_H 1
#define SIZEOF_WCHAR_T 4

configure: exit 0

## ---------------------- ##
## Running config.status. ##
## ---------------------- ##

This file was extended by ICU config.status 77.1, which was
generated by GNU Autoconf 2.72.  Invocation command line was

  CONFIG_FILES    = common/Makefile
  CONFIG_HEADERS  = 
  CONFIG_LINKS    = 
  CONFIG_COMMANDS = 
  $ ./config.status 

on codespaces-d8d5bd

config.status:885: creating common/Makefile

## ---------------------- ##
## Running config.status. ##
## ---------------------- ##

This file was extended by ICU config.status 77.1, which was
generated by GNU Autoconf 2.72.  Invocation command line was

  CONFIG_FILES    = ./config/icu-config.1
  CONFIG_HEADERS  = 
  CONFIG_LINKS    = 
  CONFIG_COMMANDS = 
  $ ./config.status 

on codespaces-d8d5bd

config.status:885: creating ./config/icu-config.1

===== third_party/build-deps/icu-wasm/configure-wasm.log =====
checking whether to build static libraries... yes
checking whether we can use static library optimization option... yes
checking whether to enable auto cleanup of libraries... no
checking whether to enable draft APIs... yes
checking for wasm32-unknown-emscripten-ranlib... /workspaces/.riftengine/WebkitWasm/third_party/emsdk/upstream/emscripten/emranlib
checking for a sed that does not truncate output... /usr/bin/sed
checking for wasm32-unknown-emscripten-ar... /workspaces/.riftengine/WebkitWasm/third_party/emsdk/upstream/emscripten/emar
checking whether to enable renaming of symbols... yes
checking whether to enable function and data tracing... no
checking for elf.h... yes
checking whether to enable dynamic loading of plugins. Ignored if plugins disabled.... no
checking for gettimeofday... yes
checking if we have a C++ compiler... Good
checking if we have a C++17 compiler... yes
configure: Adding CXXFLAGS option -std=c++17
checking for pthread_attr_init in -lpthread... yes
checking for mmap... yes
checking for genccode assembly... 
checking for dirent.h... yes
checking whether byte ordering is bigendian... no
checking for nl_langinfo... yes
checking for nl_langinfo's argument to obtain the codeset... CODESET
checking for properly overriding new and delete... yes
checking for placement new and delete... yes
checking for popen... yes
checking for tzset... yes
checking for tzname... yes
checking for timezone... yes
checking for strtod_l... yes
checking for xlocale.h... yes
checking for wchar.h... yes
checking for library containing wcscpy... none required
checking size of wchar_t... 4
checking for UTF-16 string literal support... available
checking for a library suffix to use... none
CPPFLAGS= $(THREADSCPPFLAGS)  -DU_HAVE_ELF_H=1 -DU_ENABLE_DYLOAD=0 -DU_HAVE_STRTOD_L=1 -DU_HAVE_XLOCALE_H=1 
CFLAGS=-O2 -pthread -std=c11 -Wall -pedantic -Wshadow -Wpointer-arith -Wmissing-prototypes -Wwrite-strings $(THREADSCFLAGS) 
CXXFLAGS=-O2 -pthread -W -Wall -pedantic -Wpointer-arith -Wwrite-strings -Wno-long-long -std=c++17 $(THREADSCXXFLAGS) 
configure: creating ./config.status
config.status: creating icudefs.mk
config.status: creating Makefile
config.status: creating data/pkgdataMakefile
config.status: creating config/Makefile.inc
config.status: creating config/icu.pc
config.status: creating config/pkgdataMakefile
config.status: creating data/Makefile
config.status: creating stubdata/Makefile
config.status: creating common/Makefile
config.status: creating i18n/Makefile
config.status: creating layoutex/Makefile
config.status: creating io/Makefile
config.status: creating extra/Makefile
config.status: creating extra/uconv/Makefile
config.status: creating extra/uconv/pkgdataMakefile
config.status: creating extra/scrptrun/Makefile
config.status: creating tools/Makefile
config.status: creating tools/ctestfw/Makefile
config.status: creating tools/toolutil/Makefile
config.status: creating tools/makeconv/Makefile
config.status: creating tools/genrb/Makefile
config.status: creating tools/genccode/Makefile
config.status: creating tools/gencmn/Makefile
config.status: creating tools/gencnval/Makefile
config.status: creating tools/gendict/Makefile
config.status: creating tools/gentest/Makefile
config.status: creating tools/gennorm2/Makefile
config.status: creating tools/genbrk/Makefile
config.status: creating tools/gensprep/Makefile
config.status: creating tools/icuinfo/Makefile
config.status: creating tools/icupkg/Makefile
config.status: creating tools/icuswap/Makefile
config.status: creating tools/pkgdata/Makefile
config.status: creating tools/icuexportdata/Makefile
config.status: creating tools/tzcode/Makefile
config.status: creating tools/gencfu/Makefile
config.status: creating tools/escapesrc/Makefile
config.status: creating test/Makefile
config.status: creating test/compat/Makefile
config.status: creating test/testdata/Makefile
config.status: creating test/testdata/pkgdataMakefile
config.status: creating test/hdrtst/Makefile
config.status: creating test/intltest/Makefile
config.status: creating test/cintltst/Makefile
config.status: creating test/iotest/Makefile
config.status: creating test/letest/Makefile
config.status: creating test/perf/Makefile
config.status: creating test/perf/collationperf/Makefile
config.status: creating test/perf/collperf/Makefile
config.status: creating test/perf/collperf2/Makefile
config.status: creating test/perf/dicttrieperf/Makefile
config.status: creating test/perf/ubrkperf/Makefile
config.status: creating test/perf/charperf/Makefile
config.status: creating test/perf/convperf/Makefile
config.status: creating test/perf/localecanperf/Makefile
config.status: creating test/perf/normperf/Makefile
config.status: creating test/perf/DateFmtPerf/Makefile
config.status: creating test/perf/howExpensiveIs/Makefile
config.status: creating test/perf/strsrchperf/Makefile
config.status: creating test/perf/unisetperf/Makefile
config.status: creating test/perf/usetperf/Makefile
config.status: creating test/perf/ustrperf/Makefile
config.status: creating test/perf/utfperf/Makefile
config.status: creating test/perf/utrie2perf/Makefile
config.status: creating test/fuzzer/Makefile
config.status: creating samples/Makefile
Not rebuilding data/rules.mk, assuming prebuilt data in data/in
Spawning Python to generate test/testdata/rules.mk...

ICU for C/C++ 77.1 is ready to be built.
=== Important Notes: ===
Data Packaging: archive
 This means: ICU data will be stored in a single .dat file.
 To locate data: ICU will look in /workspaces/.riftengine/WebkitWasm/third_party/wasm-sysroot/share/icu/77.1 which is the installation location. Call u_setDataDirectory() or use the ICU_DATA environment variable to override.
Building ICU: Use a GNU make such as /usr/bin/gmake to build ICU.
checking the version of "/usr/bin/gmake"... 4.3 (we wanted at least 3.80)
ok
C   apps may want to build with CFLAGS   =  -std=c11
C++ apps may want to build with CXXFLAGS =  -std=c++17
## Note: you have disabled ICU's tools. This ICU cannot build its own data or tests.
## Expect build failures in the 'data', 'test', and other directories.

===== third_party/build-deps/icu-wasm/install-wasm.log =====
/usr/bin/install -c -m 644 ../../icu/source/i18n/unicode/displayoptions.h /workspaces/.riftengine/WebkitWasm/third_party/wasm-sysroot/include/unicode
/usr/bin/install -c -m 644 ../../icu/source/i18n/unicode/dtfmtsym.h /workspaces/.riftengine/WebkitWasm/third_party/wasm-sysroot/include/unicode
/usr/bin/install -c -m 644 ../../icu/source/i18n/unicode/dtitvfmt.h /workspaces/.riftengine/WebkitWasm/third_party/wasm-sysroot/include/unicode
/usr/bin/install -c -m 644 ../../icu/source/i18n/unicode/dtitvinf.h /workspaces/.riftengine/WebkitWasm/third_party/wasm-sysroot/include/unicode
/usr/bin/install -c -m 644 ../../icu/source/i18n/unicode/dtptngen.h /workspaces/.riftengine/WebkitWasm/third_party/wasm-sysroot/include/unicode
/usr/bin/install -c -m 644 ../../icu/source/i18n/unicode/dtrule.h /workspaces/.riftengine/WebkitWasm/third_party/wasm-sysroot/include/unicode
/usr/bin/install -c -m 644 ../../icu/source/i18n/unicode/fieldpos.h /workspaces/.riftengine/WebkitWasm/third_party/wasm-sysroot/include/unicode
/usr/bin/install -c -m 644 ../../icu/source/i18n/unicode/fmtable.h /workspaces/.riftengine/WebkitWasm/third_party/wasm-sysroot/include/unicode
/usr/bin/install -c -m 644 ../../icu/source/i18n/unicode/format.h /workspaces/.riftengine/WebkitWasm/third_party/wasm-sysroot/include/unicode
/usr/bin/install -c -m 644 ../../icu/source/i18n/unicode/formattednumber.h /workspaces/.riftengine/WebkitWasm/third_party/wasm-sysroot/include/unicode
/usr/bin/install -c -m 644 ../../icu/source/i18n/unicode/formattedvalue.h /workspaces/.riftengine/WebkitWasm/third_party/wasm-sysroot/include/unicode
/usr/bin/install -c -m 644 ../../icu/source/i18n/unicode/fpositer.h /workspaces/.riftengine/WebkitWasm/third_party/wasm-sysroot/include/unicode
/usr/bin/install -c -m 644 ../../icu/source/i18n/unicode/gender.h /workspaces/.riftengine/WebkitWasm/third_party/wasm-sysroot/include/unicode
/usr/bin/install -c -m 644 ../../icu/source/i18n/unicode/gregocal.h /workspaces/.riftengine/WebkitWasm/third_party/wasm-sysroot/include/unicode
/usr/bin/install -c -m 644 ../../icu/source/i18n/unicode/listformatter.h /workspaces/.riftengine/WebkitWasm/third_party/wasm-sysroot/include/unicode
/usr/bin/install -c -m 644 ../../icu/source/i18n/unicode/measfmt.h /workspaces/.riftengine/WebkitWasm/third_party/wasm-sysroot/include/unicode
/usr/bin/install -c -m 644 ../../icu/source/i18n/unicode/measunit.h /workspaces/.riftengine/WebkitWasm/third_party/wasm-sysroot/include/unicode
/usr/bin/install -c -m 644 ../../icu/source/i18n/unicode/measure.h /workspaces/.riftengine/WebkitWasm/third_party/wasm-sysroot/include/unicode
/usr/bin/install -c -m 644 ../../icu/source/i18n/unicode/messageformat2_arguments.h /workspaces/.riftengine/WebkitWasm/third_party/wasm-sysroot/include/unicode
/usr/bin/install -c -m 644 ../../icu/source/i18n/unicode/messageformat2_data_model.h /workspaces/.riftengine/WebkitWasm/third_party/wasm-sysroot/include/unicode
/usr/bin/install -c -m 644 ../../icu/source/i18n/unicode/messageformat2_data_model_names.h /workspaces/.riftengine/WebkitWasm/third_party/wasm-sysroot/include/unicode
/usr/bin/install -c -m 644 ../../icu/source/i18n/unicode/messageformat2_formattable.h /workspaces/.riftengine/WebkitWasm/third_party/wasm-sysroot/include/unicode
/usr/bin/install -c -m 644 ../../icu/source/i18n/unicode/messageformat2_function_registry.h /workspaces/.riftengine/WebkitWasm/third_party/wasm-sysroot/include/unicode
/usr/bin/install -c -m 644 ../../icu/source/i18n/unicode/messageformat2.h /workspaces/.riftengine/WebkitWasm/third_party/wasm-sysroot/include/unicode
/usr/bin/install -c -m 644 ../../icu/source/i18n/unicode/msgfmt.h /workspaces/.riftengine/WebkitWasm/third_party/wasm-sysroot/include/unicode
/usr/bin/install -c -m 644 ../../icu/source/i18n/unicode/nounit.h /workspaces/.riftengine/WebkitWasm/third_party/wasm-sysroot/include/unicode
/usr/bin/install -c -m 644 ../../icu/source/i18n/unicode/numberformatter.h /workspaces/.riftengine/WebkitWasm/third_party/wasm-sysroot/include/unicode
/usr/bin/install -c -m 644 ../../icu/source/i18n/unicode/numberrangeformatter.h /workspaces/.riftengine/WebkitWasm/third_party/wasm-sysroot/include/unicode
/usr/bin/install -c -m 644 ../../icu/source/i18n/unicode/numfmt.h /workspaces/.riftengine/WebkitWasm/third_party/wasm-sysroot/include/unicode
/usr/bin/install -c -m 644 ../../icu/source/i18n/unicode/numsys.h /workspaces/.riftengine/WebkitWasm/third_party/wasm-sysroot/include/unicode
/usr/bin/install -c -m 644 ../../icu/source/i18n/unicode/plurfmt.h /workspaces/.riftengine/WebkitWasm/third_party/wasm-sysroot/include/unicode
/usr/bin/install -c -m 644 ../../icu/source/i18n/unicode/plurrule.h /workspaces/.riftengine/WebkitWasm/third_party/wasm-sysroot/include/unicode
/usr/bin/install -c -m 644 ../../icu/source/i18n/unicode/rbnf.h /workspaces/.riftengine/WebkitWasm/third_party/wasm-sysroot/include/unicode
/usr/bin/install -c -m 644 ../../icu/source/i18n/unicode/rbtz.h /workspaces/.riftengine/WebkitWasm/third_party/wasm-sysroot/include/unicode
/usr/bin/install -c -m 644 ../../icu/source/i18n/unicode/regex.h /workspaces/.riftengine/WebkitWasm/third_party/wasm-sysroot/include/unicode
/usr/bin/install -c -m 644 ../../icu/source/i18n/unicode/region.h /workspaces/.riftengine/WebkitWasm/third_party/wasm-sysroot/include/unicode
/usr/bin/install -c -m 644 ../../icu/source/i18n/unicode/reldatefmt.h /workspaces/.riftengine/WebkitWasm/third_party/wasm-sysroot/include/unicode
/usr/bin/install -c -m 644 ../../icu/source/i18n/unicode/scientificnumberformatter.h /workspaces/.riftengine/WebkitWasm/third_party/wasm-sysroot/include/unicode
/usr/bin/install -c -m 644 ../../icu/source/i18n/unicode/search.h /workspaces/.riftengine/WebkitWasm/third_party/wasm-sysroot/include/unicode
/usr/bin/install -c -m 644 ../../icu/source/i18n/unicode/selfmt.h /workspaces/.riftengine/WebkitWasm/third_party/wasm-sysroot/include/unicode
/usr/bin/install -c -m 644 ../../icu/source/i18n/unicode/simplenumberformatter.h /workspaces/.riftengine/WebkitWasm/third_party/wasm-sysroot/include/unicode
/usr/bin/install -c -m 644 ../../icu/source/i18n/unicode/simpletz.h /workspaces/.riftengine/WebkitWasm/third_party/wasm-sysroot/include/unicode
/usr/bin/install -c -m 644 ../../icu/source/i18n/unicode/smpdtfmt.h /workspaces/.riftengine/WebkitWasm/third_party/wasm-sysroot/include/unicode
/usr/bin/install -c -m 644 ../../icu/source/i18n/unicode/sortkey.h /workspaces/.riftengine/WebkitWasm/third_party/wasm-sysroot/include/unicode
/usr/bin/install -c -m 644 ../../icu/source/i18n/unicode/stsearch.h /workspaces/.riftengine/WebkitWasm/third_party/wasm-sysroot/include/unicode
/usr/bin/install -c -m 644 ../../icu/source/i18n/unicode/tblcoll.h /workspaces/.riftengine/WebkitWasm/third_party/wasm-sysroot/include/unicode
/usr/bin/install -c -m 644 ../../icu/source/i18n/unicode/timezone.h /workspaces/.riftengine/WebkitWasm/third_party/wasm-sysroot/include/unicode
/usr/bin/install -c -m 644 ../../icu/source/i18n/unicode/tmunit.h /workspaces/.riftengine/WebkitWasm/third_party/wasm-sysroot/include/unicode
/usr/bin/install -c -m 644 ../../icu/source/i18n/unicode/tmutamt.h /workspaces/.riftengine/WebkitWasm/third_party/wasm-sysroot/include/unicode
/usr/bin/install -c -m 644 ../../icu/source/i18n/unicode/tmutfmt.h /workspaces/.riftengine/WebkitWasm/third_party/wasm-sysroot/include/unicode
/usr/bin/install -c -m 644 ../../icu/source/i18n/unicode/translit.h /workspaces/.riftengine/WebkitWasm/third_party/wasm-sysroot/include/unicode
/usr/bin/install -c -m 644 ../../icu/source/i18n/unicode/tzfmt.h /workspaces/.riftengine/WebkitWasm/third_party/wasm-sysroot/include/unicode
/usr/bin/install -c -m 644 ../../icu/source/i18n/unicode/tznames.h /workspaces/.riftengine/WebkitWasm/third_party/wasm-sysroot/include/unicode
/usr/bin/install -c -m 644 ../../icu/source/i18n/unicode/tzrule.h /workspaces/.riftengine/WebkitWasm/third_party/wasm-sysroot/include/unicode
/usr/bin/install -c -m 644 ../../icu/source/i18n/unicode/tztrans.h /workspaces/.riftengine/WebkitWasm/third_party/wasm-sysroot/include/unicode
/usr/bin/install -c -m 644 ../../icu/source/i18n/unicode/ucal.h /workspaces/.riftengine/WebkitWasm/third_party/wasm-sysroot/include/unicode
/usr/bin/install -c -m 644 ../../icu/source/i18n/unicode/ucoleitr.h /workspaces/.riftengine/WebkitWasm/third_party/wasm-sysroot/include/unicode
/usr/bin/install -c -m 644 ../../icu/source/i18n/unicode/ucol.h /workspaces/.riftengine/WebkitWasm/third_party/wasm-sysroot/include/unicode
/usr/bin/install -c -m 644 ../../icu/source/i18n/unicode/ucsdet.h /workspaces/.riftengine/WebkitWasm/third_party/wasm-sysroot/include/unicode
/usr/bin/install -c -m 644 ../../icu/source/i18n/unicode/udateintervalformat.h /workspaces/.riftengine/WebkitWasm/third_party/wasm-sysroot/include/unicode
/usr/bin/install -c -m 644 ../../icu/source/i18n/unicode/udat.h /workspaces/.riftengine/WebkitWasm/third_party/wasm-sysroot/include/unicode
/usr/bin/install -c -m 644 ../../icu/source/i18n/unicode/udatpg.h /workspaces/.riftengine/WebkitWasm/third_party/wasm-sysroot/include/unicode
/usr/bin/install -c -m 644 ../../icu/source/i18n/unicode/udisplayoptions.h /workspaces/.riftengine/WebkitWasm/third_party/wasm-sysroot/include/unicode
/usr/bin/install -c -m 644 ../../icu/source/i18n/unicode/ufieldpositer.h /workspaces/.riftengine/WebkitWasm/third_party/wasm-sysroot/include/unicode
/usr/bin/install -c -m 644 ../../icu/source/i18n/unicode/uformattable.h /workspaces/.riftengine/WebkitWasm/third_party/wasm-sysroot/include/unicode
/usr/bin/install -c -m 644 ../../icu/source/i18n/unicode/uformattednumber.h /workspaces/.riftengine/WebkitWasm/third_party/wasm-sysroot/include/unicode
/usr/bin/install -c -m 644 ../../icu/source/i18n/unicode/uformattedvalue.h /workspaces/.riftengine/WebkitWasm/third_party/wasm-sysroot/include/unicode
/usr/bin/install -c -m 644 ../../icu/source/i18n/unicode/ugender.h /workspaces/.riftengine/WebkitWasm/third_party/wasm-sysroot/include/unicode
/usr/bin/install -c -m 644 ../../icu/source/i18n/unicode/ulistformatter.h /workspaces/.riftengine/WebkitWasm/third_party/wasm-sysroot/include/unicode
/usr/bin/install -c -m 644 ../../icu/source/i18n/unicode/ulocdata.h /workspaces/.riftengine/WebkitWasm/third_party/wasm-sysroot/include/unicode
/usr/bin/install -c -m 644 ../../icu/source/i18n/unicode/umsg.h /workspaces/.riftengine/WebkitWasm/third_party/wasm-sysroot/include/unicode
/usr/bin/install -c -m 644 ../../icu/source/i18n/unicode/unirepl.h /workspaces/.riftengine/WebkitWasm/third_party/wasm-sysroot/include/unicode
/usr/bin/install -c -m 644 ../../icu/source/i18n/unicode/unumberformatter.h /workspaces/.riftengine/WebkitWasm/third_party/wasm-sysroot/include/unicode
/usr/bin/install -c -m 644 ../../icu/source/i18n/unicode/unumberoptions.h /workspaces/.riftengine/WebkitWasm/third_party/wasm-sysroot/include/unicode
/usr/bin/install -c -m 644 ../../icu/source/i18n/unicode/unumberrangeformatter.h /workspaces/.riftengine/WebkitWasm/third_party/wasm-sysroot/include/unicode
/usr/bin/install -c -m 644 ../../icu/source/i18n/unicode/unum.h /workspaces/.riftengine/WebkitWasm/third_party/wasm-sysroot/include/unicode
/usr/bin/install -c -m 644 ../../icu/source/i18n/unicode/unumsys.h /workspaces/.riftengine/WebkitWasm/third_party/wasm-sysroot/include/unicode
/usr/bin/install -c -m 644 ../../icu/source/i18n/unicode/upluralrules.h /workspaces/.riftengine/WebkitWasm/third_party/wasm-sysroot/include/unicode
/usr/bin/install -c -m 644 ../../icu/source/i18n/unicode/uregex.h /workspaces/.riftengine/WebkitWasm/third_party/wasm-sysroot/include/unicode
/usr/bin/install -c -m 644 ../../icu/source/i18n/unicode/uregion.h /workspaces/.riftengine/WebkitWasm/third_party/wasm-sysroot/include/unicode
/usr/bin/install -c -m 644 ../../icu/source/i18n/unicode/ureldatefmt.h /workspaces/.riftengine/WebkitWasm/third_party/wasm-sysroot/include/unicode
/usr/bin/install -c -m 644 ../../icu/source/i18n/unicode/usearch.h /workspaces/.riftengine/WebkitWasm/third_party/wasm-sysroot/include/unicode
/usr/bin/install -c -m 644 ../../icu/source/i18n/unicode/usimplenumberformatter.h /workspaces/.riftengine/WebkitWasm/third_party/wasm-sysroot/include/unicode
/usr/bin/install -c -m 644 ../../icu/source/i18n/unicode/uspoof.h /workspaces/.riftengine/WebkitWasm/third_party/wasm-sysroot/include/unicode
/usr/bin/install -c -m 644 ../../icu/source/i18n/unicode/utmscale.h /workspaces/.riftengine/WebkitWasm/third_party/wasm-sysroot/include/unicode
/usr/bin/install -c -m 644 ../../icu/source/i18n/unicode/utrans.h /workspaces/.riftengine/WebkitWasm/third_party/wasm-sysroot/include/unicode
/usr/bin/install -c -m 644 ../../icu/source/i18n/unicode/vtzone.h /workspaces/.riftengine/WebkitWasm/third_party/wasm-sysroot/include/unicode
/bin/bash ../../icu/source/mkinstalldirs /workspaces/.riftengine/WebkitWasm/third_party/wasm-sysroot/lib
/usr/bin/install -c ../lib/libicui18n.a /workspaces/.riftengine/WebkitWasm/third_party/wasm-sysroot/lib
make[1]: Leaving directory '/workspaces/.riftengine/WebkitWasm/third_party/build-deps/icu-wasm/i18n'
make[0]: Making `install' in `io'
make[1]: Entering directory '/workspaces/.riftengine/WebkitWasm/third_party/build-deps/icu-wasm/io'
/bin/bash ../../icu/source/mkinstalldirs /workspaces/.riftengine/WebkitWasm/third_party/wasm-sysroot/include/unicode
/usr/bin/install -c -m 644 ../../icu/source/io/unicode/ustdio.h /workspaces/.riftengine/WebkitWasm/third_party/wasm-sysroot/include/unicode
/usr/bin/install -c -m 644 ../../icu/source/io/unicode/ustream.h /workspaces/.riftengine/WebkitWasm/third_party/wasm-sysroot/include/unicode
/bin/bash ../../icu/source/mkinstalldirs /workspaces/.riftengine/WebkitWasm/third_party/wasm-sysroot/lib
/usr/bin/install -c ../lib/libicuio.a /workspaces/.riftengine/WebkitWasm/third_party/wasm-sysroot/lib
make[1]: Leaving directory '/workspaces/.riftengine/WebkitWasm/third_party/build-deps/icu-wasm/io'
make[0]: Making `install' in `data'
make[1]: Entering directory '/workspaces/.riftengine/WebkitWasm/third_party/build-deps/icu-wasm/data'
/bin/bash ../../icu/source/mkinstalldirs  /workspaces/.riftengine/WebkitWasm/third_party/wasm-sysroot/share/icu/77.1
LD_LIBRARY_PATH=/workspaces/.riftengine/WebkitWasm/third_party/build-deps/icu-host/stubdata:/workspaces/.riftengine/WebkitWasm/third_party/build-deps/icu-host/tools/ctestfw:/workspaces/.riftengine/WebkitWasm/third_party/build-deps/icu-host/lib:$LD_LIBRARY_PATH  /workspaces/.riftengine/WebkitWasm/third_party/build-deps/icu-host/bin/pkgdata -O ../data/icupkg.inc -q -c -s /workspaces/.riftengine/WebkitWasm/third_party/build-deps/icu-wasm/data/out/build/icudt77l -d ./out -m common -r 77.1 -e icudt77  -T ./out/tmp -s ./out/build/icudt77l -p icudt77l  ./out/tmp/icudata.lst -I /workspaces/.riftengine/WebkitWasm/third_party/wasm-sysroot/share/icu/77.1
pkgdata: /usr/bin/install -c ./out/icudt77l.dat /workspaces/.riftengine/WebkitWasm/third_party/wasm-sysroot/share/icu/77.1
make[1]: Leaving directory '/workspaces/.riftengine/WebkitWasm/third_party/build-deps/icu-wasm/data'
make[1]: Entering directory '/workspaces/.riftengine/WebkitWasm/third_party/build-deps/icu-wasm'
/usr/bin/install -c -m 644 ../icu/source/config/mh-unknown /workspaces/.riftengine/WebkitWasm/third_party/wasm-sysroot/share/icu/77.1/config/mh-unknown
/usr/bin/install -c ../icu/source/mkinstalldirs /workspaces/.riftengine/WebkitWasm/third_party/wasm-sysroot/share/icu/77.1/mkinstalldirs
/usr/bin/install -c ../icu/source/install-sh /workspaces/.riftengine/WebkitWasm/third_party/wasm-sysroot/share/icu/77.1/install-sh
/usr/bin/install -c -m 644 ./config/icu-uc.pc ./config/icu-i18n.pc ./config/icu-io.pc /workspaces/.riftengine/WebkitWasm/third_party/wasm-sysroot/lib/pkgconfig/
/usr/bin/install -c -m 644 ../icu/source/../LICENSE /workspaces/.riftengine/WebkitWasm/third_party/wasm-sysroot/share/icu/77.1/LICENSE
/usr/bin/install -c ./config/icu-config /workspaces/.riftengine/WebkitWasm/third_party/wasm-sysroot/bin/icu-config
/usr/bin/install -c -m 644 ./config/Makefile.inc /workspaces/.riftengine/WebkitWasm/third_party/wasm-sysroot/lib/icu/77.1/Makefile.inc
/usr/bin/install -c -m 644 ./config/pkgdata.inc /workspaces/.riftengine/WebkitWasm/third_party/wasm-sysroot/lib/icu/77.1/pkgdata.inc
cd /workspaces/.riftengine/WebkitWasm/third_party/wasm-sysroot/lib/icu/77.1/..; \
    rm -rf current && ln -s 77.1 current; \
    rm -f Makefile.inc && ln -s current/Makefile.inc Makefile.inc; \
    rm -f pkgdata.inc && ln -s current/pkgdata.inc pkgdata.inc
/bin/bash ../icu/source/mkinstalldirs /workspaces/.riftengine/WebkitWasm/third_party/wasm-sysroot/share/man/man1
/usr/bin/install -c -m 644 config/icu-config.1 /workspaces/.riftengine/WebkitWasm/third_party/wasm-sysroot/share/man/man1
make[1]: Leaving directory '/workspaces/.riftengine/WebkitWasm/third_party/build-deps/icu-wasm'

===== third_party/build-deps/icu-wasm/make-wasm.log =====
emmake: "make -j4" in "/workspaces/.riftengine/WebkitWasm/third_party/build-deps/icu-wasm"
rm -rf config/icu-config
rebuilding config/icucross.inc
/usr/bin/install -c ../icu/source/config/icu-config-top config/icu-config
chmod u+w config/icu-config
make[0]: Making `all' in `stubdata'
make[1]: Entering directory '/workspaces/.riftengine/WebkitWasm/third_party/build-deps/icu-wasm/stubdata'
LC_ALL=C /usr/bin/sed -f ../icu/source/config/make2sh.sed < ./config/Makefile.inc | grep -v '#M#' | uniq >> config/icu-config
make[1]: Nothing to be done for 'all'.
make[1]: Leaving directory '/workspaces/.riftengine/WebkitWasm/third_party/build-deps/icu-wasm/stubdata'
make[0]: Making `all' in `common'
make[1]: Entering directory '/workspaces/.riftengine/WebkitWasm/third_party/build-deps/icu-wasm/common'
LC_ALL=C /usr/bin/sed -f ../icu/source/config/make2sh.sed < ../icu/source/config/mh-unknown | grep -v '#M#' | uniq >> config/icu-config
cat ../icu/source/config/icu-config-bottom >> config/icu-config
chmod u-w config/icu-config
Note: rebuild with "make VERBOSE=1 " to show all compiler parameters.
make[1]: Nothing to be done for 'all'.
make[1]: Leaving directory '/workspaces/.riftengine/WebkitWasm/third_party/build-deps/icu-wasm/common'
make[0]: Making `all' in `i18n'
make[1]: Entering directory '/workspaces/.riftengine/WebkitWasm/third_party/build-deps/icu-wasm/i18n'
make[1]: Nothing to be done for 'all'.
make[1]: Leaving directory '/workspaces/.riftengine/WebkitWasm/third_party/build-deps/icu-wasm/i18n'
make[0]: Making `all' in `io'
make[1]: Entering directory '/workspaces/.riftengine/WebkitWasm/third_party/build-deps/icu-wasm/io'
make[1]: Nothing to be done for 'all'.
make[1]: Leaving directory '/workspaces/.riftengine/WebkitWasm/third_party/build-deps/icu-wasm/io'
make[0]: Making `all' in `data'
make[1]: Entering directory '/workspaces/.riftengine/WebkitWasm/third_party/build-deps/icu-wasm/data'
make[1]: Nothing to be done for 'all'.
make[1]: Leaving directory '/workspaces/.riftengine/WebkitWasm/third_party/build-deps/icu-wasm/data'
make[1]: Entering directory '/workspaces/.riftengine/WebkitWasm/third_party/build-deps/icu-wasm'
Note: rebuild with "make VERBOSE=1 all-local" to show all compiler parameters.
make[1]: Leaving directory '/workspaces/.riftengine/WebkitWasm/third_party/build-deps/icu-wasm'

===== third_party/build-deps/libjpeg-turbo-build-build.log =====
[56/145] Building C object CMakeFiles/jpeg-static.dir/jdpostct.c.o
[57/145] Building C object CMakeFiles/jpeg-static.dir/jutils.c.o
[58/145] Building C object CMakeFiles/jpeg-static.dir/jdcolor.c.o
[59/145] Building C object CMakeFiles/jpeg-static.dir/jccoefct.c.o
[60/145] Building C object CMakeFiles/jpeg-static.dir/jcdctmgr.c.o
[61/145] Building C object CMakeFiles/jpeg-static.dir/jfdctfst.c.o
[62/145] Building C object CMakeFiles/jpeg-static.dir/jddctmgr.c.o
[63/145] Building C object CMakeFiles/jpeg-static.dir/jdcoefct.c.o
[64/145] Building C object CMakeFiles/jpeg-static.dir/jfdctint.c.o
[65/145] Building C object CMakeFiles/jpeg-static.dir/jdmerge.c.o
[66/145] Building C object CMakeFiles/jpeg-static.dir/jidctfst.c.o
[67/145] Building C object CMakeFiles/jpeg-static.dir/jidctflt.c.o
[68/145] Building C object CMakeFiles/jpeg-static.dir/jidctred.c.o
[69/145] Building C object CMakeFiles/jpeg-static.dir/jcapimin.c.o
[70/145] Building C object CMakeFiles/jpeg-static.dir/jquant1.c.o
[71/145] Building C object CMakeFiles/jpeg-static.dir/jcicc.c.o
[72/145] Building C object CMakeFiles/jpeg-static.dir/jidctint.c.o
[73/145] Building C object CMakeFiles/jpeg-static.dir/jcinit.c.o
[74/145] Building C object CMakeFiles/jpeg-static.dir/jquant2.c.o
[75/145] Building C object CMakeFiles/jpeg-static.dir/jcomapi.c.o
[76/145] Building C object CMakeFiles/jpeg-static.dir/jclhuff.c.o
[77/145] Building C object CMakeFiles/jpeg-static.dir/jcmarker.c.o
[78/145] Building C object CMakeFiles/jpeg-static.dir/jcmaster.c.o
[79/145] Building C object CMakeFiles/jpeg-static.dir/jcparam.c.o
[80/145] Building C object CMakeFiles/jpeg-static.dir/jdapimin.c.o
[81/145] Building C object CMakeFiles/jpeg-static.dir/jdatasrc.c.o
[82/145] Building C object CMakeFiles/jpeg-static.dir/jctrans.c.o
[83/145] Building C object CMakeFiles/jpeg-static.dir/jdatadst.c.o
[84/145] Building C object CMakeFiles/jpeg-static.dir/jcphuff.c.o
[85/145] Building C object CMakeFiles/jpeg-static.dir/jdinput.c.o
[86/145] Building C object CMakeFiles/jpeg-static.dir/jdicc.c.o
[87/145] Building C object CMakeFiles/jpeg-static.dir/jdlhuff.c.o
[88/145] Building C object CMakeFiles/jpeg-static.dir/jdhuff.c.o
[89/145] Building C object CMakeFiles/jpeg-static.dir/jdtrans.c.o
[90/145] Building C object CMakeFiles/jpeg-static.dir/jdphuff.c.o
[91/145] Building C object CMakeFiles/jpeg-static.dir/jdmarker.c.o
[92/145] Building C object CMakeFiles/jpeg-static.dir/jdmaster.c.o
[93/145] Building C object CMakeFiles/jpeg-static.dir/jerror.c.o
[94/145] Building C object CMakeFiles/jpeg-static.dir/jchuff.c.o
[95/145] Building C object CMakeFiles/jpeg-static.dir/jmemnobs.c.o
[96/145] Building C object CMakeFiles/jpeg-static.dir/jfdctflt.c.o
[97/145] Building C object CMakeFiles/jpeg-static.dir/jaricom.c.o
[98/145] Building C object CMakeFiles/jpeg-static.dir/jpeg_nbits.c.o
[99/145] Building C object CMakeFiles/jpeg-static.dir/jmemmgr.c.o
[100/145] Building C object CMakeFiles/jpeg-static.dir/jcarith.c.o
[101/145] Building C object CMakeFiles/cjpeg12-static.dir/rdgif.c.o
[102/145] Building C object CMakeFiles/cjpeg16-static.dir/rdgif.c.o
[103/145] Building C object CMakeFiles/jpeg-static.dir/jdarith.c.o
[104/145] Building C object CMakeFiles/cjpeg12-static.dir/rdppm.c.o
[105/145] Building C object CMakeFiles/cjpeg16-static.dir/rdppm.c.o
[106/145] Building C object CMakeFiles/cjpeg-static.dir/cjpeg.c.o
[107/145] Building C object CMakeFiles/cjpeg-static.dir/cdjpeg.c.o
[108/145] Linking C static library libjpeg.a
[109/145] Building C object CMakeFiles/cjpeg-static.dir/rdgif.c.o
[110/145] Building C object CMakeFiles/cjpeg-static.dir/rdswitch.c.o
[111/145] Building C object CMakeFiles/cjpeg-static.dir/rdtarga.c.o
[112/145] Building C object CMakeFiles/cjpeg-static.dir/rdbmp.c.o
[113/145] Building C object CMakeFiles/cjpeg-static.dir/rdppm.c.o
[114/145] Building C object CMakeFiles/djpeg12-static.dir/wrppm.c.o
[115/145] Building C object CMakeFiles/djpeg12-static.dir/wrgif.c.o
[116/145] Building C object CMakeFiles/djpeg12-static.dir/rdcolmap.c.o
[117/145] Building C object CMakeFiles/djpeg16-static.dir/wrppm.c.o
[118/145] Building C object CMakeFiles/djpeg-static.dir/rdcolmap.c.o
[119/145] Building C object CMakeFiles/djpeg-static.dir/djpeg.c.o
[120/145] Building C object CMakeFiles/djpeg-static.dir/cdjpeg.c.o
[121/145] Building C object CMakeFiles/djpeg-static.dir/rdswitch.c.o
[122/145] Building C object CMakeFiles/djpeg-static.dir/wrbmp.c.o
[123/145] Building C object CMakeFiles/djpeg-static.dir/wrppm.c.o
[124/145] Building C object CMakeFiles/djpeg-static.dir/wrgif.c.o
[125/145] Building C object CMakeFiles/djpeg-static.dir/wrtarga.c.o
[126/145] Building C object CMakeFiles/jpegtran-static.dir/cdjpeg.c.o
[127/145] Building C object CMakeFiles/jpegtran-static.dir/jpegtran.c.o
[128/145] Building C object CMakeFiles/jpegtran-static.dir/rdswitch.c.o
[129/145] Building C object CMakeFiles/rdjpgcom.dir/rdjpgcom.c.o
[130/145] Building C object CMakeFiles/example-static.dir/example.c.o
[131/145] Building C object CMakeFiles/wrjpgcom.dir/wrjpgcom.c.o
[132/145] Building C object CMakeFiles/jpegtran-static.dir/transupp.c.o
[133/145] Linking C executable rdjpgcom.js
[134/145] Building C object CMakeFiles/strtest.dir/strtest.c.o
[135/145] Linking C executable wrjpgcom.js
[136/145] Building C object md5/CMakeFiles/md5cmp.dir/md5cmp.c.o
[137/145] Building C object md5/CMakeFiles/md5cmp.dir/md5.c.o
[138/145] Building C object md5/CMakeFiles/md5cmp.dir/md5hl.c.o
[139/145] Linking C executable djpeg-static.js
[140/145] Linking C executable cjpeg-static.js
[141/145] Linking C executable example-static.js
[142/145] Linking C executable strtest.js
[143/145] Linking C executable jpegtran-static.js
[144/145] Linking C executable md5/md5cmp.js
[144/145] Install the project...
-- Install configuration: "Release"
-- Installing: /workspaces/.riftengine/WebkitWasm/third_party/wasm-sysroot/lib/libjpeg.a
-- Installing: /workspaces/.riftengine/WebkitWasm/third_party/wasm-sysroot/bin/cjpeg.js
-- Installing: /workspaces/.riftengine/WebkitWasm/third_party/wasm-sysroot/bin/djpeg.js
-- Installing: /workspaces/.riftengine/WebkitWasm/third_party/wasm-sysroot/bin/jpegtran.js
-- Installing: /workspaces/.riftengine/WebkitWasm/third_party/wasm-sysroot/bin/rdjpgcom.js
-- Installing: /workspaces/.riftengine/WebkitWasm/third_party/wasm-sysroot/bin/wrjpgcom.js
-- Installing: /workspaces/.riftengine/WebkitWasm/third_party/wasm-sysroot/share/doc/libjpeg-turbo/README.ijg
-- Installing: /workspaces/.riftengine/WebkitWasm/third_party/wasm-sysroot/share/doc/libjpeg-turbo/README.md
-- Installing: /workspaces/.riftengine/WebkitWasm/third_party/wasm-sysroot/share/doc/libjpeg-turbo/example.c
-- Installing: /workspaces/.riftengine/WebkitWasm/third_party/wasm-sysroot/share/doc/libjpeg-turbo/tjexample.c
-- Installing: /workspaces/.riftengine/WebkitWasm/third_party/wasm-sysroot/share/doc/libjpeg-turbo/libjpeg.txt
-- Installing: /workspaces/.riftengine/WebkitWasm/third_party/wasm-sysroot/share/doc/libjpeg-turbo/structure.txt
-- Installing: /workspaces/.riftengine/WebkitWasm/third_party/wasm-sysroot/share/doc/libjpeg-turbo/usage.txt
-- Installing: /workspaces/.riftengine/WebkitWasm/third_party/wasm-sysroot/share/doc/libjpeg-turbo/wizard.txt
-- Installing: /workspaces/.riftengine/WebkitWasm/third_party/wasm-sysroot/share/doc/libjpeg-turbo/LICENSE.md
-- Installing: /workspaces/.riftengine/WebkitWasm/third_party/wasm-sysroot/share/man/man1/cjpeg.1
-- Installing: /workspaces/.riftengine/WebkitWasm/third_party/wasm-sysroot/share/man/man1/djpeg.1
-- Installing: /workspaces/.riftengine/WebkitWasm/third_party/wasm-sysroot/share/man/man1/jpegtran.1
-- Installing: /workspaces/.riftengine/WebkitWasm/third_party/wasm-sysroot/share/man/man1/rdjpgcom.1
-- Installing: /workspaces/.riftengine/WebkitWasm/third_party/wasm-sysroot/share/man/man1/wrjpgcom.1
-- Installing: /workspaces/.riftengine/WebkitWasm/third_party/wasm-sysroot/lib/pkgconfig/libjpeg.pc
-- Installing: /workspaces/.riftengine/WebkitWasm/third_party/wasm-sysroot/lib/cmake/libjpeg-turbo/libjpeg-turboConfig.cmake
-- Installing: /workspaces/.riftengine/WebkitWasm/third_party/wasm-sysroot/lib/cmake/libjpeg-turbo/libjpeg-turboConfigVersion.cmake
-- Installing: /workspaces/.riftengine/WebkitWasm/third_party/wasm-sysroot/lib/cmake/libjpeg-turbo/libjpeg-turboTargets.cmake
-- Installing: /workspaces/.riftengine/WebkitWasm/third_party/wasm-sysroot/lib/cmake/libjpeg-turbo/libjpeg-turboTargets-release.cmake
-- Installing: /workspaces/.riftengine/WebkitWasm/third_party/wasm-sysroot/include/jconfig.h
-- Installing: /workspaces/.riftengine/WebkitWasm/third_party/wasm-sysroot/include/jerror.h
-- Installing: /workspaces/.riftengine/WebkitWasm/third_party/wasm-sysroot/include/jmorecfg.h
-- Installing: /workspaces/.riftengine/WebkitWasm/third_party/wasm-sysroot/include/jpeglib.h

===== third_party/build-deps/libjpeg-turbo-build/CMakeFiles/CMakeOutput.log =====
Determining size of size_t passed with the following output:
Change Dir: '/workspaces/.riftengine/WebkitWasm/third_party/build-deps/libjpeg-turbo-build/CMakeFiles/CMakeTmp'

Run Build Command(s): /usr/bin/ninja -v cmTC_4317e
[1/2] /workspaces/.riftengine/WebkitWasm/third_party/emsdk/upstream/emscripten/emcc   -O2 -pthread -MD -MT CMakeFiles/cmTC_4317e.dir/SIZE_T.c.o -MF CMakeFiles/cmTC_4317e.dir/SIZE_T.c.o.d -o CMakeFiles/cmTC_4317e.dir/SIZE_T.c.o -c /workspaces/.riftengine/WebkitWasm/third_party/build-deps/libjpeg-turbo-build/CMakeFiles/CheckTypeSize/SIZE_T.c
[2/2] : && /workspaces/.riftengine/WebkitWasm/third_party/emsdk/upstream/emscripten/emcc -O2 -pthread  CMakeFiles/cmTC_4317e.dir/SIZE_T.c.o -o cmTC_4317e.js  --oformat=wasm  -sWASM=1 && :



Determining size of unsigned long passed with the following output:
Change Dir: '/workspaces/.riftengine/WebkitWasm/third_party/build-deps/libjpeg-turbo-build/CMakeFiles/CMakeTmp'

Run Build Command(s): /usr/bin/ninja -v cmTC_f5da6
[1/2] /workspaces/.riftengine/WebkitWasm/third_party/emsdk/upstream/emscripten/emcc   -O2 -pthread -MD -MT CMakeFiles/cmTC_f5da6.dir/UNSIGNED_LONG.c.o -MF CMakeFiles/cmTC_f5da6.dir/UNSIGNED_LONG.c.o.d -o CMakeFiles/cmTC_f5da6.dir/UNSIGNED_LONG.c.o -c /workspaces/.riftengine/WebkitWasm/third_party/build-deps/libjpeg-turbo-build/CMakeFiles/CheckTypeSize/UNSIGNED_LONG.c
[2/2] : && /workspaces/.riftengine/WebkitWasm/third_party/emsdk/upstream/emscripten/emcc -O2 -pthread  CMakeFiles/cmTC_f5da6.dir/UNSIGNED_LONG.c.o -o cmTC_f5da6.js  --oformat=wasm  -sWASM=1 && :




===== third_party/build-deps/libjpeg-turbo-build-configure.log =====
emcmake: cmake -S libjpeg-turbo -B libjpeg-turbo-build -GNinja -DCMAKE_BUILD_TYPE=Release -DCMAKE_INSTALL_PREFIX=/workspaces/.riftengine/WebkitWasm/third_party/wasm-sysroot -DCMAKE_FIND_ROOT_PATH=/workspaces/.riftengine/WebkitWasm/third_party/wasm-sysroot -DBUILD_SHARED_LIBS=OFF -DWITH_SIMD=0 -DENABLE_SHARED=0 -DENABLE_STATIC=1 -DWITH_TURBOJPEG=0 -DCMAKE_TOOLCHAIN_FILE=/workspaces/.riftengine/WebkitWasm/third_party/emsdk/upstream/emscripten/cmake/Modules/Platform/Emscripten.cmake -DCMAKE_CROSSCOMPILING_EMULATOR=/workspaces/.riftengine/WebkitWasm/third_party/emsdk/node/24.19.0_64bit/bin/node in directory /workspaces/.riftengine/WebkitWasm/third_party/build-deps
-- CMAKE_BUILD_TYPE = Release
-- VERSION = 3.0.4, BUILD = 20260829
-- 32-bit build (i386)
-- CMAKE_INSTALL_PREFIX = /workspaces/.riftengine/WebkitWasm/third_party/wasm-sysroot
-- CMAKE_INSTALL_BINDIR = bin (/workspaces/.riftengine/WebkitWasm/third_party/wasm-sysroot/bin)
-- CMAKE_INSTALL_DATAROOTDIR = share (/workspaces/.riftengine/WebkitWasm/third_party/wasm-sysroot/share)
-- CMAKE_INSTALL_DOCDIR = share/doc/libjpeg-turbo (/workspaces/.riftengine/WebkitWasm/third_party/wasm-sysroot/share/doc/libjpeg-turbo)
-- CMAKE_INSTALL_INCLUDEDIR = include (/workspaces/.riftengine/WebkitWasm/third_party/wasm-sysroot/include)
-- CMAKE_INSTALL_LIBDIR = lib (/workspaces/.riftengine/WebkitWasm/third_party/wasm-sysroot/lib)
-- CMAKE_INSTALL_MANDIR = share/man (/workspaces/.riftengine/WebkitWasm/third_party/wasm-sysroot/share/man)
-- Shared libraries disabled (ENABLE_SHARED = 0)
-- Static libraries enabled (ENABLE_STATIC = 1)
-- Arithmetic decoding support enabled (WITH_ARITH_DEC = 1)
-- Arithmetic encoding support enabled (WITH_ARITH_ENC = 1)
-- TurboJPEG API library disabled (WITH_TURBOJPEG = 0)
-- TurboJPEG Java wrapper disabled (WITH_JAVA = 0)
-- Emulating libjpeg API/ABI v6.2 (WITH_JPEG7 = 0, WITH_JPEG8 = 0)
-- libjpeg API shared library version = 62.4.0
-- Compiler flags = -O2 -pthread -O3 -DNDEBUG
-- Linker flags =  
-- Looking for sys/types.h
-- Looking for sys/types.h - found
-- Looking for stdint.h
-- Looking for stdint.h - found
-- Looking for stddef.h
-- Looking for stddef.h - found
-- Check size of size_t
-- Check size of size_t - done
-- Check size of unsigned long
-- Check size of unsigned long - done
-- Performing Test HAVE_BUILTIN_CTZL
-- Performing Test HAVE_BUILTIN_CTZL - Success
-- Performing Test HIDDEN_WORKS
-- Performing Test HIDDEN_WORKS - Success
-- HIDDEN = __attribute__((visibility("hidden")))
-- Performing Test INLINE_WORKS
-- Performing Test INLINE_WORKS - Success
-- INLINE = __inline__ __attribute__((always_inline)) (FORCE_INLINE = 1)
-- Performing Test HAVE_THREAD_LOCAL
-- Performing Test HAVE_THREAD_LOCAL - Success
-- THREAD_LOCAL = __thread
-- Performing Test HAVE_VERSION_SCRIPT
-- Performing Test HAVE_VERSION_SCRIPT - Success
-- Linker supports GNU-style version scripts
-- CMAKE_EXECUTABLE_SUFFIX = .js
-- SIMD extensions: None (WITH_SIMD = 0)
-- FLOATTEST8 = 
-- FLOATTEST12 = 
-- Configuring done (12.1s)
-- Generating done (0.0s)
-- Build files have been written to: /workspaces/.riftengine/WebkitWasm/third_party/build-deps/libjpeg-turbo-build

===== third_party/build-deps/libjpeg-turbo/change.log =====
duplicates of the prior line unless the image height mod 16 was 1 or 2.

Repair minor problems in VMS, BCC, MC6 makefiles.

New configure script based on latest GNU Autoconf.

Correct the list of include files needed by MetroWerks C for ccommand().

Numerous small documentation updates.


Version 6  2-Aug-95
-------------------

Progressive JPEG support: library can read and write full progressive JPEG
files.  A "buffered image" mode supports incremental decoding for on-the-fly
display of progressive images.  Simply recompiling an existing IJG-v5-based
decoder with v6 should allow it to read progressive files, though of course
without any special progressive display.

New "jpegtran" application performs lossless transcoding between different
JPEG formats; primarily, it can be used to convert baseline to progressive
JPEG and vice versa.  In support of jpegtran, the library now allows lossless
reading and writing of JPEG files as DCT coefficient arrays.  This ability
may be of use in other applications.

Notes for programmers:
* We changed jpeg_start_decompress() to be able to suspend; this makes all
decoding modes available to suspending-input applications.  However,
existing applications that use suspending input will need to be changed
to check the return value from jpeg_start_decompress().  You don't need to
do anything if you don't use a suspending data source.
* We changed the interface to the virtual array routines: access_virt_array
routines now take a count of the number of rows to access this time.  The
last parameter to request_virt_array routines is now interpreted as the
maximum number of rows that may be accessed at once, but not necessarily
the height of every access.


Version 5b  15-Mar-95
---------------------

Correct bugs with grayscale images having v_samp_factor > 1.

jpeg_write_raw_data() now supports output suspension.

Correct bugs in "configure" script for case of compiling in
a directory other than the one containing the source files.

Repair bug in jquant1.c: sometimes didn't use as many colors as it could.

Borland C makefile and jconfig file work under either MS-DOS or OS/2.

Miscellaneous improvements to documentation.


Version 5a  7-Dec-94
--------------------

Changed color conversion roundoff behavior so that grayscale values are
represented exactly.  (This causes test image files to change.)

Make ordered dither use 16x16 instead of 4x4 pattern for a small quality
improvement.

New configure script based on latest GNU Autoconf.
Fix configure script to handle CFLAGS correctly.
Rename *.auto files to *.cfg, so that configure script still works if
file names have been truncated for DOS.

Fix bug in rdbmp.c: didn't allow for extra data between header and image.

Modify rdppm.c/wrppm.c to handle 2-byte raw PPM/PGM formats for 12-bit data.

Fix several bugs in rdrle.c.

NEED_SHORT_EXTERNAL_NAMES option was broken.

Revise jerror.h/jerror.c for more flexibility in message table.

Repair oversight in jmemname.c NO_MKTEMP case: file could be there
but unreadable.


Version 5  24-Sep-94
--------------------

Version 5 represents a nearly complete redesign and rewrite of the IJG
software.  Major user-visible changes include:
  * Automatic configuration simplifies installation for most Unix systems.
  * A range of speed vs. image quality tradeoffs are supported.
    This includes resizing of an image during decompression: scaling down
    by a factor of 1/2, 1/4, or 1/8 is handled very efficiently.
  * New programs rdjpgcom and wrjpgcom allow insertion and extraction
    of text comments in a JPEG file.

The application programmer's interface to the library has changed completely.
Notable improvements include:
  * We have eliminated the use of callback routines for handling the
    uncompressed image data.  The application now sees the library as a
    set of routines that it calls to read or write image data on a
    scanline-by-scanline basis.
  * The application image data is represented in a conventional interleaved-
    pixel format, rather than as a separate array for each color channel.
    This can save a copying step in many programs.
  * The handling of compressed data has been cleaned up: the application can
    supply routines to source or sink the compressed data.  It is possible to
    suspend processing on source/sink buffer overrun, although this is not
    supported in all operating modes.
  * All static state has been eliminated from the library, so that multiple
    instances of compression or decompression can be active concurrently.
  * JPEG abbreviated datastream formats are supported, ie, quantization and
    Huffman tables can be stored separately from the image data.
  * And not only that, but the documentation of the library has improved
    considerably!


The last widely used release before the version 5 rewrite was version 4A of
18-Feb-93.  Change logs before that point have been discarded, since they
are not of much interest after the rewrite.

===== third_party/build-deps/libpng-build-build.log =====
ninja: Entering directory `libpng-build'
[1/32] Generating pngprefix.h
[2/32] Generating pnglibconf.c
[3/32] Generating scripts/pnglibconf.c
[4/32] Generating scripts/symbols.out
[5/32] Generating pnglibconf.out
[6/32] Generating scripts/symbols.chk
[7/32] Generating pnglibconf.h
[8/32] Generating scripts/prefix.out
[9/32] Generating scripts/vers.out
[10/32] Generating scripts/sym.out
[11/32] Generating libpng.sym
[12/32] Generating libpng.vers
[13/32] Generating scripts/intprefix.out
[14/32] Building C object CMakeFiles/png_static.dir/pngmem.c.o
[15/32] Building C object CMakeFiles/png_static.dir/pngerror.c.o
[16/32] Building C object CMakeFiles/png_static.dir/pngget.c.o
[17/32] Building C object CMakeFiles/png_static.dir/pngpread.c.o
[18/32] Building C object CMakeFiles/png_static.dir/pngrio.c.o
[19/32] Building C object CMakeFiles/png_static.dir/png.c.o
[20/32] Building C object CMakeFiles/png_static.dir/pngread.c.o
[21/32] Building C object CMakeFiles/png_static.dir/pngwio.c.o
[22/32] Building C object CMakeFiles/png_static.dir/pngtrans.c.o
[23/32] Building C object CMakeFiles/png_static.dir/pngset.c.o
[24/32] Building C object CMakeFiles/png_static.dir/pngrutil.c.o
[25/32] Building C object CMakeFiles/png_static.dir/pngwtran.c.o
[26/32] Building C object CMakeFiles/png_static.dir/pngwrite.c.o
[27/32] Building C object CMakeFiles/png_static.dir/intel/intel_init.c.o
[28/32] Building C object CMakeFiles/png_static.dir/intel/filter_sse2_intrinsics.c.o
[29/32] Building C object CMakeFiles/png_static.dir/pngrtran.c.o
[30/32] Building C object CMakeFiles/png_static.dir/pngwutil.c.o
[31/32] Linking C static library libpng16.a
[31/32] Install the project...
-- Install configuration: "Release"
-- Installing: /workspaces/.riftengine/WebkitWasm/third_party/wasm-sysroot/lib/libpng16.a
-- Installing: /workspaces/.riftengine/WebkitWasm/third_party/wasm-sysroot/lib/libpng.a
-- Installing: /workspaces/.riftengine/WebkitWasm/third_party/wasm-sysroot/include/png.h
-- Installing: /workspaces/.riftengine/WebkitWasm/third_party/wasm-sysroot/include/pngconf.h
-- Installing: /workspaces/.riftengine/WebkitWasm/third_party/wasm-sysroot/include/pnglibconf.h
-- Installing: /workspaces/.riftengine/WebkitWasm/third_party/wasm-sysroot/include/libpng16/png.h
-- Installing: /workspaces/.riftengine/WebkitWasm/third_party/wasm-sysroot/include/libpng16/pngconf.h
-- Installing: /workspaces/.riftengine/WebkitWasm/third_party/wasm-sysroot/include/libpng16/pnglibconf.h
-- Installing: /workspaces/.riftengine/WebkitWasm/third_party/wasm-sysroot/bin/libpng-config
-- Installing: /workspaces/.riftengine/WebkitWasm/third_party/wasm-sysroot/bin/libpng16-config
-- Installing: /workspaces/.riftengine/WebkitWasm/third_party/wasm-sysroot/share/man/man3/libpng.3
-- Installing: /workspaces/.riftengine/WebkitWasm/third_party/wasm-sysroot/share/man/man3/libpngpf.3
-- Installing: /workspaces/.riftengine/WebkitWasm/third_party/wasm-sysroot/share/man/man5/png.5
-- Installing: /workspaces/.riftengine/WebkitWasm/third_party/wasm-sysroot/lib/pkgconfig/libpng.pc
-- Up-to-date: /workspaces/.riftengine/WebkitWasm/third_party/wasm-sysroot/bin/libpng-config
-- Installing: /workspaces/.riftengine/WebkitWasm/third_party/wasm-sysroot/lib/pkgconfig/libpng16.pc
-- Up-to-date: /workspaces/.riftengine/WebkitWasm/third_party/wasm-sysroot/bin/libpng16-config
-- Installing: /workspaces/.riftengine/WebkitWasm/third_party/wasm-sysroot/lib/libpng/libpng16.cmake
-- Installing: /workspaces/.riftengine/WebkitWasm/third_party/wasm-sysroot/lib/libpng/libpng16-release.cmake

===== third_party/build-deps/libpng-build-configure.log =====
emcmake: cmake -S libpng -B libpng-build -GNinja -DCMAKE_BUILD_TYPE=Release -DCMAKE_INSTALL_PREFIX=/workspaces/.riftengine/WebkitWasm/third_party/wasm-sysroot -DCMAKE_FIND_ROOT_PATH=/workspaces/.riftengine/WebkitWasm/third_party/wasm-sysroot -DBUILD_SHARED_LIBS=OFF -DPNG_SHARED=OFF -DPNG_STATIC=ON -DPNG_TESTS=OFF -DPNG_TOOLS=OFF -DZLIB_ROOT=/workspaces/.riftengine/WebkitWasm/third_party/wasm-sysroot -DCMAKE_TOOLCHAIN_FILE=/workspaces/.riftengine/WebkitWasm/third_party/emsdk/upstream/emscripten/cmake/Modules/Platform/Emscripten.cmake -DCMAKE_CROSSCOMPILING_EMULATOR=/workspaces/.riftengine/WebkitWasm/third_party/emsdk/node/24.19.0_64bit/bin/node in directory /workspaces/.riftengine/WebkitWasm/third_party/build-deps
-- The ASM compiler identification is unknown
-- Found assembler: /workspaces/.riftengine/WebkitWasm/third_party/emsdk/upstream/emscripten/emcc
-- Warning: Did not find file Compiler/-ASM
-- Found ZLIB: /workspaces/.riftengine/WebkitWasm/third_party/wasm-sysroot/lib/libz.a (found version "1.3.1")  
-- Performing Test HAVE_LD_VERSION_SCRIPT
-- Performing Test HAVE_LD_VERSION_SCRIPT - Success
-- Found AWK program: /usr/bin/nawk
-- Configuring done (3.7s)
-- Generating done (0.0s)
-- Build files have been written to: /workspaces/.riftengine/WebkitWasm/third_party/build-deps/libpng-build

===== third_party/build-deps/libpsl-build.log =====
    /usr/bin/xgettext --default-domain=libpsl --directory=.. \
      --add-comments=TRANSLATORS: \
      --files-from=./POTFILES.in \
      --copyright-holder='Tim Ruehsen' \
      --package-name="${package_prefix}libpsl" \
      --package-version='0.21.5' \
      --msgid-bugs-address="$msgid_bugs_address" \
      --keyword=_ --keyword=N_  \
    ;; \
esac
test ! -f libpsl.po || { \
  if test -f ./libpsl.pot-header; then \
    sed -e '1,/^#$/d' < libpsl.po > libpsl.1po && \
    cat ./libpsl.pot-header libpsl.1po > libpsl.po && \
    rm -f libpsl.1po \
    || exit 1; \
  fi; \
  if test -f ./libpsl.pot; then \
    sed -f remove-potcdate.sed < ./libpsl.pot > libpsl.1po && \
    sed -f remove-potcdate.sed < libpsl.po > libpsl.2po && \
    if cmp libpsl.1po libpsl.2po >/dev/null 2>&1; then \
      rm -f libpsl.1po libpsl.2po libpsl.po; \
    else \
      rm -f libpsl.1po libpsl.2po ./libpsl.pot && \
      mv libpsl.po ./libpsl.pot; \
    fi; \
  else \
    mv libpsl.po ./libpsl.pot; \
  fi; \
}
make[2]: Leaving directory '/workspaces/.riftengine/WebkitWasm/third_party/build-deps/libpsl/po'
test ! -f ./libpsl.pot || \
  test -z "" || make 
if test "libpsl" = "gettext-tools"; then \
  /usr/bin/mkdir -p /workspaces/.riftengine/WebkitWasm/third_party/wasm-sysroot/share/gettext/po; \
  for file in Makefile.in.in remove-potcdate.sin quot.sed boldquot.sed en@quot.header en@boldquot.header insert-header.sin Rules-quot   Makevars.template; do \
    /usr/bin/install -c -m 644 ./$file \
		    /workspaces/.riftengine/WebkitWasm/third_party/wasm-sysroot/share/gettext/po/$file; \
  done; \
  for file in Makevars; do \
    rm -f /workspaces/.riftengine/WebkitWasm/third_party/wasm-sysroot/share/gettext/po/$file; \
  done; \
else \
  : ; \
fi
make[1]: Leaving directory '/workspaces/.riftengine/WebkitWasm/third_party/build-deps/libpsl/po'
Making install in include
make[1]: Entering directory '/workspaces/.riftengine/WebkitWasm/third_party/build-deps/libpsl/include'
make[2]: Entering directory '/workspaces/.riftengine/WebkitWasm/third_party/build-deps/libpsl/include'
make[2]: Nothing to be done for 'install-exec-am'.
 /usr/bin/mkdir -p '/workspaces/.riftengine/WebkitWasm/third_party/wasm-sysroot/include'
 /usr/bin/install -c -m 644 libpsl.h '/workspaces/.riftengine/WebkitWasm/third_party/wasm-sysroot/include'
make[2]: Leaving directory '/workspaces/.riftengine/WebkitWasm/third_party/build-deps/libpsl/include'
make[1]: Leaving directory '/workspaces/.riftengine/WebkitWasm/third_party/build-deps/libpsl/include'
Making install in src
make[1]: Entering directory '/workspaces/.riftengine/WebkitWasm/third_party/build-deps/libpsl/src'
/usr/bin/python3 ./psl-make-dafsa --output-format=cxx+ "../list/public_suffix_list.dat" suffixes_dafsa.h
make  install-am
make[2]: Entering directory '/workspaces/.riftengine/WebkitWasm/third_party/build-deps/libpsl/src'
  CC       libpsl_la-psl.lo
  CC       libpsl_la-lookup_string_in_fixed_set.lo
  CCLD     libpsl.la
make[3]: Entering directory '/workspaces/.riftengine/WebkitWasm/third_party/build-deps/libpsl/src'
 /usr/bin/mkdir -p '/workspaces/.riftengine/WebkitWasm/third_party/wasm-sysroot/bin'
 /usr/bin/install -c psl-make-dafsa '/workspaces/.riftengine/WebkitWasm/third_party/wasm-sysroot/bin'
 /usr/bin/mkdir -p '/workspaces/.riftengine/WebkitWasm/third_party/wasm-sysroot/lib'
 /usr/bin/mkdir -p '/workspaces/.riftengine/WebkitWasm/third_party/wasm-sysroot/share/man/man1'
 /bin/bash ../libtool   --mode=install /usr/bin/install -c   libpsl.la '/workspaces/.riftengine/WebkitWasm/third_party/wasm-sysroot/lib'
 /usr/bin/install -c -m 644 psl-make-dafsa.1 '/workspaces/.riftengine/WebkitWasm/third_party/wasm-sysroot/share/man/man1'
libtool: install: /usr/bin/install -c .libs/libpsl.lai /workspaces/.riftengine/WebkitWasm/third_party/wasm-sysroot/lib/libpsl.la
libtool: install: /usr/bin/install -c .libs/libpsl.a /workspaces/.riftengine/WebkitWasm/third_party/wasm-sysroot/lib/libpsl.a
libtool: install: chmod 644 /workspaces/.riftengine/WebkitWasm/third_party/wasm-sysroot/lib/libpsl.a
libtool: install: /workspaces/.riftengine/WebkitWasm/third_party/emsdk/upstream/emscripten/emranlib /workspaces/.riftengine/WebkitWasm/third_party/wasm-sysroot/lib/libpsl.a
make[3]: Leaving directory '/workspaces/.riftengine/WebkitWasm/third_party/build-deps/libpsl/src'
make[2]: Leaving directory '/workspaces/.riftengine/WebkitWasm/third_party/build-deps/libpsl/src'
make[1]: Leaving directory '/workspaces/.riftengine/WebkitWasm/third_party/build-deps/libpsl/src'
Making install in tools
make[1]: Entering directory '/workspaces/.riftengine/WebkitWasm/third_party/build-deps/libpsl/tools'
  CC       psl.o
  CCLD     psl
make[2]: Entering directory '/workspaces/.riftengine/WebkitWasm/third_party/build-deps/libpsl/tools'
 /usr/bin/mkdir -p '/workspaces/.riftengine/WebkitWasm/third_party/wasm-sysroot/bin'
 /usr/bin/mkdir -p '/workspaces/.riftengine/WebkitWasm/third_party/wasm-sysroot/share/man/man1'
  /bin/bash ../libtool   --mode=install /usr/bin/install -c psl '/workspaces/.riftengine/WebkitWasm/third_party/wasm-sysroot/bin'
 /usr/bin/install -c -m 644 psl.1 '/workspaces/.riftengine/WebkitWasm/third_party/wasm-sysroot/share/man/man1'
libtool: install: /usr/bin/install -c psl /workspaces/.riftengine/WebkitWasm/third_party/wasm-sysroot/bin/psl
make[2]: Leaving directory '/workspaces/.riftengine/WebkitWasm/third_party/build-deps/libpsl/tools'
make[1]: Leaving directory '/workspaces/.riftengine/WebkitWasm/third_party/build-deps/libpsl/tools'
Making install in fuzz
make[1]: Entering directory '/workspaces/.riftengine/WebkitWasm/third_party/build-deps/libpsl/fuzz'
make[2]: Entering directory '/workspaces/.riftengine/WebkitWasm/third_party/build-deps/libpsl/fuzz'
make[2]: Nothing to be done for 'install-data-am'.
make[2]: Leaving directory '/workspaces/.riftengine/WebkitWasm/third_party/build-deps/libpsl/fuzz'
make[1]: Leaving directory '/workspaces/.riftengine/WebkitWasm/third_party/build-deps/libpsl/fuzz'
Making install in tests
make[1]: Entering directory '/workspaces/.riftengine/WebkitWasm/third_party/build-deps/libpsl/tests'
/usr/bin/python3 ../src/psl-make-dafsa --output-format=binary "../list/public_suffix_list.dat" psl.dafsa
/usr/bin/python3 ../src/psl-make-dafsa --output-format=binary --encoding=ascii "../list/public_suffix_list.dat" psl_ascii.dafsa
make  install-am
make[2]: Entering directory '/workspaces/.riftengine/WebkitWasm/third_party/build-deps/libpsl/tests'
make[3]: Entering directory '/workspaces/.riftengine/WebkitWasm/third_party/build-deps/libpsl/tests'
make[3]: Nothing to be done for 'install-exec-am'.
make[3]: Nothing to be done for 'install-data-am'.
make[3]: Leaving directory '/workspaces/.riftengine/WebkitWasm/third_party/build-deps/libpsl/tests'
make[2]: Leaving directory '/workspaces/.riftengine/WebkitWasm/third_party/build-deps/libpsl/tests'
make[1]: Leaving directory '/workspaces/.riftengine/WebkitWasm/third_party/build-deps/libpsl/tests'
Making install in msvc
make[1]: Entering directory '/workspaces/.riftengine/WebkitWasm/third_party/build-deps/libpsl/msvc'
make[2]: Entering directory '/workspaces/.riftengine/WebkitWasm/third_party/build-deps/libpsl/msvc'
make[2]: Nothing to be done for 'install-exec-am'.
make[2]: Nothing to be done for 'install-data-am'.
make[2]: Leaving directory '/workspaces/.riftengine/WebkitWasm/third_party/build-deps/libpsl/msvc'
make[1]: Leaving directory '/workspaces/.riftengine/WebkitWasm/third_party/build-deps/libpsl/msvc'
make[1]: Entering directory '/workspaces/.riftengine/WebkitWasm/third_party/build-deps/libpsl'
make[2]: Entering directory '/workspaces/.riftengine/WebkitWasm/third_party/build-deps/libpsl'
make[2]: Nothing to be done for 'install-exec-am'.
 /usr/bin/mkdir -p '/workspaces/.riftengine/WebkitWasm/third_party/wasm-sysroot/lib/pkgconfig'
 /usr/bin/install -c -m 644 libpsl.pc '/workspaces/.riftengine/WebkitWasm/third_party/wasm-sysroot/lib/pkgconfig'
make[2]: Leaving directory '/workspaces/.riftengine/WebkitWasm/third_party/build-deps/libpsl'
make[1]: Leaving directory '/workspaces/.riftengine/WebkitWasm/third_party/build-deps/libpsl'

===== third_party/build-deps/libpsl/config.log =====
PSL_TESTFILE='$(top_srcdir)/list/tests/tests.txt'
PYTHON='/usr/bin/python3'
PYTHON_EXEC_PREFIX='${exec_prefix}'
PYTHON_PLATFORM='linux'
PYTHON_PREFIX='${prefix}'
PYTHON_VERSION='3.12'
RANLIB='/workspaces/.riftengine/WebkitWasm/third_party/emsdk/upstream/emscripten/emranlib'
SED='/usr/bin/sed'
SET_MAKE=''
SHELL='/bin/bash'
STRIP='strip'
USE_NLS='yes'
VALGRIND_ENVIRONMENT=''
VERSION='0.21.5'
WITH_LIBICU_FALSE='#'
WITH_LIBICU_TRUE=''
WITH_LIBIDN2_FALSE=''
WITH_LIBIDN2_TRUE='#'
WITH_LIBIDN_FALSE=''
WITH_LIBIDN_TRUE='#'
XGETTEXT='/usr/bin/xgettext'
XGETTEXT_015='/usr/bin/xgettext'
XGETTEXT_EXTRA_OPTIONS=''
XSLTPROC=''
ac_ct_AR=''
ac_ct_CC=''
ac_ct_DUMPBIN=''
am__EXEEXT_FALSE=''
am__EXEEXT_TRUE='#'
am__fastdepCC_FALSE='#'
am__fastdepCC_TRUE=''
am__include='include'
am__isrc=''
am__leading_dot='.'
am__nodep='_no'
am__quote=''
am__tar='$${TAR-tar} chof - "$$tardir"'
am__untar='$${TAR-tar} xf -'
bindir='${exec_prefix}/bin'
build='x86_64-pc-linux-gnu'
build_alias=''
build_cpu='x86_64'
build_os='linux-gnu'
build_vendor='pc'
datadir='${datarootdir}'
datarootdir='${prefix}/share'
docdir='${datarootdir}/doc/${PACKAGE_TARNAME}'
dvidir='${docdir}'
exec_prefix='${prefix}'
host='wasm32-unknown-emscripten'
host_alias='wasm32-unknown-emscripten'
host_cpu='wasm32'
host_os='emscripten'
host_vendor='unknown'
htmldir='${docdir}'
includedir='${prefix}/include'
infodir='${datarootdir}/info'
install_sh='${SHELL} /workspaces/.riftengine/WebkitWasm/third_party/build-deps/libpsl/build-aux/install-sh'
libdir='${exec_prefix}/lib'
libexecdir='${exec_prefix}/libexec'
localedir='${datarootdir}/locale'
localstatedir='${prefix}/var'
mandir='${datarootdir}/man'
mkdir_p='$(MKDIR_P)'
oldincludedir='/usr/include'
pdfdir='${docdir}'
pkgpyexecdir='${pyexecdir}/libpsl'
pkgpythondir='${pythondir}/libpsl'
prefix='/workspaces/.riftengine/WebkitWasm/third_party/wasm-sysroot'
program_transform_name='s,x,x,'
psdir='${docdir}'
pyexecdir='${PYTHON_EXEC_PREFIX}/lib/python3.12/site-packages'
pythondir='${PYTHON_PREFIX}/lib/python3.12/site-packages'
runstatedir='${localstatedir}/run'
sbindir='${exec_prefix}/sbin'
sharedstatedir='${prefix}/com'
sysconfdir='${prefix}/etc'
target_alias=''

## ----------- ##
## confdefs.h. ##
## ----------- ##

/* confdefs.h */
#define PACKAGE_NAME "libpsl"
#define PACKAGE_TARNAME "libpsl"
#define PACKAGE_VERSION "0.21.5"
#define PACKAGE_STRING "libpsl 0.21.5"
#define PACKAGE_BUGREPORT "tim.ruehsen@gmx.de"
#define PACKAGE_URL "https://github.com/rockdaboot/libpsl"
#define HAVE_STDIO_H 1
#define HAVE_STDLIB_H 1
#define HAVE_STRING_H 1
#define HAVE_INTTYPES_H 1
#define HAVE_STDINT_H 1
#define HAVE_STRINGS_H 1
#define HAVE_SYS_STAT_H 1
#define HAVE_SYS_TYPES_H 1
#define HAVE_UNISTD_H 1
#define STDC_HEADERS 1
#define HAVE_DLFCN_H 1
#define LT_OBJDIR ".libs/"
#define HAVE_VISIBILITY 1
#define ENABLE_NLS 1
#define HAVE_GETTEXT 1
#define HAVE_DCGETTEXT 1
#define WITH_LIBICU 1
#define ENABLE_BUILTIN 1
#define HAVE_ICONV 1
#define ICONV_CONST 
#define HAVE_ALLOCA_H 1
#define HAVE_ALLOCA 1
#define HAVE_STRNDUP 1
#define HAVE_CLOCK_GETTIME 1
#define HAVE_FMEMOPEN 1
#define HAVE_NL_LANGINFO 1
#define HAVE_DIRENT_H 1
#define HAVE_STRINGS_H 1

configure: exit 0

===== third_party/build-deps/libpsl-configure.log =====
checking if /workspaces/.riftengine/WebkitWasm/third_party/emsdk/upstream/emscripten/emcc static flag -static works... yes
checking if /workspaces/.riftengine/WebkitWasm/third_party/emsdk/upstream/emscripten/emcc supports -c -o file.o... yes
checking if /workspaces/.riftengine/WebkitWasm/third_party/emsdk/upstream/emscripten/emcc supports -c -o file.o... (cached) yes
checking whether the /workspaces/.riftengine/WebkitWasm/third_party/emsdk/upstream/emscripten/emcc linker (/workspaces/.riftengine/WebkitWasm/third_party/emsdk/upstream/emscripten/emcc) supports shared libraries... emcc (Emscripten gcc/clang-like replacement + linker emulating GNU ld) 6.0.0 (afa15e0c56d1292e073c2c91bafc1d5e0cdf0dd3)
clang version 23.0.0git (https:/github.com/llvm/llvm-project c6c2ad52586c28e74a724570985a48dc0022d250)
Target: wasm32-unknown-emscripten
Thread model: posix
InstalledDir: /workspaces/.riftengine/WebkitWasm/third_party/emsdk/upstream/bin
yes
checking dynamic linker characteristics... no
checking how to hardcode library paths into programs... immediate
checking whether stripping libraries is possible... yes
checking if libtool supports shared libraries... no
checking whether to build shared libraries... no
checking whether to build static libraries... yes
checking whether make supports nested variables... (cached) yes
checking for special C compiler options needed for large files... no
checking for _FILE_OFFSET_BITS value needed for large files... no
checking for inline... inline
checking whether the -Werror option is usable... yes
checking for simple visibility declarations... yes
checking whether NLS is requested... yes
checking for msgfmt... /usr/bin/msgfmt
checking for gmsgfmt... /usr/bin/msgfmt
checking for xgettext... /usr/bin/xgettext
checking for msgmerge... /usr/bin/msgmerge
checking for ld... /workspaces/.riftengine/WebkitWasm/third_party/emsdk/upstream/emscripten/emcc
checking if the linker (/workspaces/.riftengine/WebkitWasm/third_party/emsdk/upstream/emscripten/emcc) is GNU ld... yes
checking for shared library run path origin... done
checking 32-bit host C ABI... unknown
checking how to run the C preprocessor... /workspaces/.riftengine/WebkitWasm/third_party/emsdk/upstream/emscripten/emcc -E
checking for ELF binary format... no
checking for the common suffixes of directories in the library search path... lib,lib32,lib64
checking for CFPreferencesCopyAppValue... no
checking for CFLocaleCopyPreferredLanguages... no
checking for GNU gettext in libc... yes
checking whether to use NLS... yes
checking where the gettext function comes from... libc
checking for wasm32-unknown-emscripten-pkg-config... no
checking for pkg-config... /usr/bin/pkg-config
checking pkg-config is at least version 0.9.0... yes
checking for gtk-doc... no
configure: WARNING:
  You will not be able to create source packages with 'make dist'
  because gtk-doc >= 1.15 is not found.
checking for gtkdoc-check... no
checking for gtkdoc-check... no
checking for gtkdoc-rebase... no
checking for gtkdoc-mkpdf... no
checking whether to build gtk-doc documentation... no
checking for glib-2.0 >= 2.10.0 gobject-2.0  >= 2.10.0... no
checking for a Python interpreter with version >= 2.7... python3
checking for python3... /usr/bin/python3
checking for python3 version... 3.12
checking for python3 platform... linux
checking for GNU default python3 prefix... ${prefix}
checking for GNU default python3 exec_prefix... ${exec_prefix}
checking for python3 script directory (pythondir)... ${PYTHON_PREFIX}/lib/python3.12/site-packages
checking for python3 extension module directory (pyexecdir)... ${PYTHON_EXEC_PREFIX}/lib/python3.12/site-packages
checking for wasm32-unknown-emscripten-pkg-config... /usr/bin/pkg-config
checking pkg-config is at least version 0.9.0... yes
checking for icu-uc... yes
checking for iconv... yes
checking for working iconv... guessing yes
checking for iconv declaration... 
         extern size_t iconv (iconv_t cd, char * *inbuf, size_t *inbytesleft, char * *outbuf, size_t *outbytesleft);
checking for socket in -lsocket... no
checking for library containing clock_gettime... none required
checking for size_t... yes
checking for working alloca.h... yes
checking for alloca... yes
checking for strndup... yes
checking for clock_gettime... yes
checking for fmemopen... yes
checking for nl_langinfo... yes
checking for dirent.h that defines DIR... yes
checking for library containing opendir... none required
checking for strings.h... (cached) yes
checking that generated files are newer than configure... done
configure: creating ./config.status
config.status: creating include/libpsl.h
config.status: creating Makefile
config.status: creating include/Makefile
config.status: creating src/Makefile
config.status: creating tools/Makefile
config.status: creating po/Makefile.in
config.status: creating fuzz/Makefile
config.status: creating tests/Makefile
config.status: creating docs/libpsl/Makefile
config.status: creating docs/libpsl/version.xml
config.status: creating libpsl.pc
config.status: creating msvc/Makefile
config.status: creating msvc/config.h.win32
config.status: creating msvc/config-msvc.mak
config.status: creating config.h
config.status: executing depfiles commands
config.status: executing libtool commands
config.status: executing po-directories commands
config.status: creating po/POTFILES
config.status: creating po/Makefile
configure: Summary of build options:

  Version:           0.21.5
  Host OS:           emscripten
  Install prefix:    /workspaces/.riftengine/WebkitWasm/third_party/wasm-sysroot
  Compiler:          /workspaces/.riftengine/WebkitWasm/third_party/emsdk/upstream/emscripten/emcc
  CFlags:            -I/workspaces/.riftengine/WebkitWasm/third_party/wasm-sysroot/include  -O2 -pthread 
  LDFlags:           
  Libs:              -L/workspaces/.riftengine/WebkitWasm/third_party/wasm-sysroot/lib -licuuc -licudata -lpthread -lm  
  Runtime:           libicu
  Builtin:           yes
  PSL Dist File:     
  PSL File:          $(top_srcdir)/list/public_suffix_list.dat
  PSL Test File:     $(top_srcdir)/list/tests/tests.txt
  Sanitizers:        UBSan no, ASan no, CFI no
  Docs:              no
  Man pages:         no
  Tests:             Valgrind testing not enabled
  Fuzzing build:     no, 


===== third_party/build-deps/libwebp-build-build.log =====
[92/182] Building C object CMakeFiles/webpencode.dir/src/enc/quant_enc.c.o
[93/182] Building C object CMakeFiles/webpencode.dir/src/enc/tree_enc.c.o
[94/182] Building C object CMakeFiles/webpencode.dir/src/enc/webp_enc.c.o
[95/182] Building C object CMakeFiles/webpdsp.dir/src/dsp/cpu.c.o
[96/182] Building C object CMakeFiles/webpdsp.dir/src/dsp/alpha_processing.c.o
[97/182] Building C object CMakeFiles/webpdsp.dir/src/dsp/dec_clip_tables.c.o
[98/182] Building C object CMakeFiles/webpdsp.dir/src/dsp/filters.c.o
[99/182] Building C object CMakeFiles/webpdsp.dir/src/dsp/rescaler.c.o
[100/182] Building C object CMakeFiles/webpdsp.dir/src/dsp/alpha_processing_sse41.c.o
[101/182] Building C object CMakeFiles/webpencode.dir/src/enc/vp8l_enc.c.o
[102/182] Building C object CMakeFiles/webpdsp.dir/src/dsp/dec.c.o
[103/182] Building C object CMakeFiles/webpdsp.dir/src/dsp/lossless.c.o
[104/182] Building C object CMakeFiles/webpdsp.dir/src/dsp/dec_sse41.c.o
[105/182] Building C object CMakeFiles/webpdsp.dir/src/dsp/lossless_sse41.c.o
[106/182] Building C object CMakeFiles/webpdsp.dir/src/dsp/yuv_sse41.c.o
[107/182] Building C object CMakeFiles/webpdsp.dir/src/dsp/yuv.c.o
[108/182] Building C object CMakeFiles/webpdsp.dir/src/dsp/upsampling_sse41.c.o
[109/182] Building C object CMakeFiles/webpdsp.dir/src/dsp/upsampling.c.o
[110/182] Building C object CMakeFiles/webpdsp.dir/src/dsp/alpha_processing_sse2.c.o
[111/182] Building C object CMakeFiles/webpdsp.dir/src/dsp/dec_sse2.c.o
[112/182] Building C object CMakeFiles/webpdsp.dir/src/dsp/lossless_sse2.c.o
[113/182] Building C object CMakeFiles/webpdsp.dir/src/dsp/upsampling_sse2.c.o
[114/182] Building C object CMakeFiles/webpdsp.dir/src/dsp/filters_sse2.c.o
[115/182] Building C object CMakeFiles/webpdsp.dir/src/dsp/rescaler_sse2.c.o
[116/182] Building C object CMakeFiles/webpdsp.dir/src/dsp/yuv_sse2.c.o
[117/182] Building C object CMakeFiles/webpdsp.dir/src/dsp/alpha_processing_neon.c.o
[118/182] Building C object CMakeFiles/webpdsp.dir/src/dsp/rescaler_neon.c.o
[119/182] Building C object CMakeFiles/webpdsp.dir/src/dsp/dec_neon.c.o
[120/182] Building C object CMakeFiles/webpdsp.dir/src/dsp/upsampling_neon.c.o
[121/182] Building C object CMakeFiles/webpdsp.dir/src/dsp/lossless_neon.c.o
[122/182] Building C object CMakeFiles/webpdsp.dir/src/dsp/filters_neon.c.o
[123/182] Building C object CMakeFiles/webpdsp.dir/src/dsp/dec_msa.c.o
[124/182] Building C object CMakeFiles/webpdsp.dir/src/dsp/filters_msa.c.o
[125/182] Building C object CMakeFiles/webpdsp.dir/src/dsp/yuv_neon.c.o
[126/182] Building C object CMakeFiles/webpdsp.dir/src/dsp/lossless_msa.c.o
[127/182] Building C object CMakeFiles/webpdsp.dir/src/dsp/rescaler_msa.c.o
[128/182] Building C object CMakeFiles/webpdsp.dir/src/dsp/upsampling_msa.c.o
[129/182] Building C object CMakeFiles/webpdsp.dir/src/dsp/yuv_mips32.c.o
[130/182] Building C object CMakeFiles/webpdsp.dir/src/dsp/dec_mips32.c.o
[131/182] Building C object CMakeFiles/webpdsp.dir/src/dsp/dec_mips_dsp_r2.c.o
[132/182] Building C object CMakeFiles/webpdsp.dir/src/dsp/rescaler_mips32.c.o
[133/182] Building C object CMakeFiles/webpdsp.dir/src/dsp/alpha_processing_mips_dsp_r2.c.o
[134/182] Building C object CMakeFiles/webpdsp.dir/src/dsp/rescaler_mips_dsp_r2.c.o
[135/182] Building C object CMakeFiles/webpdsp.dir/src/dsp/yuv_mips_dsp_r2.c.o
[136/182] Building C object CMakeFiles/webpdsp.dir/src/dsp/lossless_mips_dsp_r2.c.o
[137/182] Building C object CMakeFiles/webpdsp.dir/src/dsp/filters_mips_dsp_r2.c.o
[138/182] Building C object CMakeFiles/webpdsp.dir/src/dsp/upsampling_mips_dsp_r2.c.o
[139/182] Building C object CMakeFiles/webpdsp.dir/src/dsp/cost.c.o
[140/182] Building C object CMakeFiles/webpdsp.dir/src/dsp/cost_sse2.c.o
[141/182] Building C object CMakeFiles/webpdsp.dir/src/dsp/lossless_enc_sse2.c.o
[142/182] Building C object CMakeFiles/webpdsp.dir/src/dsp/enc_sse2.c.o
[143/182] Building C object CMakeFiles/webpdsp.dir/src/dsp/ssim.c.o
[144/182] Building C object CMakeFiles/webpdsp.dir/src/dsp/lossless_enc.c.o
[145/182] Building C object CMakeFiles/webpdsp.dir/src/dsp/cost_neon.c.o
[146/182] Building C object CMakeFiles/webpdsp.dir/src/dsp/lossless_enc_sse41.c.o
[147/182] Building C object CMakeFiles/webpdsp.dir/src/dsp/ssim_sse2.c.o
[148/182] Building C object CMakeFiles/webpdsp.dir/src/dsp/enc_sse41.c.o
[149/182] Building C object CMakeFiles/webpdsp.dir/src/dsp/enc_neon.c.o
[150/182] Building C object CMakeFiles/webpdsp.dir/src/dsp/lossless_enc_neon.c.o
[151/182] Building C object CMakeFiles/webpdsp.dir/src/dsp/enc.c.o
[152/182] Building C object CMakeFiles/webpdsp.dir/src/dsp/cost_mips32.c.o
[153/182] Building C object CMakeFiles/webpdsp.dir/src/dsp/enc_msa.c.o
[154/182] Building C object CMakeFiles/webpdsp.dir/src/dsp/lossless_enc_msa.c.o
[155/182] Building C object CMakeFiles/webpdsp.dir/src/dsp/enc_mips32.c.o
[156/182] Building C object CMakeFiles/webpdsp.dir/src/dsp/lossless_enc_mips32.c.o
[157/182] Building C object CMakeFiles/webpdsp.dir/src/dsp/enc_mips_dsp_r2.c.o
[158/182] Building C object CMakeFiles/webpdsp.dir/src/dsp/cost_mips_dsp_r2.c.o
[159/182] Building C object CMakeFiles/webpdsp.dir/src/dsp/lossless_enc_mips_dsp_r2.c.o
[160/182] Building C object CMakeFiles/webputils.dir/src/utils/bit_reader_utils.c.o
[161/182] Building C object CMakeFiles/webputils.dir/src/utils/color_cache_utils.c.o
[162/182] Building C object CMakeFiles/webputils.dir/src/utils/filters_utils.c.o
[163/182] Building C object CMakeFiles/webputils.dir/src/utils/huffman_utils.c.o
[164/182] Building C object CMakeFiles/webputils.dir/src/utils/palette.c.o
[165/182] Building C object CMakeFiles/webputils.dir/src/utils/quant_levels_dec_utils.c.o
[166/182] Building C object CMakeFiles/webputils.dir/src/utils/random_utils.c.o
[167/182] Building C object CMakeFiles/webputils.dir/src/utils/thread_utils.c.o
[168/182] Building C object CMakeFiles/webputils.dir/src/utils/rescaler_utils.c.o
[169/182] Building C object CMakeFiles/webputils.dir/src/utils/utils.c.o
[170/182] Building C object CMakeFiles/webputils.dir/src/utils/bit_writer_utils.c.o
[171/182] Building C object CMakeFiles/webputils.dir/src/utils/quant_levels_utils.c.o
[172/182] Building C object CMakeFiles/webputils.dir/src/utils/huffman_encode_utils.c.o
[173/182] Building C object CMakeFiles/webpdemux.dir/src/demux/anim_decode.c.o
[174/182] Building C object CMakeFiles/libwebpmux.dir/src/mux/muxedit.c.o
[175/182] Linking C static library libwebp.a
[176/182] Building C object CMakeFiles/libwebpmux.dir/src/mux/muxinternal.c.o
[177/182] Building C object CMakeFiles/webpdemux.dir/src/demux/demux.c.o
[178/182] Building C object CMakeFiles/libwebpmux.dir/src/mux/muxread.c.o
[179/182] Linking C static library libwebpdemux.a
[180/182] Building C object CMakeFiles/libwebpmux.dir/src/mux/anim_encode.c.o
[181/182] Linking C static library libwebpmux.a
[181/182] Install the project...
-- Install configuration: "Release"
-- Installing: /workspaces/.riftengine/WebkitWasm/third_party/wasm-sysroot/lib/pkgconfig/libsharpyuv.pc
-- Installing: /workspaces/.riftengine/WebkitWasm/third_party/wasm-sysroot/lib/libsharpyuv.a
-- Installing: /workspaces/.riftengine/WebkitWasm/third_party/wasm-sysroot/include/webp/sharpyuv/sharpyuv.h
-- Installing: /workspaces/.riftengine/WebkitWasm/third_party/wasm-sysroot/include/webp/sharpyuv/sharpyuv_csp.h
-- Installing: /workspaces/.riftengine/WebkitWasm/third_party/wasm-sysroot/lib/pkgconfig/libwebpdecoder.pc
-- Installing: /workspaces/.riftengine/WebkitWasm/third_party/wasm-sysroot/lib/pkgconfig/libwebp.pc
-- Installing: /workspaces/.riftengine/WebkitWasm/third_party/wasm-sysroot/lib/pkgconfig/libwebpdemux.pc
-- Installing: /workspaces/.riftengine/WebkitWasm/third_party/wasm-sysroot/lib/pkgconfig/libwebpmux.pc
-- Installing: /workspaces/.riftengine/WebkitWasm/third_party/wasm-sysroot/lib/libwebpdecoder.a
-- Installing: /workspaces/.riftengine/WebkitWasm/third_party/wasm-sysroot/include/webp/decode.h
-- Installing: /workspaces/.riftengine/WebkitWasm/third_party/wasm-sysroot/include/webp/types.h
-- Installing: /workspaces/.riftengine/WebkitWasm/third_party/wasm-sysroot/lib/libwebp.a
-- Up-to-date: /workspaces/.riftengine/WebkitWasm/third_party/wasm-sysroot/include/webp/decode.h
-- Installing: /workspaces/.riftengine/WebkitWasm/third_party/wasm-sysroot/include/webp/encode.h
-- Up-to-date: /workspaces/.riftengine/WebkitWasm/third_party/wasm-sysroot/include/webp/types.h
-- Installing: /workspaces/.riftengine/WebkitWasm/third_party/wasm-sysroot/lib/libwebpdemux.a
-- Up-to-date: /workspaces/.riftengine/WebkitWasm/third_party/wasm-sysroot/include/webp/decode.h
-- Installing: /workspaces/.riftengine/WebkitWasm/third_party/wasm-sysroot/include/webp/demux.h
-- Installing: /workspaces/.riftengine/WebkitWasm/third_party/wasm-sysroot/include/webp/mux_types.h
-- Up-to-date: /workspaces/.riftengine/WebkitWasm/third_party/wasm-sysroot/include/webp/types.h
-- Installing: /workspaces/.riftengine/WebkitWasm/third_party/wasm-sysroot/lib/libwebpmux.a
-- Installing: /workspaces/.riftengine/WebkitWasm/third_party/wasm-sysroot/include/webp/mux.h
-- Up-to-date: /workspaces/.riftengine/WebkitWasm/third_party/wasm-sysroot/include/webp/mux_types.h
-- Up-to-date: /workspaces/.riftengine/WebkitWasm/third_party/wasm-sysroot/include/webp/types.h
-- Installing: /workspaces/.riftengine/WebkitWasm/third_party/wasm-sysroot/share/WebP/cmake/WebPTargets.cmake
-- Installing: /workspaces/.riftengine/WebkitWasm/third_party/wasm-sysroot/share/WebP/cmake/WebPTargets-release.cmake
-- Installing: /workspaces/.riftengine/WebkitWasm/third_party/wasm-sysroot/share/WebP/cmake/WebPConfigVersion.cmake
-- Installing: /workspaces/.riftengine/WebkitWasm/third_party/wasm-sysroot/share/WebP/cmake/WebPConfig.cmake

===== third_party/build-deps/libwebp-build-configure.log =====
emcmake: cmake -S libwebp -B libwebp-build -GNinja -DCMAKE_BUILD_TYPE=Release -DCMAKE_INSTALL_PREFIX=/workspaces/.riftengine/WebkitWasm/third_party/wasm-sysroot -DCMAKE_FIND_ROOT_PATH=/workspaces/.riftengine/WebkitWasm/third_party/wasm-sysroot -DBUILD_SHARED_LIBS=OFF -DWEBP_BUILD_ANIM_UTILS=OFF -DWEBP_BUILD_CWEBP=OFF -DWEBP_BUILD_DWEBP=OFF -DWEBP_BUILD_GIF2WEBP=OFF -DWEBP_BUILD_IMG2WEBP=OFF -DWEBP_BUILD_VWEBP=OFF -DWEBP_BUILD_WEBPINFO=OFF -DWEBP_BUILD_WEBPMUX=OFF -DWEBP_BUILD_EXTRAS=OFF -DCMAKE_TOOLCHAIN_FILE=/workspaces/.riftengine/WebkitWasm/third_party/emsdk/upstream/emscripten/cmake/Modules/Platform/Emscripten.cmake -DCMAKE_CROSSCOMPILING_EMULATOR=/workspaces/.riftengine/WebkitWasm/third_party/emsdk/node/24.19.0_64bit/bin/node in directory /workspaces/.riftengine/WebkitWasm/third_party/build-deps
-- Performing Test HAVE_BUILTIN_BSWAP16
-- Performing Test HAVE_BUILTIN_BSWAP16 - Success
-- Performing Test HAVE_BUILTIN_BSWAP32
-- Performing Test HAVE_BUILTIN_BSWAP32 - Success
-- Performing Test HAVE_BUILTIN_BSWAP64
-- Performing Test HAVE_BUILTIN_BSWAP64 - Success
-- Performing Test CMAKE_HAVE_LIBC_PTHREAD
-- Performing Test CMAKE_HAVE_LIBC_PTHREAD - Success
-- Found Threads: TRUE  
-- Performing Test HAVE_MATH_LIBRARY
-- Performing Test HAVE_MATH_LIBRARY - Success
-- Looking for include file GLUT/glut.h
-- Looking for include file GLUT/glut.h - not found
-- Looking for include file GL/glut.h
-- Looking for include file GL/glut.h - found
-- Looking for include file OpenGL/glut.h
-- Looking for include file OpenGL/glut.h - not found
-- Looking for include file shlwapi.h
-- Looking for include file shlwapi.h - not found
-- Looking for include file unistd.h
-- Looking for include file unistd.h - found
-- Looking for include file wincodec.h
-- Looking for include file wincodec.h - not found
-- Looking for include file windows.h
-- Looking for include file windows.h - not found
-- Disabling SSE41 optimization.
-- Disabling SSE41 optimization.
-- Performing Test HAS_COMPILE_FLAG
-- Performing Test HAS_COMPILE_FLAG - Failed
-- Disabling SSE2 optimization.
-- Disabling SSE2 optimization.
-- Performing Test HAS_COMPILE_FLAG
-- Performing Test HAS_COMPILE_FLAG - Failed
-- Configuring done (13.4s)
-- Generating done (0.0s)
-- Build files have been written to: /workspaces/.riftengine/WebkitWasm/third_party/build-deps/libwebp-build

===== third_party/build-deps/libxml2-build-build.log =====
-- Installing: /workspaces/.riftengine/WebkitWasm/third_party/wasm-sysroot/share/doc/libxml2/examples/parse4.c
-- Installing: /workspaces/.riftengine/WebkitWasm/third_party/wasm-sysroot/share/doc/libxml2/examples/index.html
-- Installing: /workspaces/.riftengine/WebkitWasm/third_party/wasm-sysroot/share/doc/libxml2/examples/io1.c
-- Installing: /workspaces/.riftengine/WebkitWasm/third_party/wasm-sysroot/share/doc/libxml2/xmllint.html
-- Installing: /workspaces/.riftengine/WebkitWasm/third_party/wasm-sysroot/share/doc/libxml2/tutorial
-- Installing: /workspaces/.riftengine/WebkitWasm/third_party/wasm-sysroot/share/doc/libxml2/tutorial/images
-- Installing: /workspaces/.riftengine/WebkitWasm/third_party/wasm-sysroot/share/doc/libxml2/tutorial/images/note.png
-- Installing: /workspaces/.riftengine/WebkitWasm/third_party/wasm-sysroot/share/doc/libxml2/tutorial/images/toc-plus.png
-- Installing: /workspaces/.riftengine/WebkitWasm/third_party/wasm-sysroot/share/doc/libxml2/tutorial/images/next.png
-- Installing: /workspaces/.riftengine/WebkitWasm/third_party/wasm-sysroot/share/doc/libxml2/tutorial/images/warning.png
-- Installing: /workspaces/.riftengine/WebkitWasm/third_party/wasm-sysroot/share/doc/libxml2/tutorial/images/up.png
-- Installing: /workspaces/.riftengine/WebkitWasm/third_party/wasm-sysroot/share/doc/libxml2/tutorial/images/toc-minus.png
-- Installing: /workspaces/.riftengine/WebkitWasm/third_party/wasm-sysroot/share/doc/libxml2/tutorial/images/home.png
-- Installing: /workspaces/.riftengine/WebkitWasm/third_party/wasm-sysroot/share/doc/libxml2/tutorial/images/prev.png
-- Installing: /workspaces/.riftengine/WebkitWasm/third_party/wasm-sysroot/share/doc/libxml2/tutorial/images/caution.png
-- Installing: /workspaces/.riftengine/WebkitWasm/third_party/wasm-sysroot/share/doc/libxml2/tutorial/images/draft.png
-- Installing: /workspaces/.riftengine/WebkitWasm/third_party/wasm-sysroot/share/doc/libxml2/tutorial/images/tip.png
-- Installing: /workspaces/.riftengine/WebkitWasm/third_party/wasm-sysroot/share/doc/libxml2/tutorial/images/important.png
-- Installing: /workspaces/.riftengine/WebkitWasm/third_party/wasm-sysroot/share/doc/libxml2/tutorial/images/blank.png
-- Installing: /workspaces/.riftengine/WebkitWasm/third_party/wasm-sysroot/share/doc/libxml2/tutorial/images/callouts
-- Installing: /workspaces/.riftengine/WebkitWasm/third_party/wasm-sysroot/share/doc/libxml2/tutorial/images/callouts/1.png
-- Installing: /workspaces/.riftengine/WebkitWasm/third_party/wasm-sysroot/share/doc/libxml2/tutorial/images/callouts/5.png
-- Installing: /workspaces/.riftengine/WebkitWasm/third_party/wasm-sysroot/share/doc/libxml2/tutorial/images/callouts/10.png
-- Installing: /workspaces/.riftengine/WebkitWasm/third_party/wasm-sysroot/share/doc/libxml2/tutorial/images/callouts/9.png
-- Installing: /workspaces/.riftengine/WebkitWasm/third_party/wasm-sysroot/share/doc/libxml2/tutorial/images/callouts/7.png
-- Installing: /workspaces/.riftengine/WebkitWasm/third_party/wasm-sysroot/share/doc/libxml2/tutorial/images/callouts/2.png
-- Installing: /workspaces/.riftengine/WebkitWasm/third_party/wasm-sysroot/share/doc/libxml2/tutorial/images/callouts/3.png
-- Installing: /workspaces/.riftengine/WebkitWasm/third_party/wasm-sysroot/share/doc/libxml2/tutorial/images/callouts/8.png
-- Installing: /workspaces/.riftengine/WebkitWasm/third_party/wasm-sysroot/share/doc/libxml2/tutorial/images/callouts/6.png
-- Installing: /workspaces/.riftengine/WebkitWasm/third_party/wasm-sysroot/share/doc/libxml2/tutorial/images/callouts/4.png
-- Installing: /workspaces/.riftengine/WebkitWasm/third_party/wasm-sysroot/share/doc/libxml2/tutorial/images/toc-blank.png
-- Installing: /workspaces/.riftengine/WebkitWasm/third_party/wasm-sysroot/share/doc/libxml2/tutorial/api.html
-- Installing: /workspaces/.riftengine/WebkitWasm/third_party/wasm-sysroot/share/doc/libxml2/tutorial/includekeyword.c
-- Installing: /workspaces/.riftengine/WebkitWasm/third_party/wasm-sysroot/share/doc/libxml2/tutorial/ar01s07.html
-- Installing: /workspaces/.riftengine/WebkitWasm/third_party/wasm-sysroot/share/doc/libxml2/tutorial/apb.html
-- Installing: /workspaces/.riftengine/WebkitWasm/third_party/wasm-sysroot/share/doc/libxml2/tutorial/includeconvert.c
-- Installing: /workspaces/.riftengine/WebkitWasm/third_party/wasm-sysroot/share/doc/libxml2/tutorial/ar01s06.html
-- Installing: /workspaces/.riftengine/WebkitWasm/third_party/wasm-sysroot/share/doc/libxml2/tutorial/ar01s08.html
-- Installing: /workspaces/.riftengine/WebkitWasm/third_party/wasm-sysroot/share/doc/libxml2/tutorial/apg.html
-- Installing: /workspaces/.riftengine/WebkitWasm/third_party/wasm-sysroot/share/doc/libxml2/tutorial/ar01s02.html
-- Installing: /workspaces/.riftengine/WebkitWasm/third_party/wasm-sysroot/share/doc/libxml2/tutorial/includeaddkeyword.c
-- Installing: /workspaces/.riftengine/WebkitWasm/third_party/wasm-sysroot/share/doc/libxml2/tutorial/includeaddattribute.c
-- Installing: /workspaces/.riftengine/WebkitWasm/third_party/wasm-sysroot/share/doc/libxml2/tutorial/ix01.html
-- Installing: /workspaces/.riftengine/WebkitWasm/third_party/wasm-sysroot/share/doc/libxml2/tutorial/apf.html
-- Installing: /workspaces/.riftengine/WebkitWasm/third_party/wasm-sysroot/share/doc/libxml2/tutorial/apd.html
-- Installing: /workspaces/.riftengine/WebkitWasm/third_party/wasm-sysroot/share/doc/libxml2/tutorial/includexpath.c
-- Installing: /workspaces/.riftengine/WebkitWasm/third_party/wasm-sysroot/share/doc/libxml2/tutorial/ape.html
-- Installing: /workspaces/.riftengine/WebkitWasm/third_party/wasm-sysroot/share/doc/libxml2/tutorial/ar01s04.html
-- Installing: /workspaces/.riftengine/WebkitWasm/third_party/wasm-sysroot/share/doc/libxml2/tutorial/aph.html
-- Installing: /workspaces/.riftengine/WebkitWasm/third_party/wasm-sysroot/share/doc/libxml2/tutorial/ar01s09.html
-- Installing: /workspaces/.riftengine/WebkitWasm/third_party/wasm-sysroot/share/doc/libxml2/tutorial/ar01s05.html
-- Installing: /workspaces/.riftengine/WebkitWasm/third_party/wasm-sysroot/share/doc/libxml2/tutorial/apc.html
-- Installing: /workspaces/.riftengine/WebkitWasm/third_party/wasm-sysroot/share/doc/libxml2/tutorial/includegetattribute.c
-- Installing: /workspaces/.riftengine/WebkitWasm/third_party/wasm-sysroot/share/doc/libxml2/tutorial/ar01s03.html
-- Installing: /workspaces/.riftengine/WebkitWasm/third_party/wasm-sysroot/share/doc/libxml2/tutorial/apa.html
-- Installing: /workspaces/.riftengine/WebkitWasm/third_party/wasm-sysroot/share/doc/libxml2/tutorial/index.html
-- Installing: /workspaces/.riftengine/WebkitWasm/third_party/wasm-sysroot/share/doc/libxml2/xmlcatalog.html
-- Installing: /workspaces/.riftengine/WebkitWasm/third_party/wasm-sysroot/share/doc/libxml2/devhelp
-- Installing: /workspaces/.riftengine/WebkitWasm/third_party/wasm-sysroot/share/doc/libxml2/devhelp/libxml2-uri.html
-- Installing: /workspaces/.riftengine/WebkitWasm/third_party/wasm-sysroot/share/doc/libxml2/devhelp/libxml2-xmlIO.html
-- Installing: /workspaces/.riftengine/WebkitWasm/third_party/wasm-sysroot/share/doc/libxml2/devhelp/libxml2-parser.html
-- Installing: /workspaces/.riftengine/WebkitWasm/third_party/wasm-sysroot/share/doc/libxml2/devhelp/libxml2-xmlwriter.html
-- Installing: /workspaces/.riftengine/WebkitWasm/third_party/wasm-sysroot/share/doc/libxml2/devhelp/libxml2-pattern.html
-- Installing: /workspaces/.riftengine/WebkitWasm/third_party/wasm-sysroot/share/doc/libxml2/devhelp/libxml2-HTMLtree.html
-- Installing: /workspaces/.riftengine/WebkitWasm/third_party/wasm-sysroot/share/doc/libxml2/devhelp/libxml2-xmlregexp.html
-- Installing: /workspaces/.riftengine/WebkitWasm/third_party/wasm-sysroot/share/doc/libxml2/devhelp/libxml2-SAX2.html
-- Installing: /workspaces/.riftengine/WebkitWasm/third_party/wasm-sysroot/share/doc/libxml2/devhelp/libxml2-xmlmodule.html
-- Installing: /workspaces/.riftengine/WebkitWasm/third_party/wasm-sysroot/share/doc/libxml2/devhelp/libxml2-xmlversion.html
-- Installing: /workspaces/.riftengine/WebkitWasm/third_party/wasm-sysroot/share/doc/libxml2/devhelp/libxml2-HTMLparser.html
-- Installing: /workspaces/.riftengine/WebkitWasm/third_party/wasm-sysroot/share/doc/libxml2/devhelp/libxml2-hash.html
-- Installing: /workspaces/.riftengine/WebkitWasm/third_party/wasm-sysroot/share/doc/libxml2/devhelp/libxml2-dict.html
-- Installing: /workspaces/.riftengine/WebkitWasm/third_party/wasm-sysroot/share/doc/libxml2/devhelp/libxml2-xmlschemastypes.html
-- Installing: /workspaces/.riftengine/WebkitWasm/third_party/wasm-sysroot/share/doc/libxml2/devhelp/up.png
-- Installing: /workspaces/.riftengine/WebkitWasm/third_party/wasm-sysroot/share/doc/libxml2/devhelp/libxml2-xpath.html
-- Installing: /workspaces/.riftengine/WebkitWasm/third_party/wasm-sysroot/share/doc/libxml2/devhelp/libxml2-schemasInternals.html
-- Installing: /workspaces/.riftengine/WebkitWasm/third_party/wasm-sysroot/share/doc/libxml2/devhelp/libxml2-xpathInternals.html
-- Installing: /workspaces/.riftengine/WebkitWasm/third_party/wasm-sysroot/share/doc/libxml2/devhelp/libxml2-xinclude.html
-- Installing: /workspaces/.riftengine/WebkitWasm/third_party/wasm-sysroot/share/doc/libxml2/devhelp/style.css
-- Installing: /workspaces/.riftengine/WebkitWasm/third_party/wasm-sysroot/share/doc/libxml2/devhelp/libxml2.devhelp2
-- Installing: /workspaces/.riftengine/WebkitWasm/third_party/wasm-sysroot/share/doc/libxml2/devhelp/home.png
-- Installing: /workspaces/.riftengine/WebkitWasm/third_party/wasm-sysroot/share/doc/libxml2/devhelp/libxml2-xpointer.html
-- Installing: /workspaces/.riftengine/WebkitWasm/third_party/wasm-sysroot/share/doc/libxml2/devhelp/libxml2-xmlexports.html
-- Installing: /workspaces/.riftengine/WebkitWasm/third_party/wasm-sysroot/share/doc/libxml2/devhelp/libxml2-nanoftp.html
-- Installing: /workspaces/.riftengine/WebkitWasm/third_party/wasm-sysroot/share/doc/libxml2/devhelp/libxml2-chvalid.html
-- Installing: /workspaces/.riftengine/WebkitWasm/third_party/wasm-sysroot/share/doc/libxml2/devhelp/libxml2-catalog.html
-- Installing: /workspaces/.riftengine/WebkitWasm/third_party/wasm-sysroot/share/doc/libxml2/devhelp/libxml2-c14n.html
-- Installing: /workspaces/.riftengine/WebkitWasm/third_party/wasm-sysroot/share/doc/libxml2/devhelp/right.png
-- Installing: /workspaces/.riftengine/WebkitWasm/third_party/wasm-sysroot/share/doc/libxml2/devhelp/libxml2-threads.html
-- Installing: /workspaces/.riftengine/WebkitWasm/third_party/wasm-sysroot/share/doc/libxml2/devhelp/libxml2-tree.html
-- Installing: /workspaces/.riftengine/WebkitWasm/third_party/wasm-sysroot/share/doc/libxml2/devhelp/libxml2-xmlsave.html
-- Installing: /workspaces/.riftengine/WebkitWasm/third_party/wasm-sysroot/share/doc/libxml2/devhelp/libxml2-xmlreader.html
-- Installing: /workspaces/.riftengine/WebkitWasm/third_party/wasm-sysroot/share/doc/libxml2/devhelp/libxml2-entities.html
-- Installing: /workspaces/.riftengine/WebkitWasm/third_party/wasm-sysroot/share/doc/libxml2/devhelp/libxml2-xmlerror.html
-- Installing: /workspaces/.riftengine/WebkitWasm/third_party/wasm-sysroot/share/doc/libxml2/devhelp/libxml2-relaxng.html
-- Installing: /workspaces/.riftengine/WebkitWasm/third_party/wasm-sysroot/share/doc/libxml2/devhelp/libxml2-debugXML.html
-- Installing: /workspaces/.riftengine/WebkitWasm/third_party/wasm-sysroot/share/doc/libxml2/devhelp/libxml2-xmlunicode.html
-- Installing: /workspaces/.riftengine/WebkitWasm/third_party/wasm-sysroot/share/doc/libxml2/devhelp/libxml2-globals.html
-- Installing: /workspaces/.riftengine/WebkitWasm/third_party/wasm-sysroot/share/doc/libxml2/devhelp/libxml2-xmlschemas.html
-- Installing: /workspaces/.riftengine/WebkitWasm/third_party/wasm-sysroot/share/doc/libxml2/devhelp/libxml2-parserInternals.html
-- Installing: /workspaces/.riftengine/WebkitWasm/third_party/wasm-sysroot/share/doc/libxml2/devhelp/general.html
-- Installing: /workspaces/.riftengine/WebkitWasm/third_party/wasm-sysroot/share/doc/libxml2/devhelp/libxml2-nanohttp.html
-- Installing: /workspaces/.riftengine/WebkitWasm/third_party/wasm-sysroot/share/doc/libxml2/devhelp/libxml2-SAX.html
-- Installing: /workspaces/.riftengine/WebkitWasm/third_party/wasm-sysroot/share/doc/libxml2/devhelp/libxml2-xmlmemory.html
-- Installing: /workspaces/.riftengine/WebkitWasm/third_party/wasm-sysroot/share/doc/libxml2/devhelp/libxml2-xmlstring.html
-- Installing: /workspaces/.riftengine/WebkitWasm/third_party/wasm-sysroot/share/doc/libxml2/devhelp/libxml2-valid.html
-- Installing: /workspaces/.riftengine/WebkitWasm/third_party/wasm-sysroot/share/doc/libxml2/devhelp/libxml2-xmlautomata.html
-- Installing: /workspaces/.riftengine/WebkitWasm/third_party/wasm-sysroot/share/doc/libxml2/devhelp/libxml2-xlink.html
-- Installing: /workspaces/.riftengine/WebkitWasm/third_party/wasm-sysroot/share/doc/libxml2/devhelp/index.html
-- Installing: /workspaces/.riftengine/WebkitWasm/third_party/wasm-sysroot/share/doc/libxml2/devhelp/libxml2-list.html
-- Installing: /workspaces/.riftengine/WebkitWasm/third_party/wasm-sysroot/share/doc/libxml2/devhelp/libxml2-encoding.html
-- Installing: /workspaces/.riftengine/WebkitWasm/third_party/wasm-sysroot/share/doc/libxml2/devhelp/libxml2-schematron.html
-- Installing: /workspaces/.riftengine/WebkitWasm/third_party/wasm-sysroot/share/doc/libxml2/devhelp/left.png
-- Installing: /workspaces/.riftengine/WebkitWasm/third_party/wasm-sysroot/lib/cmake/libxml2-2.12.9/libxml2-config.cmake
-- Installing: /workspaces/.riftengine/WebkitWasm/third_party/wasm-sysroot/lib/cmake/libxml2-2.12.9/libxml2-config-version.cmake
-- Installing: /workspaces/.riftengine/WebkitWasm/third_party/wasm-sysroot/lib/cmake/libxml2-2.12.9/libxml2-export.cmake
-- Installing: /workspaces/.riftengine/WebkitWasm/third_party/wasm-sysroot/lib/cmake/libxml2-2.12.9/libxml2-export-release.cmake
-- Installing: /workspaces/.riftengine/WebkitWasm/third_party/wasm-sysroot/include/libxml2/libxml/xmlversion.h
-- Installing: /workspaces/.riftengine/WebkitWasm/third_party/wasm-sysroot/lib/pkgconfig/libxml-2.0.pc
-- Installing: /workspaces/.riftengine/WebkitWasm/third_party/wasm-sysroot/bin/xml2-config
-- Installing: /workspaces/.riftengine/WebkitWasm/third_party/wasm-sysroot/share/aclocal/libxml.m4

===== third_party/build-deps/libxml2-build-configure.log =====
emcmake: cmake -S libxml2 -B libxml2-build -GNinja -DCMAKE_BUILD_TYPE=Release -DCMAKE_INSTALL_PREFIX=/workspaces/.riftengine/WebkitWasm/third_party/wasm-sysroot -DCMAKE_FIND_ROOT_PATH=/workspaces/.riftengine/WebkitWasm/third_party/wasm-sysroot -DBUILD_SHARED_LIBS=OFF -DLIBXML2_WITH_PYTHON=OFF -DLIBXML2_WITH_LZMA=OFF -DLIBXML2_WITH_ZLIB=ON -DLIBXML2_WITH_ICU=ON -DLIBXML2_WITH_TESTS=OFF -DLIBXML2_WITH_PROGRAMS=OFF -DZLIB_ROOT=/workspaces/.riftengine/WebkitWasm/third_party/wasm-sysroot -DICU_ROOT=/workspaces/.riftengine/WebkitWasm/third_party/wasm-sysroot -DCMAKE_TOOLCHAIN_FILE=/workspaces/.riftengine/WebkitWasm/third_party/emsdk/upstream/emscripten/cmake/Modules/Platform/Emscripten.cmake -DCMAKE_CROSSCOMPILING_EMULATOR=/workspaces/.riftengine/WebkitWasm/third_party/emsdk/node/24.19.0_64bit/bin/node in directory /workspaces/.riftengine/WebkitWasm/third_party/build-deps
-- Found PkgConfig: /usr/bin/pkg-config (found version "1.8.1") 
-- Performing Test Iconv_IS_BUILT_IN
-- Performing Test Iconv_IS_BUILT_IN - Success
-- Found Iconv: built in to C library  
-- Found the following ICU libraries:
--   data (required): /workspaces/.riftengine/WebkitWasm/third_party/wasm-sysroot/lib/libicudata.a
--   i18n (required): /workspaces/.riftengine/WebkitWasm/third_party/wasm-sysroot/lib/libicui18n.a
--   uc (required): /workspaces/.riftengine/WebkitWasm/third_party/wasm-sysroot/lib/libicuuc.a
-- Found ICU: /workspaces/.riftengine/WebkitWasm/third_party/wasm-sysroot/include (found version "77.1") 
-- Performing Test CMAKE_HAVE_LIBC_PTHREAD
-- Performing Test CMAKE_HAVE_LIBC_PTHREAD - Success
-- Found Threads: TRUE  
-- Found ZLIB: /workspaces/.riftengine/WebkitWasm/third_party/wasm-sysroot/lib/libz.a (found version "1.3.1")  
-- Performing Test HAVE_ATTRIBUTE_DESTRUCTOR
-- Performing Test HAVE_ATTRIBUTE_DESTRUCTOR - Success
-- Looking for include file arpa/inet.h
-- Looking for include file arpa/inet.h - found
-- Looking for class
-- Looking for class - not found
-- Looking for include file dlfcn.h
-- Looking for include file dlfcn.h - found
-- Looking for dlopen in dl
-- Looking for dlopen in dl - found
-- Looking for include file dl.h
-- Looking for include file dl.h - not found
-- Looking for include file fcntl.h
-- Looking for include file fcntl.h - found
-- Looking for fpclass
-- Looking for fpclass - not found
-- Looking for ftime
-- Looking for ftime - found
-- Looking for gettimeofday
-- Looking for gettimeofday - found
-- Looking for include file inttypes.h
-- Looking for include file inttypes.h - found
-- Looking for isascii
-- Looking for isascii - found
-- Looking for append_history in history
-- Looking for append_history in history - not found
-- Looking for readline in readline
-- Looking for readline in readline - not found
-- Looking for mmap
-- Looking for mmap - found
-- Looking for munmap
-- Looking for munmap - found
-- Looking for include file netdb.h
-- Looking for include file netdb.h - found
-- Looking for include file netinet/in.h
-- Looking for include file netinet/in.h - found
-- Looking for include file poll.h
-- Looking for include file poll.h - found
-- Looking for shl_load in dld
-- Looking for shl_load in dld - not found
-- Looking for stat
-- Looking for stat - found
-- Looking for include file stdint.h
-- Looking for include file stdint.h - found
-- Looking for include file sys/mman.h
-- Looking for include file sys/mman.h - found
-- Looking for include file sys/select.h
-- Looking for include file sys/select.h - found
-- Looking for include file sys/socket.h
-- Looking for include file sys/socket.h - found
-- Looking for include file sys/stat.h
-- Looking for include file sys/stat.h - found
-- Looking for include file sys/timeb.h
-- Looking for include file sys/timeb.h - found
-- Looking for include file sys/time.h
-- Looking for include file sys/time.h - found
-- Looking for include file unistd.h
-- Looking for include file unistd.h - found
-- Looking for va_copy
-- Looking for va_copy - found
-- Looking for __va_copy
-- Looking for __va_copy - found
-- Performing Test VA_LIST_IS_ARRAY_TEST
-- Performing Test VA_LIST_IS_ARRAY_TEST - Success
-- Performing Test XML_SOCKLEN_T_SOCKLEN_T
-- Performing Test XML_SOCKLEN_T_SOCKLEN_T - Success
-- Looking for include file pthread.h
-- Looking for include file pthread.h - found
-- Checking for module 'icu-i18n'
--   Package 'icu-i18n', required by 'virtual:world', not found
-- Checking for module 'zlib'
--   Package 'zlib', required by 'virtual:world', not found
-- Configuring done (42.2s)
-- Generating done (0.0s)
-- Build files have been written to: /workspaces/.riftengine/WebkitWasm/third_party/build-deps/libxml2-build

===== third_party/build-deps/nghttp2-build-build.log =====
ninja: Entering directory `nghttp2-build'
[1/28] Building C object lib/CMakeFiles/nghttp2_static.dir/nghttp2_queue.c.o
[2/28] Building C object lib/CMakeFiles/nghttp2_static.dir/nghttp2_pq.c.o
[3/28] Building C object lib/CMakeFiles/nghttp2_static.dir/nghttp2_buf.c.o
[4/28] Building C object lib/CMakeFiles/nghttp2_static.dir/nghttp2_map.c.o
[5/28] Building C object lib/CMakeFiles/nghttp2_static.dir/nghttp2_stream.c.o
[6/28] Building C object lib/CMakeFiles/nghttp2_static.dir/nghttp2_frame.c.o
[7/28] Building C object lib/CMakeFiles/nghttp2_static.dir/nghttp2_outbound_item.c.o
[8/28] Building C object lib/CMakeFiles/nghttp2_static.dir/nghttp2_submit.c.o
[9/28] Building C object lib/CMakeFiles/nghttp2_static.dir/nghttp2_helper.c.o
[10/28] Building C object lib/CMakeFiles/nghttp2_static.dir/nghttp2_alpn.c.o
[11/28] Building C object lib/CMakeFiles/nghttp2_static.dir/nghttp2_hd_huffman_data.c.o
[12/28] Building C object lib/CMakeFiles/nghttp2_static.dir/nghttp2_hd_huffman.c.o
[13/28] Building C object lib/CMakeFiles/nghttp2_static.dir/nghttp2_version.c.o
[14/28] Building C object lib/CMakeFiles/nghttp2_static.dir/nghttp2_priority_spec.c.o
[15/28] Building C object lib/CMakeFiles/nghttp2_static.dir/nghttp2_callbacks.c.o
[16/28] Building C object lib/CMakeFiles/nghttp2_static.dir/nghttp2_mem.c.o
[17/28] Building C object lib/CMakeFiles/nghttp2_static.dir/nghttp2_option.c.o
[18/28] Building C object lib/CMakeFiles/nghttp2_static.dir/nghttp2_extpri.c.o
[19/28] Building C object lib/CMakeFiles/nghttp2_static.dir/nghttp2_hd.c.o
[20/28] Building C object lib/CMakeFiles/nghttp2_static.dir/nghttp2_rcbuf.c.o
[21/28] Building C object lib/CMakeFiles/nghttp2_static.dir/nghttp2_ratelim.c.o
[22/28] Building C object lib/CMakeFiles/nghttp2_static.dir/nghttp2_http.c.o
[23/28] Building C object lib/CMakeFiles/nghttp2_static.dir/nghttp2_debug.c.o
[24/28] Building C object lib/CMakeFiles/nghttp2_static.dir/nghttp2_time.c.o
[25/28] Building C object lib/CMakeFiles/nghttp2_static.dir/sfparse.c.o
[26/28] Building C object lib/CMakeFiles/nghttp2_static.dir/nghttp2_session.c.o
[27/28] Linking C static library lib/libnghttp2.a
[27/28] Install the project...
-- Install configuration: "Release"
-- Installing: /workspaces/.riftengine/WebkitWasm/third_party/wasm-sysroot/share/doc/nghttp2/README.rst
-- Installing: /workspaces/.riftengine/WebkitWasm/third_party/wasm-sysroot/include/nghttp2/nghttp2.h
-- Installing: /workspaces/.riftengine/WebkitWasm/third_party/wasm-sysroot/include/nghttp2/nghttp2ver.h
-- Installing: /workspaces/.riftengine/WebkitWasm/third_party/wasm-sysroot/lib/libnghttp2.a
-- Installing: /workspaces/.riftengine/WebkitWasm/third_party/wasm-sysroot/lib/pkgconfig/libnghttp2.pc
-- Installing: /workspaces/.riftengine/WebkitWasm/third_party/wasm-sysroot/lib/cmake/nghttp2/nghttp2-targets.cmake
-- Installing: /workspaces/.riftengine/WebkitWasm/third_party/wasm-sysroot/lib/cmake/nghttp2/nghttp2-targets-release.cmake
-- Installing: /workspaces/.riftengine/WebkitWasm/third_party/wasm-sysroot/share/nghttp2/fetch-ocsp-response

===== third_party/build-deps/nghttp2-build/CMakeFiles/CMakeOutput.log =====
Determining size of ssize_t passed with the following output:
Change Dir: '/workspaces/.riftengine/WebkitWasm/third_party/build-deps/nghttp2-build/CMakeFiles/CMakeTmp'

Run Build Command(s): /usr/bin/ninja -v cmTC_a7fd5
[1/2] /workspaces/.riftengine/WebkitWasm/third_party/emsdk/upstream/emscripten/emcc   -O2 -pthread -MD -MT CMakeFiles/cmTC_a7fd5.dir/SIZEOF_SSIZE_T.c.o -MF CMakeFiles/cmTC_a7fd5.dir/SIZEOF_SSIZE_T.c.o.d -o CMakeFiles/cmTC_a7fd5.dir/SIZEOF_SSIZE_T.c.o -c /workspaces/.riftengine/WebkitWasm/third_party/build-deps/nghttp2-build/CMakeFiles/CheckTypeSize/SIZEOF_SSIZE_T.c
[2/2] : && /workspaces/.riftengine/WebkitWasm/third_party/emsdk/upstream/emscripten/emcc -O2 -pthread  CMakeFiles/cmTC_a7fd5.dir/SIZEOF_SSIZE_T.c.o -o cmTC_a7fd5.js  --oformat=wasm  -sWASM=1 && :




===== third_party/build-deps/nghttp2-build-configure.log =====
-- Found Python3: /usr/bin/python3 (found version "3.12.3") found components: Interpreter 
-- Found OpenSSL: /workspaces/.riftengine/WebkitWasm/third_party/wasm-sysroot/lib/libcrypto.a (found suitable version "3.5.0", minimum required is "1.1.1")  
-- Could NOT find Libngtcp2 (missing: LIBNGTCP2_LIBRARY LIBNGTCP2_INCLUDE_DIR) (Required is at least version "1.0.0")
-- Could NOT find Libngtcp2_crypto_quictls (missing: LIBNGTCP2_CRYPTO_QUICTLS_LIBRARY LIBNGTCP2_CRYPTO_QUICTLS_INCLUDE_DIR) (Required is at least version "1.0.0")
-- Could NOT find Libnghttp3 (missing: LIBNGHTTP3_LIBRARY LIBNGHTTP3_INCLUDE_DIR) (Required is at least version "1.1.0")
-- Could NOT find Systemd (missing: SYSTEMD_INCLUDE_DIRS SYSTEMD_LIBRARIES) (Required is at least version "209")
-- Could NOT find Jansson (missing: JANSSON_LIBRARY JANSSON_INCLUDE_DIR) (Required is at least version "2.5")
-- Could NOT find Libevent (missing: LIBEVENT_CORE_LIBRARY LIBEVENT_EXTRA_LIBRARY LIBEVENT_OPENSSL_LIBRARY LIBEVENT_INCLUDE_DIR core extra openssl) (Required is at least version "2.0.8")
-- Found LibXml2: /workspaces/.riftengine/WebkitWasm/third_party/wasm-sysroot/lib/libxml2.a (found suitable version "2.12.9", minimum required is "2.6.26") 
-- Could NOT find Jemalloc (missing: JEMALLOC_LIBRARY JEMALLOC_INCLUDE_DIR) 
-- Performing Test CMAKE_HAVE_LIBC_PTHREAD
-- Performing Test CMAKE_HAVE_LIBC_PTHREAD - Success
-- Found Threads: TRUE  
-- Looking for arpa/inet.h
-- Looking for arpa/inet.h - found
-- Looking for fcntl.h
-- Looking for fcntl.h - found
-- Looking for inttypes.h
-- Looking for inttypes.h - found
-- Looking for limits.h
-- Looking for limits.h - found
-- Looking for netdb.h
-- Looking for netdb.h - found
-- Looking for netinet/in.h
-- Looking for netinet/in.h - found
-- Looking for netinet/ip.h
-- Looking for netinet/ip.h - found
-- Looking for pwd.h
-- Looking for pwd.h - found
-- Looking for sys/socket.h
-- Looking for sys/socket.h - found
-- Looking for sys/time.h
-- Looking for sys/time.h - found
-- Looking for syslog.h
-- Looking for syslog.h - found
-- Looking for unistd.h
-- Looking for unistd.h - found
-- Looking for windows.h
-- Looking for windows.h - not found
-- Looking for sys/types.h
-- Looking for sys/types.h - found
-- Looking for stdint.h
-- Looking for stdint.h - found
-- Looking for stddef.h
-- Looking for stddef.h - found
-- Check size of ssize_t
-- Check size of ssize_t - done
-- Performing Test HAVE_STRUCT_TM_TM_GMTOFF
-- Performing Test HAVE_STRUCT_TM_TM_GMTOFF - Success
-- Looking for _Exit
-- Looking for _Exit - found
-- Looking for accept4
-- Looking for accept4 - found
-- Looking for clock_gettime
-- Looking for clock_gettime - found
-- Looking for mkostemp
-- Looking for mkostemp - found
-- Looking for pipe2
-- Looking for pipe2 - found
-- Looking for GetTickCount64
-- Looking for GetTickCount64 - not found
-- Looking for initgroups
-- Looking for initgroups - not found
-- Looking for initgroups
-- Looking for initgroups - not found
-- Looking for CLOCK_MONOTONIC
-- Looking for CLOCK_MONOTONIC - found
-- summary of build options:

    Package version: 1.64.0
    Library version: 42:3:28
    Install prefix:  /workspaces/.riftengine/WebkitWasm/third_party/wasm-sysroot
    Target system:   Emscripten
    Compiler:
      Build type:     Release
      C compiler:     /workspaces/.riftengine/WebkitWasm/third_party/emsdk/upstream/emscripten/emcc
      CFLAGS:         -O3  -O2 -pthread
      C++ compiler:   /workspaces/.riftengine/WebkitWasm/third_party/emsdk/upstream/emscripten/em++
      CXXFLAGS:        
      WARNCFLAGS:       -Wextra -Wall -Wconversion -Winline -Wmissing-declarations -Wmissing-prototypes -Wnested-externs -Wpointer-arith -Wshadow -Wundef -Wwrite-strings -Waddress -Wattributes -Wcast-align -Wdeclaration-after-statement -Wdiv-by-zero -Wempty-body -Wendif-labels -Wfloat-equal -Wformat-nonliteral -Wformat-security -Wmissing-field-initializers -Wmissing-noreturn -Wno-format-nonliteral -Wredundant-decls -Wsign-conversion -Wstrict-prototypes -Wunreachable-code -Wunused-parameter -Wvla -Wshorten-64-to-32 -Wlanguage-extension-token -Wpragmas -Wunreachable-code-break -Wheader-guard -Wmissing-variable-declarations
      CXX1XCXXFLAGS:  
      WARNCXXFLAGS:     -Wall -Wformat-security
    Python:
      Python:          /usr/bin/python3
      Python3_VERSION: 3.12.3
    Test:
      Failmalloc:     ON
      Build Test:     ON
    Libs:
      OpenSSL:        TRUE (LIBS='')
      wolfSSL:         (LIBS='')
      Libxml2:        TRUE (LIBS='/workspaces/.riftengine/WebkitWasm/third_party/wasm-sysroot/lib/libxml2.a')
      Libev:           (LIBS='')
      Libc-ares:       (LIBS='')
      Libngtcp2:       (LIBS='')
      Libngtcp2_crypto_quictls:  (LIBS='')
      Libngtcp2_crypto_wolfssl:  (LIBS='')
      Libnghttp3:      (LIBS='')
      Libbpf:          (LIBS='')
      Libevent(SSL):  FALSE (LIBS='')
      Jansson:        FALSE (LIBS='')
      Jemalloc:       FALSE (LIBS='')
      Zlib:            (LIBS='')
      Systemd:        FALSE (LIBS='SYSTEMD_LIBRARIES-NOTFOUND')
      Libbrotlienc:    (LIBS='')
      Libbrotlidec:    (LIBS='')
    Third-party:
      http-parser:    
      MRuby:          0
      Neverbleed:     0
    Features:
      Applications:   OFF
      HPACK tools:    OFF
      Examples:       OFF
      Threading:      ON
      HTTP/3(EXPERIMENTAL): OFF

-- Configuring done (32.4s)
-- Generating done (0.0s)
-- Build files have been written to: /workspaces/.riftengine/WebkitWasm/third_party/build-deps/nghttp2-build

===== third_party/build-deps/openssl-build.log =====
install ./include/openssl/core_dispatch.h -> /workspaces/.riftengine/WebkitWasm/third_party/wasm-sysroot/include/openssl/core_dispatch.h
install ./include/openssl/core_names.h -> /workspaces/.riftengine/WebkitWasm/third_party/wasm-sysroot/include/openssl/core_names.h
install ./include/openssl/core_object.h -> /workspaces/.riftengine/WebkitWasm/third_party/wasm-sysroot/include/openssl/core_object.h
install ./include/openssl/crmf.h -> /workspaces/.riftengine/WebkitWasm/third_party/wasm-sysroot/include/openssl/crmf.h
install ./include/openssl/crmferr.h -> /workspaces/.riftengine/WebkitWasm/third_party/wasm-sysroot/include/openssl/crmferr.h
install ./include/openssl/crypto.h -> /workspaces/.riftengine/WebkitWasm/third_party/wasm-sysroot/include/openssl/crypto.h
install ./include/openssl/cryptoerr.h -> /workspaces/.riftengine/WebkitWasm/third_party/wasm-sysroot/include/openssl/cryptoerr.h
install ./include/openssl/cryptoerr_legacy.h -> /workspaces/.riftengine/WebkitWasm/third_party/wasm-sysroot/include/openssl/cryptoerr_legacy.h
install ./include/openssl/ct.h -> /workspaces/.riftengine/WebkitWasm/third_party/wasm-sysroot/include/openssl/ct.h
install ./include/openssl/cterr.h -> /workspaces/.riftengine/WebkitWasm/third_party/wasm-sysroot/include/openssl/cterr.h
install ./include/openssl/decoder.h -> /workspaces/.riftengine/WebkitWasm/third_party/wasm-sysroot/include/openssl/decoder.h
install ./include/openssl/decodererr.h -> /workspaces/.riftengine/WebkitWasm/third_party/wasm-sysroot/include/openssl/decodererr.h
install ./include/openssl/des.h -> /workspaces/.riftengine/WebkitWasm/third_party/wasm-sysroot/include/openssl/des.h
install ./include/openssl/dh.h -> /workspaces/.riftengine/WebkitWasm/third_party/wasm-sysroot/include/openssl/dh.h
install ./include/openssl/dherr.h -> /workspaces/.riftengine/WebkitWasm/third_party/wasm-sysroot/include/openssl/dherr.h
install ./include/openssl/dsa.h -> /workspaces/.riftengine/WebkitWasm/third_party/wasm-sysroot/include/openssl/dsa.h
install ./include/openssl/dsaerr.h -> /workspaces/.riftengine/WebkitWasm/third_party/wasm-sysroot/include/openssl/dsaerr.h
install ./include/openssl/dtls1.h -> /workspaces/.riftengine/WebkitWasm/third_party/wasm-sysroot/include/openssl/dtls1.h
install ./include/openssl/e_os2.h -> /workspaces/.riftengine/WebkitWasm/third_party/wasm-sysroot/include/openssl/e_os2.h
install ./include/openssl/e_ostime.h -> /workspaces/.riftengine/WebkitWasm/third_party/wasm-sysroot/include/openssl/e_ostime.h
install ./include/openssl/ebcdic.h -> /workspaces/.riftengine/WebkitWasm/third_party/wasm-sysroot/include/openssl/ebcdic.h
install ./include/openssl/ec.h -> /workspaces/.riftengine/WebkitWasm/third_party/wasm-sysroot/include/openssl/ec.h
install ./include/openssl/ecdh.h -> /workspaces/.riftengine/WebkitWasm/third_party/wasm-sysroot/include/openssl/ecdh.h
install ./include/openssl/ecdsa.h -> /workspaces/.riftengine/WebkitWasm/third_party/wasm-sysroot/include/openssl/ecdsa.h
install ./include/openssl/ecerr.h -> /workspaces/.riftengine/WebkitWasm/third_party/wasm-sysroot/include/openssl/ecerr.h
install ./include/openssl/encoder.h -> /workspaces/.riftengine/WebkitWasm/third_party/wasm-sysroot/include/openssl/encoder.h
install ./include/openssl/encodererr.h -> /workspaces/.riftengine/WebkitWasm/third_party/wasm-sysroot/include/openssl/encodererr.h
install ./include/openssl/engine.h -> /workspaces/.riftengine/WebkitWasm/third_party/wasm-sysroot/include/openssl/engine.h
install ./include/openssl/engineerr.h -> /workspaces/.riftengine/WebkitWasm/third_party/wasm-sysroot/include/openssl/engineerr.h
install ./include/openssl/err.h -> /workspaces/.riftengine/WebkitWasm/third_party/wasm-sysroot/include/openssl/err.h
install ./include/openssl/ess.h -> /workspaces/.riftengine/WebkitWasm/third_party/wasm-sysroot/include/openssl/ess.h
install ./include/openssl/esserr.h -> /workspaces/.riftengine/WebkitWasm/third_party/wasm-sysroot/include/openssl/esserr.h
install ./include/openssl/evp.h -> /workspaces/.riftengine/WebkitWasm/third_party/wasm-sysroot/include/openssl/evp.h
install ./include/openssl/evperr.h -> /workspaces/.riftengine/WebkitWasm/third_party/wasm-sysroot/include/openssl/evperr.h
install ./include/openssl/fips_names.h -> /workspaces/.riftengine/WebkitWasm/third_party/wasm-sysroot/include/openssl/fips_names.h
install ./include/openssl/fipskey.h -> /workspaces/.riftengine/WebkitWasm/third_party/wasm-sysroot/include/openssl/fipskey.h
install ./include/openssl/hmac.h -> /workspaces/.riftengine/WebkitWasm/third_party/wasm-sysroot/include/openssl/hmac.h
install ./include/openssl/hpke.h -> /workspaces/.riftengine/WebkitWasm/third_party/wasm-sysroot/include/openssl/hpke.h
install ./include/openssl/http.h -> /workspaces/.riftengine/WebkitWasm/third_party/wasm-sysroot/include/openssl/http.h
install ./include/openssl/httperr.h -> /workspaces/.riftengine/WebkitWasm/third_party/wasm-sysroot/include/openssl/httperr.h
install ./include/openssl/idea.h -> /workspaces/.riftengine/WebkitWasm/third_party/wasm-sysroot/include/openssl/idea.h
install ./include/openssl/indicator.h -> /workspaces/.riftengine/WebkitWasm/third_party/wasm-sysroot/include/openssl/indicator.h
install ./include/openssl/kdf.h -> /workspaces/.riftengine/WebkitWasm/third_party/wasm-sysroot/include/openssl/kdf.h
install ./include/openssl/kdferr.h -> /workspaces/.riftengine/WebkitWasm/third_party/wasm-sysroot/include/openssl/kdferr.h
install ./include/openssl/lhash.h -> /workspaces/.riftengine/WebkitWasm/third_party/wasm-sysroot/include/openssl/lhash.h
install ./include/openssl/macros.h -> /workspaces/.riftengine/WebkitWasm/third_party/wasm-sysroot/include/openssl/macros.h
install ./include/openssl/md2.h -> /workspaces/.riftengine/WebkitWasm/third_party/wasm-sysroot/include/openssl/md2.h
install ./include/openssl/md4.h -> /workspaces/.riftengine/WebkitWasm/third_party/wasm-sysroot/include/openssl/md4.h
install ./include/openssl/md5.h -> /workspaces/.riftengine/WebkitWasm/third_party/wasm-sysroot/include/openssl/md5.h
install ./include/openssl/mdc2.h -> /workspaces/.riftengine/WebkitWasm/third_party/wasm-sysroot/include/openssl/mdc2.h
install ./include/openssl/ml_kem.h -> /workspaces/.riftengine/WebkitWasm/third_party/wasm-sysroot/include/openssl/ml_kem.h
install ./include/openssl/modes.h -> /workspaces/.riftengine/WebkitWasm/third_party/wasm-sysroot/include/openssl/modes.h
install ./include/openssl/obj_mac.h -> /workspaces/.riftengine/WebkitWasm/third_party/wasm-sysroot/include/openssl/obj_mac.h
install ./include/openssl/objects.h -> /workspaces/.riftengine/WebkitWasm/third_party/wasm-sysroot/include/openssl/objects.h
install ./include/openssl/objectserr.h -> /workspaces/.riftengine/WebkitWasm/third_party/wasm-sysroot/include/openssl/objectserr.h
install ./include/openssl/ocsp.h -> /workspaces/.riftengine/WebkitWasm/third_party/wasm-sysroot/include/openssl/ocsp.h
install ./include/openssl/ocsperr.h -> /workspaces/.riftengine/WebkitWasm/third_party/wasm-sysroot/include/openssl/ocsperr.h
install ./include/openssl/opensslconf.h -> /workspaces/.riftengine/WebkitWasm/third_party/wasm-sysroot/include/openssl/opensslconf.h
install ./include/openssl/opensslv.h -> /workspaces/.riftengine/WebkitWasm/third_party/wasm-sysroot/include/openssl/opensslv.h
install ./include/openssl/ossl_typ.h -> /workspaces/.riftengine/WebkitWasm/third_party/wasm-sysroot/include/openssl/ossl_typ.h
install ./include/openssl/param_build.h -> /workspaces/.riftengine/WebkitWasm/third_party/wasm-sysroot/include/openssl/param_build.h
install ./include/openssl/params.h -> /workspaces/.riftengine/WebkitWasm/third_party/wasm-sysroot/include/openssl/params.h
install ./include/openssl/pem.h -> /workspaces/.riftengine/WebkitWasm/third_party/wasm-sysroot/include/openssl/pem.h
install ./include/openssl/pem2.h -> /workspaces/.riftengine/WebkitWasm/third_party/wasm-sysroot/include/openssl/pem2.h
install ./include/openssl/pemerr.h -> /workspaces/.riftengine/WebkitWasm/third_party/wasm-sysroot/include/openssl/pemerr.h
install ./include/openssl/pkcs12.h -> /workspaces/.riftengine/WebkitWasm/third_party/wasm-sysroot/include/openssl/pkcs12.h
install ./include/openssl/pkcs12err.h -> /workspaces/.riftengine/WebkitWasm/third_party/wasm-sysroot/include/openssl/pkcs12err.h
install ./include/openssl/pkcs7.h -> /workspaces/.riftengine/WebkitWasm/third_party/wasm-sysroot/include/openssl/pkcs7.h
install ./include/openssl/pkcs7err.h -> /workspaces/.riftengine/WebkitWasm/third_party/wasm-sysroot/include/openssl/pkcs7err.h
install ./include/openssl/prov_ssl.h -> /workspaces/.riftengine/WebkitWasm/third_party/wasm-sysroot/include/openssl/prov_ssl.h
install ./include/openssl/proverr.h -> /workspaces/.riftengine/WebkitWasm/third_party/wasm-sysroot/include/openssl/proverr.h
install ./include/openssl/provider.h -> /workspaces/.riftengine/WebkitWasm/third_party/wasm-sysroot/include/openssl/provider.h
install ./include/openssl/quic.h -> /workspaces/.riftengine/WebkitWasm/third_party/wasm-sysroot/include/openssl/quic.h
install ./include/openssl/rand.h -> /workspaces/.riftengine/WebkitWasm/third_party/wasm-sysroot/include/openssl/rand.h
install ./include/openssl/randerr.h -> /workspaces/.riftengine/WebkitWasm/third_party/wasm-sysroot/include/openssl/randerr.h
install ./include/openssl/rc2.h -> /workspaces/.riftengine/WebkitWasm/third_party/wasm-sysroot/include/openssl/rc2.h
install ./include/openssl/rc4.h -> /workspaces/.riftengine/WebkitWasm/third_party/wasm-sysroot/include/openssl/rc4.h
install ./include/openssl/rc5.h -> /workspaces/.riftengine/WebkitWasm/third_party/wasm-sysroot/include/openssl/rc5.h
install ./include/openssl/ripemd.h -> /workspaces/.riftengine/WebkitWasm/third_party/wasm-sysroot/include/openssl/ripemd.h
install ./include/openssl/rsa.h -> /workspaces/.riftengine/WebkitWasm/third_party/wasm-sysroot/include/openssl/rsa.h
install ./include/openssl/rsaerr.h -> /workspaces/.riftengine/WebkitWasm/third_party/wasm-sysroot/include/openssl/rsaerr.h
install ./include/openssl/safestack.h -> /workspaces/.riftengine/WebkitWasm/third_party/wasm-sysroot/include/openssl/safestack.h
install ./include/openssl/seed.h -> /workspaces/.riftengine/WebkitWasm/third_party/wasm-sysroot/include/openssl/seed.h
install ./include/openssl/self_test.h -> /workspaces/.riftengine/WebkitWasm/third_party/wasm-sysroot/include/openssl/self_test.h
install ./include/openssl/sha.h -> /workspaces/.riftengine/WebkitWasm/third_party/wasm-sysroot/include/openssl/sha.h
install ./include/openssl/srp.h -> /workspaces/.riftengine/WebkitWasm/third_party/wasm-sysroot/include/openssl/srp.h
install ./include/openssl/srtp.h -> /workspaces/.riftengine/WebkitWasm/third_party/wasm-sysroot/include/openssl/srtp.h
install ./include/openssl/ssl.h -> /workspaces/.riftengine/WebkitWasm/third_party/wasm-sysroot/include/openssl/ssl.h
install ./include/openssl/ssl2.h -> /workspaces/.riftengine/WebkitWasm/third_party/wasm-sysroot/include/openssl/ssl2.h
install ./include/openssl/ssl3.h -> /workspaces/.riftengine/WebkitWasm/third_party/wasm-sysroot/include/openssl/ssl3.h
install ./include/openssl/sslerr.h -> /workspaces/.riftengine/WebkitWasm/third_party/wasm-sysroot/include/openssl/sslerr.h
install ./include/openssl/sslerr_legacy.h -> /workspaces/.riftengine/WebkitWasm/third_party/wasm-sysroot/include/openssl/sslerr_legacy.h
install ./include/openssl/stack.h -> /workspaces/.riftengine/WebkitWasm/third_party/wasm-sysroot/include/openssl/stack.h
install ./include/openssl/store.h -> /workspaces/.riftengine/WebkitWasm/third_party/wasm-sysroot/include/openssl/store.h
install ./include/openssl/storeerr.h -> /workspaces/.riftengine/WebkitWasm/third_party/wasm-sysroot/include/openssl/storeerr.h
install ./include/openssl/symhacks.h -> /workspaces/.riftengine/WebkitWasm/third_party/wasm-sysroot/include/openssl/symhacks.h
install ./include/openssl/thread.h -> /workspaces/.riftengine/WebkitWasm/third_party/wasm-sysroot/include/openssl/thread.h
install ./include/openssl/tls1.h -> /workspaces/.riftengine/WebkitWasm/third_party/wasm-sysroot/include/openssl/tls1.h
install ./include/openssl/trace.h -> /workspaces/.riftengine/WebkitWasm/third_party/wasm-sysroot/include/openssl/trace.h
install ./include/openssl/ts.h -> /workspaces/.riftengine/WebkitWasm/third_party/wasm-sysroot/include/openssl/ts.h
install ./include/openssl/tserr.h -> /workspaces/.riftengine/WebkitWasm/third_party/wasm-sysroot/include/openssl/tserr.h
install ./include/openssl/txt_db.h -> /workspaces/.riftengine/WebkitWasm/third_party/wasm-sysroot/include/openssl/txt_db.h
install ./include/openssl/types.h -> /workspaces/.riftengine/WebkitWasm/third_party/wasm-sysroot/include/openssl/types.h
install ./include/openssl/ui.h -> /workspaces/.riftengine/WebkitWasm/third_party/wasm-sysroot/include/openssl/ui.h
install ./include/openssl/uierr.h -> /workspaces/.riftengine/WebkitWasm/third_party/wasm-sysroot/include/openssl/uierr.h
install ./include/openssl/whrlpool.h -> /workspaces/.riftengine/WebkitWasm/third_party/wasm-sysroot/include/openssl/whrlpool.h
install ./include/openssl/x509.h -> /workspaces/.riftengine/WebkitWasm/third_party/wasm-sysroot/include/openssl/x509.h
install ./include/openssl/x509_acert.h -> /workspaces/.riftengine/WebkitWasm/third_party/wasm-sysroot/include/openssl/x509_acert.h
install ./include/openssl/x509_vfy.h -> /workspaces/.riftengine/WebkitWasm/third_party/wasm-sysroot/include/openssl/x509_vfy.h
install ./include/openssl/x509err.h -> /workspaces/.riftengine/WebkitWasm/third_party/wasm-sysroot/include/openssl/x509err.h
install ./include/openssl/x509v3.h -> /workspaces/.riftengine/WebkitWasm/third_party/wasm-sysroot/include/openssl/x509v3.h
install ./include/openssl/x509v3err.h -> /workspaces/.riftengine/WebkitWasm/third_party/wasm-sysroot/include/openssl/x509v3err.h
install libcrypto.a -> /workspaces/.riftengine/WebkitWasm/third_party/wasm-sysroot/lib/libcrypto.a
install libssl.a -> /workspaces/.riftengine/WebkitWasm/third_party/wasm-sysroot/lib/libssl.a
install exporters/libcrypto.pc -> /workspaces/.riftengine/WebkitWasm/third_party/wasm-sysroot/lib/pkgconfig/libcrypto.pc
install exporters/libssl.pc -> /workspaces/.riftengine/WebkitWasm/third_party/wasm-sysroot/lib/pkgconfig/libssl.pc
install exporters/openssl.pc -> /workspaces/.riftengine/WebkitWasm/third_party/wasm-sysroot/lib/pkgconfig/openssl.pc
created directory `/workspaces/.riftengine/WebkitWasm/third_party/wasm-sysroot/lib/cmake/OpenSSL'
install exporters/OpenSSLConfig.cmake -> /workspaces/.riftengine/WebkitWasm/third_party/wasm-sysroot/lib/cmake/OpenSSL/OpenSSLConfig.cmake
install exporters/OpenSSLConfigVersion.cmake -> /workspaces/.riftengine/WebkitWasm/third_party/wasm-sysroot/lib/cmake/OpenSSL/OpenSSLConfigVersion.cmake

===== third_party/build-deps/openssl-configure.log =====
emconfigure: ./Configure linux-generic32 no-asm no-engine no-afalgeng no-hw no-dso no-shared no-async no-tests no-apps no-docs threads --prefix=/workspaces/.riftengine/WebkitWasm/third_party/wasm-sysroot --libdir=lib --openssldir=/etc/ssl -O2 -pthread in directory /workspaces/.riftengine/WebkitWasm/third_party/build-deps/openssl
***** Deprecated options: no-hw
Configuring OpenSSL version 3.5.0 for target linux-generic32
Using os-specific seed configuration
Created configdata.pm
Running configdata.pm
Created Makefile.in
Created Makefile
Created include/openssl/configuration.h

**********************************************************************
***                                                                ***
***   OpenSSL has been successfully configured                     ***
***                                                                ***
***   If you encounter a problem while building, please open an    ***
***   issue on GitHub <https://github.com/openssl/openssl/issues>  ***
***   and include the output from the following command:           ***
***                                                                ***
***       perl configdata.pm --dump                                ***
***                                                                ***
***   (If you are new to OpenSSL, you might want to consult the    ***
***   'Troubleshooting' section in the INSTALL.md file first)      ***
***                                                                ***
**********************************************************************

===== third_party/build-deps/zlib-build-build.log =====
ninja: Entering directory `zlib-build'
[1/34] Building C object CMakeFiles/zlib.dir/gzclose.c.o
[2/34] Building C object CMakeFiles/zlib.dir/compress.c.o
[3/34] Building C object CMakeFiles/zlib.dir/adler32.c.o
[4/34] Building C object CMakeFiles/zlib.dir/crc32.c.o
[5/34] Building C object CMakeFiles/zlib.dir/gzlib.c.o
[6/34] Building C object CMakeFiles/zlib.dir/gzread.c.o
[7/34] Building C object CMakeFiles/zlib.dir/deflate.c.o
[8/34] Building C object CMakeFiles/zlib.dir/gzwrite.c.o
[9/34] Building C object CMakeFiles/zlib.dir/inftrees.c.o
[10/34] Building C object CMakeFiles/zlib.dir/inffast.c.o
[11/34] Building C object CMakeFiles/zlib.dir/uncompr.c.o
[12/34] Building C object CMakeFiles/zlib.dir/infback.c.o
[13/34] Building C object CMakeFiles/zlib.dir/zutil.c.o
[14/34] Building C object CMakeFiles/zlib.dir/inflate.c.o
[15/34] Building C object CMakeFiles/zlib.dir/trees.c.o
[16/34] Building C object CMakeFiles/zlibstatic.dir/compress.c.o
[17/34] Building C object CMakeFiles/zlibstatic.dir/adler32.c.o
[18/34] Building C object CMakeFiles/zlibstatic.dir/gzclose.c.o
[19/34] Building C object CMakeFiles/zlibstatic.dir/crc32.c.o
[20/34] Building C object CMakeFiles/zlibstatic.dir/gzread.c.o
[21/34] Building C object CMakeFiles/zlibstatic.dir/gzlib.c.o
[22/34] Building C object CMakeFiles/zlibstatic.dir/gzwrite.c.o
[23/34] Building C object CMakeFiles/zlibstatic.dir/deflate.c.o
[24/34] Building C object CMakeFiles/zlibstatic.dir/inffast.c.o
[25/34] Building C object CMakeFiles/zlibstatic.dir/inftrees.c.o
[26/34] Building C object CMakeFiles/zlibstatic.dir/infback.c.o
[27/34] Linking C shared library libz.so.1.3.1
emcc: warning: ignoring unsupported linker flag: `--version-script` [-Wlinkflags]
cache:INFO: generating system asset: sysroot/lib/wasm32-emscripten/pic/crtbegin-mt.o... (this will be cached in "/workspaces/.riftengine/WebkitWasm/third_party/emsdk/upstream/emscripten/cache/sysroot/lib/wasm32-emscripten/pic/crtbegin-mt.o" for subsequent builds)
system_libs:INFO: compiled 1 inputs in 0.37s
cache:INFO:  - ok
[28/34] Building C object CMakeFiles/zlibstatic.dir/uncompr.c.o
[29/34] Creating library symlink libz.so.1 libz.so
[30/34] Building C object CMakeFiles/zlibstatic.dir/trees.c.o
[31/34] Building C object CMakeFiles/zlibstatic.dir/inflate.c.o
[32/34] Building C object CMakeFiles/zlibstatic.dir/zutil.c.o
[33/34] Linking C static library libz.a
[33/34] Install the project...
-- Install configuration: "Release"
-- Installing: /workspaces/.riftengine/WebkitWasm/third_party/wasm-sysroot/lib/libz.so.1.3.1
-- Installing: /workspaces/.riftengine/WebkitWasm/third_party/wasm-sysroot/lib/libz.so.1
-- Installing: /workspaces/.riftengine/WebkitWasm/third_party/wasm-sysroot/lib/libz.so
-- Installing: /workspaces/.riftengine/WebkitWasm/third_party/wasm-sysroot/lib/libz.a
-- Installing: /workspaces/.riftengine/WebkitWasm/third_party/wasm-sysroot/include/zconf.h
-- Installing: /workspaces/.riftengine/WebkitWasm/third_party/wasm-sysroot/include/zlib.h
-- Installing: /workspaces/.riftengine/WebkitWasm/third_party/wasm-sysroot/share/man/man3/zlib.3
-- Installing: /workspaces/.riftengine/WebkitWasm/third_party/wasm-sysroot/share/pkgconfig/zlib.pc

===== third_party/build-deps/zlib-build/CMakeFiles/CMakeOutput.log =====
Determining size of off64_t passed with the following output:
Change Dir: '/workspaces/.riftengine/WebkitWasm/third_party/build-deps/zlib-build/CMakeFiles/CMakeTmp'

Run Build Command(s): /usr/bin/ninja -v cmTC_ac524
[1/2] /workspaces/.riftengine/WebkitWasm/third_party/emsdk/upstream/emscripten/emcc -DHAVE_STDDEF_H -DHAVE_STDINT_H -DHAVE_SYS_TYPES_H -D_LARGEFILE64_SOURCE=1  -O2 -pthread -MD -MT CMakeFiles/cmTC_ac524.dir/OFF64_T.c.o -MF CMakeFiles/cmTC_ac524.dir/OFF64_T.c.o.d -o CMakeFiles/cmTC_ac524.dir/OFF64_T.c.o -c /workspaces/.riftengine/WebkitWasm/third_party/build-deps/zlib-build/CMakeFiles/CheckTypeSize/OFF64_T.c
[2/2] : && /workspaces/.riftengine/WebkitWasm/third_party/emsdk/upstream/emscripten/emcc -O2 -pthread  CMakeFiles/cmTC_ac524.dir/OFF64_T.c.o -o cmTC_ac524.js  --oformat=wasm  -sWASM=1 && :




===== third_party/build-deps/zlib-build-configure.log =====
emcmake: cmake -S zlib -B zlib-build -GNinja -DCMAKE_BUILD_TYPE=Release -DCMAKE_INSTALL_PREFIX=/workspaces/.riftengine/WebkitWasm/third_party/wasm-sysroot -DCMAKE_FIND_ROOT_PATH=/workspaces/.riftengine/WebkitWasm/third_party/wasm-sysroot -DBUILD_SHARED_LIBS=OFF -DZLIB_BUILD_EXAMPLES=OFF -DCMAKE_TOOLCHAIN_FILE=/workspaces/.riftengine/WebkitWasm/third_party/emsdk/upstream/emscripten/cmake/Modules/Platform/Emscripten.cmake -DCMAKE_CROSSCOMPILING_EMULATOR=/workspaces/.riftengine/WebkitWasm/third_party/emsdk/node/24.19.0_64bit/bin/node in directory /workspaces/.riftengine/WebkitWasm/third_party/build-deps
-- Looking for sys/types.h
-- Looking for sys/types.h - found
-- Looking for stdint.h
-- Looking for stdint.h - found
-- Looking for stddef.h
-- Looking for stddef.h - found
-- Check size of off64_t
-- Check size of off64_t - done
-- Looking for fseeko
-- Looking for fseeko - found
-- Looking for unistd.h
-- Looking for unistd.h - found
-- Renaming
--     /workspaces/.riftengine/WebkitWasm/third_party/build-deps/zlib/zconf.h
-- to 'zconf.h.included' because this file is included with zlib
-- but CMake generates it automatically in the build directory.
-- Configuring done (8.4s)
-- Generating done (0.0s)
-- Build files have been written to: /workspaces/.riftengine/WebkitWasm/third_party/build-deps/zlib-build

=== RiftEngine build started: 2026-08-29T11:58:01+00:00 ===
profile=iphone-single-thread pthread=0 jobs=2
root=/workspaces/.riftengine/WebkitWasm
log=/workspaces/.riftengine/riftengine-build.log
[riftengine] already patched: tools/build-deps/webcore-deps.sh
[riftengine] patched: tools/build-deps/curl-tier.sh
[riftengine] compatibility layer applied successfully
=== Bootstrap pinned WebKit/Emscripten/dependencies ===
==> checking host prerequisites
==> pinning WebKit @ aec9d2ad95
    port patch already applied (or needs manual reconcile — see BUILD.md)
==> installing + activating Emscripten 6.0.0
Resolving SDK version '6.0.0' to 'sdk-releases-772bb4648be4a897ca062d6adc65bc70223d2703-64bit'
Installing SDK 'sdk-releases-772bb4648be4a897ca062d6adc65bc70223d2703-64bit'..
Skipped installing node-24.19.0-64bit, already installed.
Skipped installing releases-772bb4648be4a897ca062d6adc65bc70223d2703-64bit, already installed.
All SDK components already installed: 'sdk-releases-772bb4648be4a897ca062d6adc65bc70223d2703-64bit'.
Resolving SDK version '6.0.0' to 'sdk-releases-772bb4648be4a897ca062d6adc65bc70223d2703-64bit'
Setting the following tools as active:
   node-24.19.0-64bit
   releases-772bb4648be4a897ca062d6adc65bc70223d2703-64bit

Next steps:
- To conveniently access emsdk tools from the command line,
  consider adding the following directories to your PATH:
    /workspaces/.riftengine/WebkitWasm/third_party/emsdk
    /workspaces/.riftengine/WebkitWasm/third_party/emsdk/upstream/emscripten
- This can be done for the current shell by running:
    source "/workspaces/.riftengine/WebkitWasm/third_party/emsdk/emsdk_env.sh"
- Configure emsdk in your shell startup scripts by running:
    echo 'source "/workspaces/.riftengine/WebkitWasm/third_party/emsdk/emsdk_env.sh"' >> $HOME/.bash_profile
==> building wasm deps  (icu -> webcore-deps -> curl-tier; each idempotent)
=== stage: fetch ===
=== stage: host build (tools for cross-compile) ===
=== stage: wasm build ===
=== done ===
drwxrwxrwx+ 3 vscode vscode    4096 Aug 29 11:58 icu
-rw-r--r--  1 vscode vscode    4042 Aug 29 02:50 libharfbuzz-icu.a
-rwxr-xr-x  1 vscode vscode     626 Aug 29 11:58 libicudata.a
-rwxr-xr-x  1 vscode vscode 4799802 Aug 29 11:58 libicui18n.a
-rwxr-xr-x  1 vscode vscode   53192 Aug 29 11:58 libicuio.a
-rwxr-xr-x  1 vscode vscode 2686602 Aug 29 11:58 libicuuc.a
ICU release-77-1 installed to /workspaces/.riftengine/WebkitWasm/third_party/wasm-sysroot
=== zlib ===
=== libpng ===
=== libjpeg-turbo ===
=== libwebp ===
=== brotli prebuild for freetype WOFF2 ===
=== freetype (no harfbuzz first pass) ===
=== harfbuzz ===
=== libxml2 ===
=== sqlite3 ===
=== DONE — sysroot contents ===
cmake
icu
libbrotlicommon.a
libbrotlidec.a
libbrotlienc.a
libcrypto.a
libcurl.a
libcurl.la
libfreetype.a
libharfbuzz.a
libharfbuzz-icu.a
libharfbuzz-subset.a
libicudata.a
libicui18n.a
libicuio.a
libicuuc.a
libjpeg.a
libnghttp2.a
libpng
libpng16.a
libpng.a
libpsl.a
libpsl.la
libsharpyuv.a
libsqlite3.a
libssl.a
libwebp.a
libwebpdecoder.a
libwebpdemux.a
libwebpmux.a
libxml2.a
libz.a
pkgconfig
=== OpenSSL ===
=== nghttp2 ===
=== brotli ===
=== libpsl ===
=== curl ===
=== zlib.pc shim ===
=== fontconfig ===
=== DONE — sysroot contents ===
cmake
icu
libbrotlicommon.a
libbrotlidec.a
libbrotlienc.a
libcrypto.a
libcurl.a
libcurl.la
libfontconfig.a
libfontconfig.la
libfreetype.a
libharfbuzz.a
libharfbuzz-icu.a
libharfbuzz-subset.a
libicudata.a
libicui18n.a
libicuio.a
libicuuc.a
libjpeg.a
libnghttp2.a
libpng
libpng16.a
libpng.a
libpsl.a
libpsl.la
libsharpyuv.a
libsqlite3.a
libssl.a
libwebp.a
libwebpdecoder.a
libwebpdemux.a
libwebpmux.a
libxml2.a
libz.a
pkgconfig

==> bootstrap complete. third_party/ is ready:
      WebKit  @ aec9d2ad95 (+ port patch)
      emsdk   Emscripten 6.0.0
      sysroot 28 static libs

Next — build the engine:
      bash tools/build-webcore.sh                  # main branch: pthread GPU
      BIB_PTHREAD=0 bash tools/build-webcore.sh    # non-pthread branch default: main-thread GPU
Then serve + open: see BUILD.md

added 8 packages, and audited 9 packages in 2s

found 0 vulnerabilities
npm notice
npm notice New major version of npm available! 10.9.8 -> 12.0.2
npm notice Changelog: https://github.com/npm/cli/releases/tag/v12.0.2
npm notice To update run: npm install -g npm@12.0.2
npm notice
=== Build RiftEngine WebCore/WASM ===
cp: cannot stat '/usr/share/fonts/truetype/dejavu/DejaVuSans.ttf': No such file or directory

FAILED: RiftEngine build exited with code 1

=== Recent dependency/build logs ===

===== third_party/build-deps/fontconfig-build.log =====
make[2]: Entering directory '/workspaces/.riftengine/WebkitWasm/third_party/build-deps/fontconfig/fc-scan'
 /usr/bin/mkdir -p '/workspaces/.riftengine/WebkitWasm/third_party/build-deps/fontconfig-dest/workspaces/.riftengine/WebkitWasm/third_party/wasm-sysroot/bin'
  /bin/bash ../libtool   --mode=install /usr/bin/install -c fc-scan '/workspaces/.riftengine/WebkitWasm/third_party/build-deps/fontconfig-dest/workspaces/.riftengine/WebkitWasm/third_party/wasm-sysroot/bin'
libtool: install: /usr/bin/install -c fc-scan /workspaces/.riftengine/WebkitWasm/third_party/build-deps/fontconfig-dest/workspaces/.riftengine/WebkitWasm/third_party/wasm-sysroot/bin/fc-scan
make[2]: Leaving directory '/workspaces/.riftengine/WebkitWasm/third_party/build-deps/fontconfig/fc-scan'
make[1]: Leaving directory '/workspaces/.riftengine/WebkitWasm/third_party/build-deps/fontconfig/fc-scan'
Making install in fc-validate
make[1]: Entering directory '/workspaces/.riftengine/WebkitWasm/third_party/build-deps/fontconfig/fc-validate'
make[2]: Entering directory '/workspaces/.riftengine/WebkitWasm/third_party/build-deps/fontconfig/fc-validate'
 /usr/bin/mkdir -p '/workspaces/.riftengine/WebkitWasm/third_party/build-deps/fontconfig-dest/workspaces/.riftengine/WebkitWasm/third_party/wasm-sysroot/bin'
  /bin/bash ../libtool   --mode=install /usr/bin/install -c fc-validate '/workspaces/.riftengine/WebkitWasm/third_party/build-deps/fontconfig-dest/workspaces/.riftengine/WebkitWasm/third_party/wasm-sysroot/bin'
libtool: install: /usr/bin/install -c fc-validate /workspaces/.riftengine/WebkitWasm/third_party/build-deps/fontconfig-dest/workspaces/.riftengine/WebkitWasm/third_party/wasm-sysroot/bin/fc-validate
make[2]: Leaving directory '/workspaces/.riftengine/WebkitWasm/third_party/build-deps/fontconfig/fc-validate'
make[1]: Leaving directory '/workspaces/.riftengine/WebkitWasm/third_party/build-deps/fontconfig/fc-validate'
Making install in conf.d
make[1]: Entering directory '/workspaces/.riftengine/WebkitWasm/third_party/build-deps/fontconfig/conf.d'
make  install-am
make[2]: Entering directory '/workspaces/.riftengine/WebkitWasm/third_party/build-deps/fontconfig/conf.d'
make[3]: Entering directory '/workspaces/.riftengine/WebkitWasm/third_party/build-deps/fontconfig/conf.d'
make[3]: Nothing to be done for 'install-exec-am'.
 /usr/bin/mkdir -p '/workspaces/.riftengine/WebkitWasm/third_party/build-deps/fontconfig-dest/etc/fonts/conf.d'
 /usr/bin/install -c -m 644 README '/workspaces/.riftengine/WebkitWasm/third_party/build-deps/fontconfig-dest/etc/fonts/conf.d'
 /usr/bin/mkdir -p '/workspaces/.riftengine/WebkitWasm/third_party/build-deps/fontconfig-dest/workspaces/.riftengine/WebkitWasm/third_party/wasm-sysroot/share/fontconfig/conf.avail'
 /usr/bin/install -c -m 644 05-reset-dirs-sample.conf 09-autohint-if-no-hinting.conf 10-autohint.conf 10-hinting-full.conf 10-hinting-medium.conf 10-hinting-none.conf 10-hinting-slight.conf 10-no-antialias.conf 10-scale-bitmap-fonts.conf 10-sub-pixel-bgr.conf 10-sub-pixel-none.conf 10-sub-pixel-rgb.conf 10-sub-pixel-vbgr.conf 10-sub-pixel-vrgb.conf 10-unhinted.conf 10-yes-antialias.conf 11-lcdfilter-default.conf 11-lcdfilter-legacy.conf 11-lcdfilter-light.conf 11-lcdfilter-none.conf 20-unhint-small-vera.conf 25-unhint-nonlatin.conf 30-metric-aliases.conf 35-lang-normalize.conf 40-nonlatin.conf 45-generic.conf 45-latin.conf 48-spacing.conf 49-sansserif.conf 50-user.conf 51-local.conf 60-generic.conf 60-latin.conf 65-fonts-persian.conf 65-khmer.conf 65-nonlatin.conf 69-unifont.conf 70-no-bitmaps.conf 70-yes-bitmaps.conf 80-delicious.conf '/workspaces/.riftengine/WebkitWasm/third_party/build-deps/fontconfig-dest/workspaces/.riftengine/WebkitWasm/third_party/wasm-sysroot/share/fontconfig/conf.avail'
 /usr/bin/install -c -m 644 90-synthetic.conf '/workspaces/.riftengine/WebkitWasm/third_party/build-deps/fontconfig-dest/workspaces/.riftengine/WebkitWasm/third_party/wasm-sysroot/share/fontconfig/conf.avail'
make  install-data-hook
make[4]: Entering directory '/workspaces/.riftengine/WebkitWasm/third_party/build-deps/fontconfig/conf.d'
/usr/bin/python3 ./link_confs.py /workspaces/.riftengine/WebkitWasm/third_party/wasm-sysroot/share/fontconfig/conf.avail /etc/fonts/conf.d 10-hinting-slight.conf 10-scale-bitmap-fonts.conf 10-yes-antialias.conf 10-sub-pixel-none.conf 11-lcdfilter-default.conf 20-unhint-small-vera.conf 30-metric-aliases.conf 40-nonlatin.conf 45-generic.conf 45-latin.conf 48-spacing.conf 49-sansserif.conf 50-user.conf 51-local.conf 60-generic.conf 60-latin.conf 65-fonts-persian.conf 65-nonlatin.conf 69-unifont.conf 80-delicious.conf 90-synthetic.conf
make[4]: Leaving directory '/workspaces/.riftengine/WebkitWasm/third_party/build-deps/fontconfig/conf.d'
make[3]: Leaving directory '/workspaces/.riftengine/WebkitWasm/third_party/build-deps/fontconfig/conf.d'
make[2]: Leaving directory '/workspaces/.riftengine/WebkitWasm/third_party/build-deps/fontconfig/conf.d'
make[1]: Leaving directory '/workspaces/.riftengine/WebkitWasm/third_party/build-deps/fontconfig/conf.d'
Making install in its
make[1]: Entering directory '/workspaces/.riftengine/WebkitWasm/third_party/build-deps/fontconfig/its'
make[2]: Entering directory '/workspaces/.riftengine/WebkitWasm/third_party/build-deps/fontconfig/its'
make[2]: Nothing to be done for 'install-exec-am'.
 /usr/bin/mkdir -p '/workspaces/.riftengine/WebkitWasm/third_party/build-deps/fontconfig-dest/workspaces/.riftengine/WebkitWasm/third_party/wasm-sysroot/share/gettext/its'
 /usr/bin/install -c -m 644 fontconfig.its fontconfig.loc '/workspaces/.riftengine/WebkitWasm/third_party/build-deps/fontconfig-dest/workspaces/.riftengine/WebkitWasm/third_party/wasm-sysroot/share/gettext/its'
make[2]: Leaving directory '/workspaces/.riftengine/WebkitWasm/third_party/build-deps/fontconfig/its'
make[1]: Leaving directory '/workspaces/.riftengine/WebkitWasm/third_party/build-deps/fontconfig/its'
Making install in po
make[1]: Entering directory '/workspaces/.riftengine/WebkitWasm/third_party/build-deps/fontconfig/po'
installing ka.gmo as /workspaces/.riftengine/WebkitWasm/third_party/build-deps/fontconfig-dest/workspaces/.riftengine/WebkitWasm/third_party/wasm-sysroot/share/locale/ka/LC_MESSAGES/fontconfig.mo
installing zh_CN.gmo as /workspaces/.riftengine/WebkitWasm/third_party/build-deps/fontconfig-dest/workspaces/.riftengine/WebkitWasm/third_party/wasm-sysroot/share/locale/zh_CN/LC_MESSAGES/fontconfig.mo
if test "fontconfig" = "gettext-tools"; then \
  /usr/bin/mkdir -p /workspaces/.riftengine/WebkitWasm/third_party/build-deps/fontconfig-dest/workspaces/.riftengine/WebkitWasm/third_party/wasm-sysroot/share/gettext/po; \
  for file in Makefile.in.in remove-potcdate.sin quot.sed boldquot.sed en@quot.header en@boldquot.header insert-header.sin Rules-quot   Makevars.template; do \
    /usr/bin/install -c -m 644 ./$file \
		    /workspaces/.riftengine/WebkitWasm/third_party/build-deps/fontconfig-dest/workspaces/.riftengine/WebkitWasm/third_party/wasm-sysroot/share/gettext/po/$file; \
  done; \
  for file in Makevars; do \
    rm -f /workspaces/.riftengine/WebkitWasm/third_party/build-deps/fontconfig-dest/workspaces/.riftengine/WebkitWasm/third_party/wasm-sysroot/share/gettext/po/$file; \
  done; \
else \
  : ; \
fi
make[1]: Leaving directory '/workspaces/.riftengine/WebkitWasm/third_party/build-deps/fontconfig/po'
Making install in po-conf
make[1]: Entering directory '/workspaces/.riftengine/WebkitWasm/third_party/build-deps/fontconfig/po-conf'
installing ka.gmo as /workspaces/.riftengine/WebkitWasm/third_party/build-deps/fontconfig-dest/workspaces/.riftengine/WebkitWasm/third_party/wasm-sysroot/share/locale/ka/LC_MESSAGES/fontconfig-conf.mo
installing zh_CN.gmo as /workspaces/.riftengine/WebkitWasm/third_party/build-deps/fontconfig-dest/workspaces/.riftengine/WebkitWasm/third_party/wasm-sysroot/share/locale/zh_CN/LC_MESSAGES/fontconfig-conf.mo
if test "fontconfig" = "gettext-tools"; then \
  /usr/bin/mkdir -p /workspaces/.riftengine/WebkitWasm/third_party/build-deps/fontconfig-dest/workspaces/.riftengine/WebkitWasm/third_party/wasm-sysroot/share/gettext/po; \
  for file in Makefile.in.in remove-potcdate.sin quot.sed boldquot.sed en@quot.header en@boldquot.header insert-header.sin Rules-quot   Makevars.template; do \
    /usr/bin/install -c -m 644 ./$file \
		    /workspaces/.riftengine/WebkitWasm/third_party/build-deps/fontconfig-dest/workspaces/.riftengine/WebkitWasm/third_party/wasm-sysroot/share/gettext/po/$file; \
  done; \
  for file in Makevars; do \
    rm -f /workspaces/.riftengine/WebkitWasm/third_party/build-deps/fontconfig-dest/workspaces/.riftengine/WebkitWasm/third_party/wasm-sysroot/share/gettext/po/$file; \
  done; \
else \
  : ; \
fi
make[1]: Leaving directory '/workspaces/.riftengine/WebkitWasm/third_party/build-deps/fontconfig/po-conf'
Making install in test
make[1]: Entering directory '/workspaces/.riftengine/WebkitWasm/third_party/build-deps/fontconfig/test'
make  install-am
make[2]: Entering directory '/workspaces/.riftengine/WebkitWasm/third_party/build-deps/fontconfig/test'
make[3]: Entering directory '/workspaces/.riftengine/WebkitWasm/third_party/build-deps/fontconfig/test'
make[3]: Nothing to be done for 'install-exec-am'.
make[3]: Nothing to be done for 'install-data-am'.
make[3]: Leaving directory '/workspaces/.riftengine/WebkitWasm/third_party/build-deps/fontconfig/test'
make[2]: Leaving directory '/workspaces/.riftengine/WebkitWasm/third_party/build-deps/fontconfig/test'
make[1]: Leaving directory '/workspaces/.riftengine/WebkitWasm/third_party/build-deps/fontconfig/test'
make[1]: Entering directory '/workspaces/.riftengine/WebkitWasm/third_party/build-deps/fontconfig'
make[2]: Entering directory '/workspaces/.riftengine/WebkitWasm/third_party/build-deps/fontconfig'
make[2]: Nothing to be done for 'install-exec-am'.
sed \
	-e 's,@FC_CACHEDIR\@,/var/cache/fontconfig,g' \
	-e 's,@FC_DEFAULT_FONTS\@,	<dir>/usr/share/fonts</dir>,g' \
	-e 's,@FC_FONTPATH\@,,g' \
	-e 's,@CONFIGDIR\@,conf.d,g' \
	-e 's,@PACKAGE\@,fontconfig,g' \
	-e 's,@VERSION\@,2.15.0,g' \
	./fonts.conf.in > fonts.conf.tmp && \
mv fonts.conf.tmp fonts.conf
/bin/bash /workspaces/.riftengine/WebkitWasm/third_party/build-deps/fontconfig/install-sh -d /workspaces/.riftengine/WebkitWasm/third_party/build-deps/fontconfig-dest/etc/fonts /workspaces/.riftengine/WebkitWasm/third_party/build-deps/fontconfig-dest/var/cache/fontconfig
if [ -f /workspaces/.riftengine/WebkitWasm/third_party/build-deps/fontconfig-dest/etc/fonts/fonts.conf ]; then \
  echo "backing up existing /workspaces/.riftengine/WebkitWasm/third_party/build-deps/fontconfig-dest/etc/fonts/fonts.conf"; \
  mv /workspaces/.riftengine/WebkitWasm/third_party/build-deps/fontconfig-dest/etc/fonts/fonts.conf /workspaces/.riftengine/WebkitWasm/third_party/build-deps/fontconfig-dest/etc/fonts/fonts.conf.bak; \
fi
if [ -f ./fonts.conf ]; then \
  echo " /usr/bin/install -c -m 644 ./fonts.conf /workspaces/.riftengine/WebkitWasm/third_party/build-deps/fontconfig-dest/etc/fonts/fonts.conf"; \
  /usr/bin/install -c -m 644 ./fonts.conf /workspaces/.riftengine/WebkitWasm/third_party/build-deps/fontconfig-dest/etc/fonts/fonts.conf; \
else if [ -f fonts.conf ]; then \
  echo " /usr/bin/install -c -m 644 fonts.conf /workspaces/.riftengine/WebkitWasm/third_party/build-deps/fontconfig-dest/etc/fonts/fonts.conf"; \
  /usr/bin/install -c -m 644 fonts.conf /workspaces/.riftengine/WebkitWasm/third_party/build-deps/fontconfig-dest/etc/fonts/fonts.conf; \
fi; fi
 /usr/bin/install -c -m 644 ./fonts.conf /workspaces/.riftengine/WebkitWasm/third_party/build-deps/fontconfig-dest/etc/fonts/fonts.conf
***
*** Warning: fonts.cache not built
***
*** Generate this file manually on host system using fc-cache
***
 /usr/bin/mkdir -p '/workspaces/.riftengine/WebkitWasm/third_party/build-deps/fontconfig-dest/workspaces/.riftengine/WebkitWasm/third_party/wasm-sysroot/lib/pkgconfig'
 /usr/bin/install -c -m 644 fontconfig.pc '/workspaces/.riftengine/WebkitWasm/third_party/build-deps/fontconfig-dest/workspaces/.riftengine/WebkitWasm/third_party/wasm-sysroot/lib/pkgconfig'
 /usr/bin/mkdir -p '/workspaces/.riftengine/WebkitWasm/third_party/build-deps/fontconfig-dest/workspaces/.riftengine/WebkitWasm/third_party/wasm-sysroot/share/xml/fontconfig'
 /usr/bin/install -c -m 644 fonts.dtd '/workspaces/.riftengine/WebkitWasm/third_party/build-deps/fontconfig-dest/workspaces/.riftengine/WebkitWasm/third_party/wasm-sysroot/share/xml/fontconfig'
make[2]: Leaving directory '/workspaces/.riftengine/WebkitWasm/third_party/build-deps/fontconfig'
make[1]: Leaving directory '/workspaces/.riftengine/WebkitWasm/third_party/build-deps/fontconfig'

===== third_party/build-deps/fontconfig/config.log =====
## ----------- ##
## confdefs.h. ##
## ----------- ##

/* confdefs.h */
#define PACKAGE_NAME "fontconfig"
#define PACKAGE_TARNAME "fontconfig"
#define PACKAGE_VERSION "2.15.0"
#define PACKAGE_STRING "fontconfig 2.15.0"
#define PACKAGE_BUGREPORT "https://gitlab.freedesktop.org/fontconfig/fontconfig/issues/new"
#define PACKAGE_URL ""
#define PACKAGE "fontconfig"
#define VERSION "2.15.0"
#define HAVE_STDIO_H 1
#define HAVE_STDLIB_H 1
#define HAVE_STRING_H 1
#define HAVE_INTTYPES_H 1
#define HAVE_STDINT_H 1
#define HAVE_STRINGS_H 1
#define HAVE_SYS_STAT_H 1
#define HAVE_SYS_TYPES_H 1
#define HAVE_UNISTD_H 1
#define HAVE_WCHAR_H 1
#define HAVE_SYS_PARAM_H 1
#define STDC_HEADERS 1
#define _ALL_SOURCE 1
#define _DARWIN_C_SOURCE 1
#define _GNU_SOURCE 1
#define _HPUX_ALT_XOPEN_SOCKET_API 1
#define _NETBSD_SOURCE 1
#define _OPENBSD_SOURCE 1
#define _POSIX_PTHREAD_SEMANTICS 1
#define __STDC_WANT_IEC_60559_ATTRIBS_EXT__ 1
#define __STDC_WANT_IEC_60559_BFP_EXT__ 1
#define __STDC_WANT_IEC_60559_DFP_EXT__ 1
#define __STDC_WANT_IEC_60559_FUNCS_EXT__ 1
#define __STDC_WANT_IEC_60559_TYPES_EXT__ 1
#define __STDC_WANT_LIB_EXT2__ 1
#define __STDC_WANT_MATH_SPEC_FUNCS__ 1
#define _TANDEM_SOURCE 1
#define __EXTENSIONS__ 1
#define HAVE_DLFCN_H 1
#define LT_OBJDIR ".libs/"
#define GETTEXT_PACKAGE "fontconfig"
#define ENABLE_NLS 1
#define HAVE_GETTEXT 1
#define HAVE_DCGETTEXT 1
#define HAVE_WARNING_CPP_DIRECTIVE 1
#define HAVE_DIRENT_H 1
#define HAVE_DIRENT_H 1
#define HAVE_FCNTL_H 1
#define HAVE_STDLIB_H 1
#define HAVE_STRING_H 1
#define HAVE_UNISTD_H 1
#define HAVE_SYS_STATVFS_H 1
#define HAVE_SYS_VFS_H 1
#define HAVE_SYS_STATFS_H 1
#define HAVE_SYS_PARAM_H 1
#define HAVE_SYS_MOUNT_H 1
#define FLEXIBLE_ARRAY_MEMBER /**/
#define HAVE_VPRINTF 1
#define HAVE_GETPAGESIZE 1
#define HAVE_LINK 1
#define HAVE_MKSTEMP 1
#define HAVE_MKOSTEMP 1
#define HAVE_MKDTEMP 1
#define HAVE_GETOPT 1
#define HAVE_GETOPT_LONG 1
#define HAVE_RAND 1
#define HAVE_RANDOM 1
#define HAVE_LRAND48 1
#define HAVE_RAND_R 1
#define HAVE_READLINK 1
#define HAVE_FSTATVFS 1
#define HAVE_FSTATFS 1
#define HAVE_LSTAT 1
#define HAVE_STRERROR 1
#define HAVE_STRERROR_R 1
#define HAVE_POSIX_FADVISE 1
#define HAVE_STRUCT_STAT_ST_MTIM 1
#define HAVE_STRUCT_STATFS_F_FLAGS 1
#define HAVE_STRUCT_DIRENT_D_TYPE 1
#define FC_GPERF_SIZE_T size_t
#define USE_ICONV 0
#define HAVE_FT_GET_BDF_PROPERTY 1
#define HAVE_FT_GET_PS_FONT_INFO 1
#define HAVE_FT_HAS_PS_GLYPH_NAMES 1
#define HAVE_FT_GET_X11_FONT_FORMAT 1
#define HAVE_FT_DONE_MM_VAR 1
#define ENABLE_LIBXML2 1
#define FC_DEFAULT_FONTS "<dir>/usr/share/fonts</dir>"
#define FC_ADD_FONTS "yes"
#define HAVE_STDATOMIC_PRIMITIVES 1
#define HAVE_INTEL_ATOMIC_PRIMITIVES 1
#define HAVE_PTHREAD_PRIO_INHERIT 1
#define HAVE_PTHREAD 1
#define SIZEOF_VOID_P 4
#define ALIGNOF_DOUBLE 8
#define ALIGNOF_VOID_P 4

configure: exit 0

## ---------------------- ##
## Running config.status. ##
## ---------------------- ##

This file was extended by fontconfig config.status 2.15.0, which was
generated by GNU Autoconf 2.71.  Invocation command line was

  CONFIG_FILES    = 
  CONFIG_HEADERS  = 
  CONFIG_LINKS    = 
  CONFIG_COMMANDS = 
  $ ./config.status src/fcstdint.h

on codespaces-d8d5bd

config.status:1532: executing src/fcstdint.h commands
config.status:2303: creating src/fcstdint.h : _FONTCONFIG_SRC_FCSTDINT_H
config.status:2735: src/fcstdint.h is unchanged

===== third_party/build-deps/fontconfig-configure.log =====
checking for shared library run path origin... done
checking how to run the C preprocessor... /workspaces/.riftengine/WebkitWasm/third_party/emsdk/upstream/emscripten/emcc -E
checking for CFPreferencesCopyAppValue... no
checking for CFLocaleCopyCurrent... no
checking for GNU gettext in libc... yes
checking whether to use NLS... yes
checking where the gettext function comes from... libc
checking for /workspaces/.riftengine/WebkitWasm/third_party/emsdk/upstream/emscripten/emcc options needed to detect all undeclared functions... none needed
checking whether __SUNPRO_C is declared... no
checking for build system executable suffix... no
checking for dirent.h that defines DIR... yes
checking for library containing opendir... none required
checking for egrep... (cached) /usr/bin/grep -E
checking for dirent.h... yes
checking for fcntl.h... yes
checking for stdlib.h... (cached) yes
checking for string.h... (cached) yes
checking for unistd.h... (cached) yes
checking for sys/statvfs.h... yes
checking for sys/vfs.h... yes
checking for sys/statfs.h... yes
checking for sys/param.h... (cached) yes
checking for sys/mount.h... yes
checking for stdint types... stdint.h (shortcircuit)
make use of stdint.h in src/fcstdint.h (assuming C99 compatible system)
checking for an ANSI C-conforming const... yes
checking for inline... inline
checking for flexible array members... yes
checking for pid_t... yes
checking for vprintf... yes
checking for getpagesize... yes
checking for working mmap... no
checking for link... yes
checking for mkstemp... yes
checking for mkostemp... yes
checking for _mktemp_s... no
checking for mkdtemp... yes
checking for getopt... yes
checking for getopt_long... yes
checking for getprogname... no
checking for getexecname... no
checking for rand... yes
checking for random... yes
checking for lrand48... yes
checking for random_r... no
checking for rand_r... yes
checking for readlink... yes
checking for fstatvfs... yes
checking for fstatfs... yes
checking for lstat... yes
checking for strerror... yes
checking for strerror_r... yes
checking for posix_fadvise in fcntl.h... fcntl.h
checking for struct stat.st_mtim... yes
checking for struct statvfs.f_basetype... no
checking for struct statvfs.f_fstypename... no
checking for struct statfs.f_flags... yes
checking for struct statfs.f_fstypename... no
checking for struct dirent.d_type... yes
checking The type of len parameter of gperf hash/lookup function... size_t
checking for FREETYPE... yes
checking for FT_Get_BDF_Property... yes
checking for FT_Get_PS_Font_Info... yes
checking for FT_Has_PS_Glyph_Names... yes
checking for FT_Get_X11_Font_Format... yes
checking for FT_Done_MM_Var... yes
checking for LIBXML2... yes
checking SAX1 support in libxml2... found
checking for JSONC... no
checking stdatomic.h atomic primitives... true
checking for Intel atomic primitives... true
checking for Solaris atomic operations... false
checking if compiler needs -Werror to reject unknown flags... yes
checking for the pthreads library -lpthreads... no
checking whether pthreads work without any flags... yes
checking for joinable pthread attribute... PTHREAD_CREATE_JOINABLE
checking if more special flags are required for pthreads... no
checking for PTHREAD_PRIO_INHERIT... yes
checking for docbook2html... no
checking whether byte ordering is bigendian... no
checking size of void *... 4
checking alignment of double... 8
checking alignment of void *... 4
checking that generated files are newer than configure... done
configure: creating ./config.status
config.status: creating Makefile
config.status: creating fontconfig/Makefile
config.status: creating fc-lang/Makefile
config.status: creating fc-case/Makefile
config.status: creating src/Makefile
config.status: creating conf.d/Makefile
config.status: creating fc-cache/Makefile
config.status: creating fc-cat/Makefile
config.status: creating fc-conflist/Makefile
config.status: creating fc-list/Makefile
config.status: creating fc-match/Makefile
config.status: creating fc-pattern/Makefile
config.status: creating fc-query/Makefile
config.status: creating fc-scan/Makefile
config.status: creating fc-validate/Makefile
config.status: creating doc/Makefile
config.status: creating doc/version.sgml
config.status: creating its/Makefile
config.status: creating po/Makefile.in
config.status: creating po-conf/Makefile.in
config.status: creating test/Makefile
config.status: creating fontconfig.pc
config.status: creating fontconfig-zip
config.status: creating config.h
config.status: config.h is unchanged
config.status: executing depfiles commands
config.status: executing libtool commands
config.status: executing po-directories commands
config.status: creating po/POTFILES
config.status: creating po/Makefile
config.status: creating po-conf/POTFILES
config.status: creating po-conf/Makefile
config.status: executing src/fcstdint.h commands
config.status: creating src/fcstdint.h : _FONTCONFIG_SRC_FCSTDINT_H
config.status: src/fcstdint.h is unchanged

===== third_party/build-deps/freetype-build-build.log =====
ninja: Entering directory `freetype-build'
[1/44] Building C object CMakeFiles/freetype.dir/src/base/ftbdf.c.o
[2/44] Building C object CMakeFiles/freetype.dir/src/base/ftcid.c.o
[3/44] Building C object CMakeFiles/freetype.dir/src/base/ftfstype.c.o
[4/44] Building C object CMakeFiles/freetype.dir/src/base/ftbitmap.c.o
[5/44] Building C object CMakeFiles/freetype.dir/src/base/ftbbox.c.o
[6/44] Building C object CMakeFiles/freetype.dir/src/base/ftgasp.c.o
[7/44] Building C object CMakeFiles/freetype.dir/src/base/ftgxval.c.o
[8/44] Building C object CMakeFiles/freetype.dir/src/base/ftinit.c.o
[9/44] Building C object CMakeFiles/freetype.dir/src/base/ftglyph.c.o
[10/44] Building C object CMakeFiles/freetype.dir/src/base/ftotval.c.o
[11/44] Building C object CMakeFiles/freetype.dir/src/base/ftmm.c.o
[12/44] Building C object CMakeFiles/freetype.dir/src/base/ftpatent.c.o
[13/44] Building C object CMakeFiles/freetype.dir/src/base/ftpfr.c.o
[14/44] Building C object CMakeFiles/freetype.dir/src/base/ftsynth.c.o
[15/44] Building C object CMakeFiles/freetype.dir/src/base/fttype1.c.o
[16/44] Building C object CMakeFiles/freetype.dir/src/base/ftwinfnt.c.o
[17/44] Building C object CMakeFiles/freetype.dir/src/base/ftstroke.c.o
[18/44] Building C object CMakeFiles/freetype.dir/src/bzip2/ftbzip2.c.o
[19/44] Building C object CMakeFiles/freetype.dir/src/bdf/bdf.c.o
[20/44] Building C object CMakeFiles/freetype.dir/src/autofit/autofit.c.o
[21/44] Building C object CMakeFiles/freetype.dir/src/cache/ftcache.c.o
[22/44] Building C object CMakeFiles/freetype.dir/src/cid/type1cid.c.o
[23/44] Building C object CMakeFiles/freetype.dir/src/base/ftbase.c.o
[24/44] Building C object CMakeFiles/freetype.dir/src/gzip/ftgzip.c.o
[25/44] Building C object CMakeFiles/freetype.dir/src/lzw/ftlzw.c.o
[26/44] Building C object CMakeFiles/freetype.dir/src/cff/cff.c.o
[27/44] Building C object CMakeFiles/freetype.dir/src/pcf/pcf.c.o
[28/44] Building C object CMakeFiles/freetype.dir/src/pfr/pfr.c.o
[29/44] Building C object CMakeFiles/freetype.dir/src/psnames/psnames.c.o
[30/44] Building C object CMakeFiles/freetype.dir/src/pshinter/pshinter.c.o
[31/44] Building C object CMakeFiles/freetype.dir/src/svg/svg.c.o
[32/44] Building C object CMakeFiles/freetype.dir/src/raster/raster.c.o
[33/44] Building C object CMakeFiles/freetype.dir/src/smooth/smooth.c.o
[34/44] Building C object CMakeFiles/freetype.dir/src/sdf/sdf.c.o
[35/44] Building C object CMakeFiles/freetype.dir/src/type42/type42.c.o
[36/44] Building C object CMakeFiles/freetype.dir/src/winfonts/winfnt.c.o
[37/44] Building C object CMakeFiles/freetype.dir/builds/unix/ftsystem.c.o
[38/44] Building C object CMakeFiles/freetype.dir/src/base/ftdebug.c.o
[39/44] Building C object CMakeFiles/freetype.dir/src/psaux/psaux.c.o
[40/44] Building C object CMakeFiles/freetype.dir/src/type1/type1.c.o
[41/44] Building C object CMakeFiles/freetype.dir/src/truetype/truetype.c.o
[42/44] Building C object CMakeFiles/freetype.dir/src/sfnt/sfnt.c.o
[43/44] Linking C static library libfreetype.a
[43/44] Install the project...
-- Install configuration: "Release"
-- Installing: /workspaces/.riftengine/WebkitWasm/third_party/wasm-sysroot/include/freetype2
-- Installing: /workspaces/.riftengine/WebkitWasm/third_party/wasm-sysroot/include/freetype2/ft2build.h
-- Installing: /workspaces/.riftengine/WebkitWasm/third_party/wasm-sysroot/include/freetype2/freetype
-- Installing: /workspaces/.riftengine/WebkitWasm/third_party/wasm-sysroot/include/freetype2/freetype/ftbbox.h
-- Installing: /workspaces/.riftengine/WebkitWasm/third_party/wasm-sysroot/include/freetype2/freetype/ftcolor.h
-- Installing: /workspaces/.riftengine/WebkitWasm/third_party/wasm-sysroot/include/freetype2/freetype/ftlist.h
-- Installing: /workspaces/.riftengine/WebkitWasm/third_party/wasm-sysroot/include/freetype2/freetype/ftoutln.h
-- Installing: /workspaces/.riftengine/WebkitWasm/third_party/wasm-sysroot/include/freetype2/freetype/fttrigon.h
-- Installing: /workspaces/.riftengine/WebkitWasm/third_party/wasm-sysroot/include/freetype2/freetype/ftlogging.h
-- Installing: /workspaces/.riftengine/WebkitWasm/third_party/wasm-sysroot/include/freetype2/freetype/ftcid.h
-- Installing: /workspaces/.riftengine/WebkitWasm/third_party/wasm-sysroot/include/freetype2/freetype/ftwinfnt.h
-- Installing: /workspaces/.riftengine/WebkitWasm/third_party/wasm-sysroot/include/freetype2/freetype/ftchapters.h
-- Installing: /workspaces/.riftengine/WebkitWasm/third_party/wasm-sysroot/include/freetype2/freetype/ttnameid.h
-- Installing: /workspaces/.riftengine/WebkitWasm/third_party/wasm-sysroot/include/freetype2/freetype/ftbzip2.h
-- Installing: /workspaces/.riftengine/WebkitWasm/third_party/wasm-sysroot/include/freetype2/freetype/t1tables.h
-- Installing: /workspaces/.riftengine/WebkitWasm/third_party/wasm-sysroot/include/freetype2/freetype/otsvg.h
-- Installing: /workspaces/.riftengine/WebkitWasm/third_party/wasm-sysroot/include/freetype2/freetype/ftgasp.h
-- Installing: /workspaces/.riftengine/WebkitWasm/third_party/wasm-sysroot/include/freetype2/freetype/ftmodapi.h
-- Installing: /workspaces/.riftengine/WebkitWasm/third_party/wasm-sysroot/include/freetype2/freetype/freetype.h
-- Installing: /workspaces/.riftengine/WebkitWasm/third_party/wasm-sysroot/include/freetype2/freetype/ftpfr.h
-- Installing: /workspaces/.riftengine/WebkitWasm/third_party/wasm-sysroot/include/freetype2/freetype/ftsnames.h
-- Installing: /workspaces/.riftengine/WebkitWasm/third_party/wasm-sysroot/include/freetype2/freetype/ftgxval.h
-- Installing: /workspaces/.riftengine/WebkitWasm/third_party/wasm-sysroot/include/freetype2/freetype/ftmoderr.h
-- Installing: /workspaces/.riftengine/WebkitWasm/third_party/wasm-sysroot/include/freetype2/freetype/config
-- Installing: /workspaces/.riftengine/WebkitWasm/third_party/wasm-sysroot/include/freetype2/freetype/config/mac-support.h
-- Installing: /workspaces/.riftengine/WebkitWasm/third_party/wasm-sysroot/include/freetype2/freetype/config/integer-types.h
-- Installing: /workspaces/.riftengine/WebkitWasm/third_party/wasm-sysroot/include/freetype2/freetype/config/public-macros.h
-- Installing: /workspaces/.riftengine/WebkitWasm/third_party/wasm-sysroot/include/freetype2/freetype/config/ftstdlib.h
-- Installing: /workspaces/.riftengine/WebkitWasm/third_party/wasm-sysroot/include/freetype2/freetype/config/ftheader.h
-- Installing: /workspaces/.riftengine/WebkitWasm/third_party/wasm-sysroot/include/freetype2/freetype/config/ftmodule.h
-- Installing: /workspaces/.riftengine/WebkitWasm/third_party/wasm-sysroot/include/freetype2/freetype/fterrdef.h
-- Installing: /workspaces/.riftengine/WebkitWasm/third_party/wasm-sysroot/include/freetype2/freetype/ftmm.h
-- Installing: /workspaces/.riftengine/WebkitWasm/third_party/wasm-sysroot/include/freetype2/freetype/fterrors.h
-- Installing: /workspaces/.riftengine/WebkitWasm/third_party/wasm-sysroot/include/freetype2/freetype/ftmac.h
-- Installing: /workspaces/.riftengine/WebkitWasm/third_party/wasm-sysroot/include/freetype2/freetype/tttags.h
-- Installing: /workspaces/.riftengine/WebkitWasm/third_party/wasm-sysroot/include/freetype2/freetype/tttables.h
-- Installing: /workspaces/.riftengine/WebkitWasm/third_party/wasm-sysroot/include/freetype2/freetype/ftimage.h
-- Installing: /workspaces/.riftengine/WebkitWasm/third_party/wasm-sysroot/include/freetype2/freetype/ftgzip.h
-- Installing: /workspaces/.riftengine/WebkitWasm/third_party/wasm-sysroot/include/freetype2/freetype/fttypes.h
-- Installing: /workspaces/.riftengine/WebkitWasm/third_party/wasm-sysroot/include/freetype2/freetype/ftbitmap.h
-- Installing: /workspaces/.riftengine/WebkitWasm/third_party/wasm-sysroot/include/freetype2/freetype/ftadvanc.h
-- Installing: /workspaces/.riftengine/WebkitWasm/third_party/wasm-sysroot/include/freetype2/freetype/ftsystem.h
-- Installing: /workspaces/.riftengine/WebkitWasm/third_party/wasm-sysroot/include/freetype2/freetype/ftfntfmt.h
-- Installing: /workspaces/.riftengine/WebkitWasm/third_party/wasm-sysroot/include/freetype2/freetype/ftdriver.h
-- Installing: /workspaces/.riftengine/WebkitWasm/third_party/wasm-sysroot/include/freetype2/freetype/ftglyph.h
-- Installing: /workspaces/.riftengine/WebkitWasm/third_party/wasm-sysroot/include/freetype2/freetype/ftsizes.h
-- Installing: /workspaces/.riftengine/WebkitWasm/third_party/wasm-sysroot/include/freetype2/freetype/ftparams.h
-- Installing: /workspaces/.riftengine/WebkitWasm/third_party/wasm-sysroot/include/freetype2/freetype/ftbdf.h
-- Installing: /workspaces/.riftengine/WebkitWasm/third_party/wasm-sysroot/include/freetype2/freetype/ftlzw.h
-- Installing: /workspaces/.riftengine/WebkitWasm/third_party/wasm-sysroot/include/freetype2/freetype/ftincrem.h
-- Installing: /workspaces/.riftengine/WebkitWasm/third_party/wasm-sysroot/include/freetype2/freetype/ftlcdfil.h
-- Installing: /workspaces/.riftengine/WebkitWasm/third_party/wasm-sysroot/include/freetype2/freetype/ftsynth.h
-- Installing: /workspaces/.riftengine/WebkitWasm/third_party/wasm-sysroot/include/freetype2/freetype/ftotval.h
-- Installing: /workspaces/.riftengine/WebkitWasm/third_party/wasm-sysroot/include/freetype2/freetype/ftrender.h
-- Installing: /workspaces/.riftengine/WebkitWasm/third_party/wasm-sysroot/include/freetype2/freetype/ftcache.h
-- Installing: /workspaces/.riftengine/WebkitWasm/third_party/wasm-sysroot/include/freetype2/freetype/ftstroke.h
-- Installing: /workspaces/.riftengine/WebkitWasm/third_party/wasm-sysroot/include/freetype2/freetype/config/ftconfig.h
-- Installing: /workspaces/.riftengine/WebkitWasm/third_party/wasm-sysroot/include/freetype2/freetype/config/ftoption.h
-- Installing: /workspaces/.riftengine/WebkitWasm/third_party/wasm-sysroot/lib/pkgconfig/freetype2.pc
-- Installing: /workspaces/.riftengine/WebkitWasm/third_party/wasm-sysroot/lib/libfreetype.a
-- Installing: /workspaces/.riftengine/WebkitWasm/third_party/wasm-sysroot/lib/cmake/freetype/freetype-config.cmake
-- Installing: /workspaces/.riftengine/WebkitWasm/third_party/wasm-sysroot/lib/cmake/freetype/freetype-config-release.cmake
-- Installing: /workspaces/.riftengine/WebkitWasm/third_party/wasm-sysroot/lib/cmake/freetype/freetype-config-version.cmake

===== third_party/build-deps/freetype-build-configure.log =====
emcmake: cmake -S freetype -B freetype-build -GNinja -DCMAKE_BUILD_TYPE=Release -DCMAKE_INSTALL_PREFIX=/workspaces/.riftengine/WebkitWasm/third_party/wasm-sysroot -DCMAKE_FIND_ROOT_PATH=/workspaces/.riftengine/WebkitWasm/third_party/wasm-sysroot -DBUILD_SHARED_LIBS=OFF -DFT_DISABLE_HARFBUZZ=ON -DFT_DISABLE_BZIP2=ON -DFT_DISABLE_BROTLI=OFF -DFT_REQUIRE_BROTLI=ON -DFT_REQUIRE_ZLIB=ON -DFT_REQUIRE_PNG=ON -DZLIB_ROOT=/workspaces/.riftengine/WebkitWasm/third_party/wasm-sysroot -DBROTLIDEC_INCLUDE_DIRS=/workspaces/.riftengine/WebkitWasm/third_party/wasm-sysroot/include '-DBROTLIDEC_LIBRARIES=/workspaces/.riftengine/WebkitWasm/third_party/wasm-sysroot/lib/libbrotlidec.a;/workspaces/.riftengine/WebkitWasm/third_party/wasm-sysroot/lib/libbrotlicommon.a' -DCMAKE_TOOLCHAIN_FILE=/workspaces/.riftengine/WebkitWasm/third_party/emsdk/upstream/emscripten/cmake/Modules/Platform/Emscripten.cmake -DCMAKE_CROSSCOMPILING_EMULATOR=/workspaces/.riftengine/WebkitWasm/third_party/emsdk/node/24.19.0_64bit/bin/node in directory /workspaces/.riftengine/WebkitWasm/third_party/build-deps
-- Found PkgConfig: /usr/bin/pkg-config (found version "1.8.1") 
CMake Warning (dev) at /usr/share/cmake-3.28/Modules/FindPNG.cmake:65 (find_package):
  Policy CMP0074 is not set: find_package uses <PackageName>_ROOT variables.
  Run "cmake --help-policy CMP0074" for policy details.  Use the cmake_policy
  command to set the policy and suppress this warning.

  CMake variable ZLIB_ROOT is set to:

    /workspaces/.riftengine/WebkitWasm/third_party/wasm-sysroot

  For compatibility, CMake is ignoring the variable.
Call Stack (most recent call first):
  CMakeLists.txt:264 (find_package)
This warning is for project developers.  Use -Wno-dev to suppress it.

-- Found ZLIB: /workspaces/.riftengine/WebkitWasm/third_party/wasm-sysroot/lib/libz.a (found version "1.3.1")  
-- Found PNG: /workspaces/.riftengine/WebkitWasm/third_party/wasm-sysroot/lib/libpng.a (found version "1.6.43") 
-- Found BrotliDec: /workspaces/.riftengine/WebkitWasm/third_party/wasm-sysroot/include  
-- Looking for unistd.h
-- Looking for unistd.h - found
-- Looking for fcntl.h
-- Looking for fcntl.h - found
-- Configuring done (3.0s)
-- Generating done (0.0s)
-- Build files have been written to: /workspaces/.riftengine/WebkitWasm/third_party/build-deps/freetype-build

===== third_party/build-deps/harfbuzz-build-build.log =====
      |                                                       ^
/workspaces/.riftengine/WebkitWasm/third_party/build-deps/harfbuzz/src/hb-iter.hh:482:12: note: (skipping 1 context in backtrace; use -ftemplate-backtrace-limit=0 to see all)
  482 |   { return hb_filter_iter_t<Iter, Pred, Proj> (it, p, f); }
      |            ^
/workspaces/.riftengine/WebkitWasm/third_party/build-deps/harfbuzz/src/hb-iter.hh:369:51: note: in instantiation of function template specialization 'hb_filter_iter_factory_t<bool (hb_hashmap_t<unsigned int, hb_set_t>::item_t::*)() const, const (unnamed struct at /workspaces/.riftengine/WebkitWasm/third_party/build-deps/harfbuzz/src/hb-algs.hh:228:1) &>::operator()<hb_array_t<hb_hashmap_t<unsigned int, hb_set_t>::item_t>, nullptr>' requested here
  369 | operator | (Lhs&& lhs, Rhs&& rhs) HB_AUTO_RETURN (std::forward<Rhs> (rhs) (std::forward<Lhs> (lhs)))
      |                                                   ^
/workspaces/.riftengine/WebkitWasm/third_party/build-deps/harfbuzz/src/hb-meta.hh:76:55: note: expanded from macro 'HB_AUTO_RETURN'
   76 | #define HB_AUTO_RETURN(E) -> decltype ((E)) { return (E); }
      |                                                       ^
/workspaces/.riftengine/WebkitWasm/third_party/build-deps/harfbuzz/src/hb-map.hh:424:5: note: in instantiation of function template specialization 'operator|<hb_array_t<hb_hashmap_t<unsigned int, hb_set_t>::item_t>, hb_filter_iter_factory_t<bool (hb_hashmap_t<unsigned int, hb_set_t>::item_t::*)() const, const (unnamed struct at /workspaces/.riftengine/WebkitWasm/third_party/build-deps/harfbuzz/src/hb-algs.hh:228:1) &>, nullptr>' requested here
  424 |     | hb_filter (&item_t::is_real)
      |     ^
/workspaces/.riftengine/WebkitWasm/third_party/build-deps/harfbuzz/src/hb-meta.hh:76:55: note: expanded from macro 'HB_AUTO_RETURN'
   76 | #define HB_AUTO_RETURN(E) -> decltype ((E)) { return (E); }
      |                                                       ^
/workspaces/.riftengine/WebkitWasm/third_party/build-deps/harfbuzz/src/hb-map.hh:448:13: note: in instantiation of member function 'hb_hashmap_t<unsigned int, hb_set_t>::iter_items' requested here
  448 |     + this->iter_items ()
      |             ^
/workspaces/.riftengine/WebkitWasm/third_party/build-deps/harfbuzz/src/hb-meta.hh:76:55: note: expanded from macro 'HB_AUTO_RETURN'
   76 | #define HB_AUTO_RETURN(E) -> decltype ((E)) { return (E); }
      |                                                       ^
/workspaces/.riftengine/WebkitWasm/third_party/build-deps/harfbuzz/src/hb-map.hh:453:13: note: in instantiation of member function 'hb_hashmap_t<unsigned int, hb_set_t>::values_ref' requested here
  453 |     + this->values_ref ()
      |             ^
/workspaces/.riftengine/WebkitWasm/third_party/build-deps/harfbuzz/src/hb-meta.hh:76:55: note: expanded from macro 'HB_AUTO_RETURN'
   76 | #define HB_AUTO_RETURN(E) -> decltype ((E)) { return (E); }
      |                                                       ^
/workspaces/.riftengine/WebkitWasm/third_party/build-deps/harfbuzz/src/graph/classdef-graph.hh:238:47: note: in instantiation of member function 'hb_hashmap_t<unsigned int, hb_set_t>::values' requested here
  238 |     for (const hb_set_t& s : glyphs_per_class.values ())
      |                                               ^
/workspaces/.riftengine/WebkitWasm/third_party/build-deps/harfbuzz/src/hb-null.hh:179:11: note: explicitly cast the pointer to silence this warning
  179 |   memcpy (obj, std::addressof (Null (Type)), sizeof (*obj));
      |           ^
      |           (void*)
/workspaces/.riftengine/WebkitWasm/third_party/build-deps/harfbuzz/src/hb-null.hh:179:11: warning: first argument in call to 'memcpy' is a pointer to non-trivially copyable type 'graph::MarkBasePosFormat1::class_info_t' [-Wnontrivial-memcall]
  179 |   memcpy (obj, std::addressof (Null (Type)), sizeof (*obj));
      |           ^
/workspaces/.riftengine/WebkitWasm/third_party/build-deps/harfbuzz/src/hb-null.hh:186:38: note: in instantiation of function template specialization 'Crap<graph::MarkBasePosFormat1::class_info_t>' requested here
  186 |   static Type & get_crap () { return Crap<Type> (); }
      |                                      ^
/workspaces/.riftengine/WebkitWasm/third_party/build-deps/harfbuzz/src/hb-vector.hh:159:14: note: in instantiation of member function 'CrapHelper<graph::MarkBasePosFormat1::class_info_t>::get_crap' requested here
  159 |       return Crap (Type);
      |              ^
/workspaces/.riftengine/WebkitWasm/third_party/build-deps/harfbuzz/src/hb-null.hh:188:38: note: expanded from macro 'Crap'
  188 | #define Crap(Type) CrapHelper<Type>::get_crap ()
      |                                      ^
/workspaces/.riftengine/WebkitWasm/third_party/build-deps/harfbuzz/src/graph/markbasepos-graph.hh:242:41: note: in instantiation of member function 'hb_vector_t<graph::MarkBasePosFormat1::class_info_t>::operator[]' requested here
  242 |       class_info_t& info = class_to_info[klass];
      |                                         ^
/workspaces/.riftengine/WebkitWasm/third_party/build-deps/harfbuzz/src/hb-null.hh:179:11: note: explicitly cast the pointer to silence this warning
  179 |   memcpy (obj, std::addressof (Null (Type)), sizeof (*obj));
      |           ^
      |           (void*)
/workspaces/.riftengine/WebkitWasm/third_party/build-deps/harfbuzz/src/hb-null.hh:179:11: warning: first argument in call to 'memcpy' is a pointer to non-trivially copyable type 'hb_pair_t<unsigned int, hb_vector_t<unsigned int>>' [-Wnontrivial-memcall]
  179 |   memcpy (obj, std::addressof (Null (Type)), sizeof (*obj));
      |           ^
/workspaces/.riftengine/WebkitWasm/third_party/build-deps/harfbuzz/src/hb-null.hh:186:38: note: in instantiation of function template specialization 'Crap<hb_pair_t<unsigned int, hb_vector_t<unsigned int>>>' requested here
  186 |   static Type & get_crap () { return Crap<Type> (); }
      |                                      ^
/workspaces/.riftengine/WebkitWasm/third_party/build-deps/harfbuzz/src/hb-vector.hh:210:30: note: in instantiation of member function 'CrapHelper<hb_pair_t<unsigned int, hb_vector_t<unsigned int>>>::get_crap' requested here
  210 |       return std::addressof (Crap (Type));
      |                              ^
/workspaces/.riftengine/WebkitWasm/third_party/build-deps/harfbuzz/src/hb-null.hh:188:38: note: expanded from macro 'Crap'
  188 | #define Crap(Type) CrapHelper<Type>::get_crap ()
      |                                      ^
/workspaces/.riftengine/WebkitWasm/third_party/build-deps/harfbuzz/src/graph/gsubgpos-graph.hh:164:77: note: in instantiation of member function 'hb_vector_t<hb_pair_t<unsigned int, hb_vector_t<unsigned int>>>::push' requested here
  164 |       hb_pair_t<unsigned, hb_vector_t<unsigned>>* entry = all_new_subtables.push ();
      |                                                                             ^
/workspaces/.riftengine/WebkitWasm/third_party/build-deps/harfbuzz/src/hb-null.hh:179:11: note: explicitly cast the pointer to silence this warning
  179 |   memcpy (obj, std::addressof (Null (Type)), sizeof (*obj));
      |           ^
      |           (void*)
25 warnings generated.
[19/20] Linking C static library libharfbuzz-subset.a
[19/20] Install the project...
-- Install configuration: "Release"
-- Installing: /workspaces/.riftengine/WebkitWasm/third_party/wasm-sysroot/include/harfbuzz/hb-aat-layout.h
-- Installing: /workspaces/.riftengine/WebkitWasm/third_party/wasm-sysroot/include/harfbuzz/hb-aat.h
-- Installing: /workspaces/.riftengine/WebkitWasm/third_party/wasm-sysroot/include/harfbuzz/hb-blob.h
-- Installing: /workspaces/.riftengine/WebkitWasm/third_party/wasm-sysroot/include/harfbuzz/hb-buffer.h
-- Installing: /workspaces/.riftengine/WebkitWasm/third_party/wasm-sysroot/include/harfbuzz/hb-common.h
-- Installing: /workspaces/.riftengine/WebkitWasm/third_party/wasm-sysroot/include/harfbuzz/hb-cplusplus.hh
-- Installing: /workspaces/.riftengine/WebkitWasm/third_party/wasm-sysroot/include/harfbuzz/hb-deprecated.h
-- Installing: /workspaces/.riftengine/WebkitWasm/third_party/wasm-sysroot/include/harfbuzz/hb-draw.h
-- Installing: /workspaces/.riftengine/WebkitWasm/third_party/wasm-sysroot/include/harfbuzz/hb-face.h
-- Installing: /workspaces/.riftengine/WebkitWasm/third_party/wasm-sysroot/include/harfbuzz/hb-font.h
-- Installing: /workspaces/.riftengine/WebkitWasm/third_party/wasm-sysroot/include/harfbuzz/hb-map.h
-- Installing: /workspaces/.riftengine/WebkitWasm/third_party/wasm-sysroot/include/harfbuzz/hb-ot-color.h
-- Installing: /workspaces/.riftengine/WebkitWasm/third_party/wasm-sysroot/include/harfbuzz/hb-ot-deprecated.h
-- Installing: /workspaces/.riftengine/WebkitWasm/third_party/wasm-sysroot/include/harfbuzz/hb-ot-font.h
-- Installing: /workspaces/.riftengine/WebkitWasm/third_party/wasm-sysroot/include/harfbuzz/hb-ot-layout.h
-- Installing: /workspaces/.riftengine/WebkitWasm/third_party/wasm-sysroot/include/harfbuzz/hb-ot-math.h
-- Installing: /workspaces/.riftengine/WebkitWasm/third_party/wasm-sysroot/include/harfbuzz/hb-ot-meta.h
-- Installing: /workspaces/.riftengine/WebkitWasm/third_party/wasm-sysroot/include/harfbuzz/hb-ot-metrics.h
-- Installing: /workspaces/.riftengine/WebkitWasm/third_party/wasm-sysroot/include/harfbuzz/hb-ot-name.h
-- Installing: /workspaces/.riftengine/WebkitWasm/third_party/wasm-sysroot/include/harfbuzz/hb-ot-shape.h
-- Installing: /workspaces/.riftengine/WebkitWasm/third_party/wasm-sysroot/include/harfbuzz/hb-ot-var.h
-- Installing: /workspaces/.riftengine/WebkitWasm/third_party/wasm-sysroot/include/harfbuzz/hb-ot.h
-- Installing: /workspaces/.riftengine/WebkitWasm/third_party/wasm-sysroot/include/harfbuzz/hb-paint.h
-- Installing: /workspaces/.riftengine/WebkitWasm/third_party/wasm-sysroot/include/harfbuzz/hb-set.h
-- Installing: /workspaces/.riftengine/WebkitWasm/third_party/wasm-sysroot/include/harfbuzz/hb-shape-plan.h
-- Installing: /workspaces/.riftengine/WebkitWasm/third_party/wasm-sysroot/include/harfbuzz/hb-shape.h
-- Installing: /workspaces/.riftengine/WebkitWasm/third_party/wasm-sysroot/include/harfbuzz/hb-style.h
-- Installing: /workspaces/.riftengine/WebkitWasm/third_party/wasm-sysroot/include/harfbuzz/hb-unicode.h
-- Installing: /workspaces/.riftengine/WebkitWasm/third_party/wasm-sysroot/include/harfbuzz/hb-version.h
-- Installing: /workspaces/.riftengine/WebkitWasm/third_party/wasm-sysroot/include/harfbuzz/hb.h
-- Installing: /workspaces/.riftengine/WebkitWasm/third_party/wasm-sysroot/include/harfbuzz/hb-ft.h
-- Installing: /workspaces/.riftengine/WebkitWasm/third_party/wasm-sysroot/include/harfbuzz/hb-icu.h
-- Installing: /workspaces/.riftengine/WebkitWasm/third_party/wasm-sysroot/include/harfbuzz/hb-subset.h
-- Installing: /workspaces/.riftengine/WebkitWasm/third_party/wasm-sysroot/include/harfbuzz/hb-subset-repacker.h
-- Installing: /workspaces/.riftengine/WebkitWasm/third_party/wasm-sysroot/lib/libharfbuzz.a
-- Installing: /workspaces/.riftengine/WebkitWasm/third_party/wasm-sysroot/lib/pkgconfig/harfbuzz.pc
-- Installing: /workspaces/.riftengine/WebkitWasm/third_party/wasm-sysroot/lib/cmake/harfbuzz/harfbuzzConfig.cmake
-- Installing: /workspaces/.riftengine/WebkitWasm/third_party/wasm-sysroot/lib/cmake/harfbuzz/harfbuzzConfig-release.cmake
-- Installing: /workspaces/.riftengine/WebkitWasm/third_party/wasm-sysroot/lib/libharfbuzz-icu.a
-- Installing: /workspaces/.riftengine/WebkitWasm/third_party/wasm-sysroot/lib/pkgconfig/harfbuzz-icu.pc
-- Installing: /workspaces/.riftengine/WebkitWasm/third_party/wasm-sysroot/lib/libharfbuzz-subset.a
-- Installing: /workspaces/.riftengine/WebkitWasm/third_party/wasm-sysroot/lib/pkgconfig/harfbuzz-subset.pc
-- Installing: /workspaces/.riftengine/WebkitWasm/third_party/wasm-sysroot/include/harfbuzz/hb-features.h

===== third_party/build-deps/harfbuzz-build-configure.log =====
emcmake: cmake -S harfbuzz -B harfbuzz-build -GNinja -DCMAKE_BUILD_TYPE=Release -DCMAKE_INSTALL_PREFIX=/workspaces/.riftengine/WebkitWasm/third_party/wasm-sysroot -DCMAKE_FIND_ROOT_PATH=/workspaces/.riftengine/WebkitWasm/third_party/wasm-sysroot -DBUILD_SHARED_LIBS=OFF -DHB_HAVE_FREETYPE=ON -DHB_HAVE_ICU=ON -DHB_BUILD_UTILS=OFF -DFREETYPE_DIR=/workspaces/.riftengine/WebkitWasm/third_party/wasm-sysroot -DICU_ROOT=/workspaces/.riftengine/WebkitWasm/third_party/wasm-sysroot -DCMAKE_TOOLCHAIN_FILE=/workspaces/.riftengine/WebkitWasm/third_party/emsdk/upstream/emscripten/cmake/Modules/Platform/Emscripten.cmake -DCMAKE_CROSSCOMPILING_EMULATOR=/workspaces/.riftengine/WebkitWasm/third_party/emsdk/node/24.19.0_64bit/bin/node in directory /workspaces/.riftengine/WebkitWasm/third_party/build-deps
WARNHarfBuzz has a Meson port and tries to migrate all the other build systems to it, please consider using it as we might remove our cmake port soon.
-- Found Python3: /usr/bin/python3 (found version "3.12.3") found components: Interpreter 
-- Looking for atexit
-- Looking for atexit - found
-- Looking for mprotect
-- Looking for mprotect - found
-- Looking for sysconf
-- Looking for sysconf - found
-- Looking for getpagesize
-- Looking for getpagesize - found
-- Looking for mmap
-- Looking for mmap - found
-- Looking for isatty
-- Looking for isatty - found
-- Looking for unistd.h
-- Looking for unistd.h - found
-- Looking for sys/mman.h
-- Looking for sys/mman.h - found
-- Looking for stdbool.h
-- Looking for stdbool.h - found
-- Performing Test CMAKE_HAVE_LIBC_PTHREAD
-- Performing Test CMAKE_HAVE_LIBC_PTHREAD - Success
-- Found Threads: TRUE  
-- Found Freetype: /workspaces/.riftengine/WebkitWasm/third_party/wasm-sysroot/lib/libfreetype.a (found version "2.13.3") 
-- Looking for FT_Get_Var_Blend_Coordinates
-- Looking for FT_Get_Var_Blend_Coordinates - found
-- Looking for FT_Set_Var_Blend_Coordinates
-- Looking for FT_Set_Var_Blend_Coordinates - found
-- Looking for FT_Done_MM_Var
-- Looking for FT_Done_MM_Var - found
-- Found the following ICU libraries:
--   uc (required): /workspaces/.riftengine/WebkitWasm/third_party/wasm-sysroot/lib/libicuuc.a
-- Found ICU: /workspaces/.riftengine/WebkitWasm/third_party/wasm-sysroot/include (found version "77.1") 
-- Performing Test CXX_SUPPORTS_FLAG_BSYMB_FUNCS
-- Performing Test CXX_SUPPORTS_FLAG_BSYMB_FUNCS - Success
-- Performing Test COMPILER_SUPPORTS_CXX11
-- Performing Test COMPILER_SUPPORTS_CXX11 - Success
-- Configuring done (19.2s)
-- Generating done (0.0s)
CMake Warning:
  Manually-specified variables were not used by the project:

    FREETYPE_DIR


-- Build files have been written to: /workspaces/.riftengine/WebkitWasm/third_party/build-deps/harfbuzz-build

===== third_party/build-deps/icu-host/config.log =====
config.status:884: creating tools/genccode/genccode.8

## ---------------------- ##
## Running config.status. ##
## ---------------------- ##

This file was extended by ICU config.status 77.1, which was
generated by GNU Autoconf 2.72.  Invocation command line was

  CONFIG_FILES    = tools/gencmn/gencmn.8
  CONFIG_HEADERS  = 
  CONFIG_LINKS    = 
  CONFIG_COMMANDS = 
  $ ./config.status 

on codespaces-d8d5bd

config.status:884: creating tools/gencmn/gencmn.8

## ---------------------- ##
## Running config.status. ##
## ---------------------- ##

This file was extended by ICU config.status 77.1, which was
generated by GNU Autoconf 2.72.  Invocation command line was

  CONFIG_FILES    = tools/icupkg/icupkg.8
  CONFIG_HEADERS  = 
  CONFIG_LINKS    = 
  CONFIG_COMMANDS = 
  $ ./config.status 

on codespaces-d8d5bd

config.status:884: creating tools/icupkg/icupkg.8

## ---------------------- ##
## Running config.status. ##
## ---------------------- ##

This file was extended by ICU config.status 77.1, which was
generated by GNU Autoconf 2.72.  Invocation command line was

  CONFIG_FILES    = tools/pkgdata/pkgdata.1
  CONFIG_HEADERS  = 
  CONFIG_LINKS    = 
  CONFIG_COMMANDS = 
  $ ./config.status 

on codespaces-d8d5bd

config.status:884: creating tools/pkgdata/pkgdata.1

## ---------------------- ##
## Running config.status. ##
## ---------------------- ##

This file was extended by ICU config.status 77.1, which was
generated by GNU Autoconf 2.72.  Invocation command line was

  CONFIG_FILES    = tools/gencfu/gencfu.1
  CONFIG_HEADERS  = 
  CONFIG_LINKS    = 
  CONFIG_COMMANDS = 
  $ ./config.status 

on codespaces-d8d5bd

config.status:884: creating tools/gencfu/gencfu.1

## ---------------------- ##
## Running config.status. ##
## ---------------------- ##

This file was extended by ICU config.status 77.1, which was
generated by GNU Autoconf 2.72.  Invocation command line was

  CONFIG_FILES    = tools/gendict/gendict.1
  CONFIG_HEADERS  = 
  CONFIG_LINKS    = 
  CONFIG_COMMANDS = 
  $ ./config.status 

on codespaces-d8d5bd

config.status:884: creating tools/gendict/gendict.1

## ---------------------- ##
## Running config.status. ##
## ---------------------- ##

This file was extended by ICU config.status 77.1, which was
generated by GNU Autoconf 2.72.  Invocation command line was

  CONFIG_FILES    = tools/icuexportdata/icuexportdata.1
  CONFIG_HEADERS  = 
  CONFIG_LINKS    = 
  CONFIG_COMMANDS = 
  $ ./config.status 

on codespaces-d8d5bd

config.status:884: creating tools/icuexportdata/icuexportdata.1

## ---------------------- ##
## Running config.status. ##
## ---------------------- ##

This file was extended by ICU config.status 77.1, which was
generated by GNU Autoconf 2.72.  Invocation command line was

  CONFIG_FILES    = extra/uconv/uconv.1
  CONFIG_HEADERS  = 
  CONFIG_LINKS    = 
  CONFIG_COMMANDS = 
  $ ./config.status 

on codespaces-d8d5bd

config.status:884: creating extra/uconv/uconv.1

===== third_party/build-deps/icu-host/configure-host.log =====
checking for a sed that does not truncate output... /usr/bin/sed
checking for ar... ar
checking whether to enable renaming of symbols... yes
checking whether to enable function and data tracing... no
checking for elf.h... yes
checking whether to enable dynamic loading of plugins. Ignored if plugins disabled.... yes
checking for dlfcn.h... yes
checking for library containing dlopen... none required
checking for dlopen... yes
checking for gettimeofday... yes
checking if we have a C++ compiler... Good
checking if we have a C++17 compiler... yes
configure: Adding CXXFLAGS option -std=c++17
checking for pthread_attr_init in -lpthread... yes
checking for mmap... yes
checking for genccode assembly... -a gcc
checking for dirent.h... yes
checking whether byte ordering is bigendian... no
checking for nl_langinfo... yes
checking for nl_langinfo's argument to obtain the codeset... CODESET
checking for properly overriding new and delete... yes
checking for placement new and delete... yes
checking for popen... yes
checking for tzset... yes
checking for tzname... yes
checking for timezone... yes
checking for strtod_l... yes
checking for xlocale.h... no
checking for wchar.h... yes
checking for library containing wcscpy... none required
checking size of wchar_t... 4
checking for UTF-16 string literal support... available
checking for a library suffix to use... none
CPPFLAGS= $(THREADSCPPFLAGS)  -DU_HAVE_ELF_H=1 -DU_HAVE_STRTOD_L=1 -DU_HAVE_XLOCALE_H=0 
CFLAGS=-O3  -std=c11 -Wall -pedantic -Wshadow -Wpointer-arith -Wmissing-prototypes -Wwrite-strings $(THREADSCFLAGS) 
CXXFLAGS=-O3  -W -Wall -pedantic -Wpointer-arith -Wwrite-strings -Wno-long-long -std=c++17 $(THREADSCXXFLAGS) 
configure: creating ./config.status
config.status: creating icudefs.mk
config.status: creating Makefile
config.status: creating data/pkgdataMakefile
config.status: creating config/Makefile.inc
config.status: creating config/icu.pc
config.status: creating config/pkgdataMakefile
config.status: creating data/Makefile
config.status: creating stubdata/Makefile
config.status: creating common/Makefile
config.status: creating i18n/Makefile
config.status: creating layoutex/Makefile
config.status: creating io/Makefile
config.status: creating extra/Makefile
config.status: creating extra/uconv/Makefile
config.status: creating extra/uconv/pkgdataMakefile
config.status: creating extra/scrptrun/Makefile
config.status: creating tools/Makefile
config.status: creating tools/ctestfw/Makefile
config.status: creating tools/toolutil/Makefile
config.status: creating tools/makeconv/Makefile
config.status: creating tools/genrb/Makefile
config.status: creating tools/genccode/Makefile
config.status: creating tools/gencmn/Makefile
config.status: creating tools/gencnval/Makefile
config.status: creating tools/gendict/Makefile
config.status: creating tools/gentest/Makefile
config.status: creating tools/gennorm2/Makefile
config.status: creating tools/genbrk/Makefile
config.status: creating tools/gensprep/Makefile
config.status: creating tools/icuinfo/Makefile
config.status: creating tools/icupkg/Makefile
config.status: creating tools/icuswap/Makefile
config.status: creating tools/pkgdata/Makefile
config.status: creating tools/icuexportdata/Makefile
config.status: creating tools/tzcode/Makefile
config.status: creating tools/gencfu/Makefile
config.status: creating tools/escapesrc/Makefile
config.status: creating test/Makefile
config.status: creating test/compat/Makefile
config.status: creating test/testdata/Makefile
config.status: creating test/testdata/pkgdataMakefile
config.status: creating test/hdrtst/Makefile
config.status: creating test/intltest/Makefile
config.status: creating test/cintltst/Makefile
config.status: creating test/iotest/Makefile
config.status: creating test/letest/Makefile
config.status: creating test/perf/Makefile
config.status: creating test/perf/collationperf/Makefile
config.status: creating test/perf/collperf/Makefile
config.status: creating test/perf/collperf2/Makefile
config.status: creating test/perf/dicttrieperf/Makefile
config.status: creating test/perf/ubrkperf/Makefile
config.status: creating test/perf/charperf/Makefile
config.status: creating test/perf/convperf/Makefile
config.status: creating test/perf/localecanperf/Makefile
config.status: creating test/perf/normperf/Makefile
config.status: creating test/perf/DateFmtPerf/Makefile
config.status: creating test/perf/howExpensiveIs/Makefile
config.status: creating test/perf/strsrchperf/Makefile
config.status: creating test/perf/unisetperf/Makefile
config.status: creating test/perf/usetperf/Makefile
config.status: creating test/perf/ustrperf/Makefile
config.status: creating test/perf/utfperf/Makefile
config.status: creating test/perf/utrie2perf/Makefile
config.status: creating test/fuzzer/Makefile
config.status: creating samples/Makefile
Not rebuilding data/rules.mk, assuming prebuilt data in data/in
Spawning Python to generate test/testdata/rules.mk...

ICU for C/C++ 77.1 is ready to be built.
=== Important Notes: ===
Data Packaging: library
 This means: ICU data will be linked with ICU. A shared data library will be built. 
 To locate data: ICU will use the linked data library. If linked with the stub library located in stubdata/, the application can use udata_setCommonData() or set a data path to override.
Building ICU: Use a GNU make such as /usr/bin/gmake to build ICU.
checking the version of "/usr/bin/gmake"... 4.3 (we wanted at least 3.80)
ok
C   apps may want to build with CFLAGS   =  -std=c11
C++ apps may want to build with CXXFLAGS =  -std=c++17

If the result of the above commands looks okay to you, go to the directory
source in the ICU distribution to build ICU. Please remember that ICU needs
GNU make to build properly...

===== third_party/build-deps/icu-host/make-host.log =====
   cc	 ...  ../../../icu/source/tools/pkgdata/pkgtypes.c
config.status: creating tools/pkgdata/pkgdata.1
c++ -O3  -W -Wall -pedantic -Wpointer-arith -Wwrite-strings -Wno-long-long -std=c++17     -o ../../bin/pkgdata pkgdata.o pkgtypes.o -L../../lib -licutu -L../../lib -licui18n -L../../lib -licuuc -L../../stubdata -licudata -lpthread -lm  
make[2]: Leaving directory '/workspaces/.riftengine/WebkitWasm/third_party/build-deps/icu-host/tools/pkgdata'
make[1]: Making `all' in `gentest'
make[2]: Entering directory '/workspaces/.riftengine/WebkitWasm/third_party/build-deps/icu-host/tools/gentest'
   (deps)	 ../../../icu/source/tools/gentest/gentest.c
   (deps)	 ../../../icu/source/tools/gentest/genres32.c
   cc	 ...  ../../../icu/source/tools/gentest/genres32.c
   cc	 ...  ../../../icu/source/tools/gentest/gentest.c
c++ -O3  -W -Wall -pedantic -Wpointer-arith -Wwrite-strings -Wno-long-long -std=c++17     -o gentest genres32.o gentest.o -L../../tools/ctestfw -licutest -L../../lib -licutu -L../../lib -licui18n -L../../lib -licuuc -L../../stubdata -licudata -lpthread -lm   
make[2]: Leaving directory '/workspaces/.riftengine/WebkitWasm/third_party/build-deps/icu-host/tools/gentest'
make[1]: Making `all' in `gennorm2'
make[2]: Entering directory '/workspaces/.riftengine/WebkitWasm/third_party/build-deps/icu-host/tools/gennorm2'
   (deps)	 ../../../icu/source/tools/gennorm2/norms.cpp
   (deps)	 ../../../icu/source/tools/gennorm2/n2builder.cpp
   (deps)	 ../../../icu/source/tools/gennorm2/gennorm2.cpp
   (deps)	 ../../../icu/source/tools/gennorm2/extradata.cpp
   c++	 ...  ../../../icu/source/tools/gennorm2/extradata.cpp
   c++	 ...  ../../../icu/source/tools/gennorm2/gennorm2.cpp
   c++	 ...  ../../../icu/source/tools/gennorm2/n2builder.cpp
   c++	 ...  ../../../icu/source/tools/gennorm2/norms.cpp
c++ -O3  -W -Wall -pedantic -Wpointer-arith -Wwrite-strings -Wno-long-long -std=c++17     -o ../../bin/gennorm2 extradata.o gennorm2.o n2builder.o norms.o -L../../lib -licutu -L../../lib -licui18n -L../../lib -licuuc -L../../stubdata -licudata -lpthread -lm  
make[2]: Leaving directory '/workspaces/.riftengine/WebkitWasm/third_party/build-deps/icu-host/tools/gennorm2'
make[1]: Making `all' in `gencfu'
make[2]: Entering directory '/workspaces/.riftengine/WebkitWasm/third_party/build-deps/icu-host/tools/gencfu'
   (deps)	 ../../../icu/source/tools/gencfu/gencfu.cpp
cd ../.. \
 && CONFIG_FILES=tools/gencfu/gencfu.1 CONFIG_HEADERS= /bin/bash ./config.status
   c++	 ...  ../../../icu/source/tools/gencfu/gencfu.cpp
config.status: creating tools/gencfu/gencfu.1
c++ -O3  -W -Wall -pedantic -Wpointer-arith -Wwrite-strings -Wno-long-long -std=c++17     -o ../../bin/gencfu gencfu.o -L../../lib -licutu -L../../lib -licui18n -L../../lib -licuuc -L../../stubdata -licudata -lpthread -lm  
make[2]: Leaving directory '/workspaces/.riftengine/WebkitWasm/third_party/build-deps/icu-host/tools/gencfu'
make[1]: Making `all' in `gendict'
make[2]: Entering directory '/workspaces/.riftengine/WebkitWasm/third_party/build-deps/icu-host/tools/gendict'
   (deps)	 ../../../icu/source/tools/gendict/gendict.cpp
   c++	 ...  ../../../icu/source/tools/gendict/gendict.cpp
cd ../.. \
 && CONFIG_FILES=tools/gendict/gendict.1 CONFIG_HEADERS= /bin/bash ./config.status
config.status: creating tools/gendict/gendict.1
c++ -O3  -W -Wall -pedantic -Wpointer-arith -Wwrite-strings -Wno-long-long -std=c++17     -o ../../bin/gendict gendict.o -L../../lib -licutu -L../../lib -licui18n -L../../lib -licuuc -L../../stubdata -licudata -lpthread -lm  
make[2]: Leaving directory '/workspaces/.riftengine/WebkitWasm/third_party/build-deps/icu-host/tools/gendict'
make[1]: Making `all' in `icuexportdata'
make[2]: Entering directory '/workspaces/.riftengine/WebkitWasm/third_party/build-deps/icu-host/tools/icuexportdata'
   (deps)	 ../../../icu/source/tools/icuexportdata/icuexportdata.cpp
cd ../.. \
 && CONFIG_FILES=tools/icuexportdata/icuexportdata.1 CONFIG_HEADERS= /bin/bash ./config.status
   c++	 ...  ../../../icu/source/tools/icuexportdata/icuexportdata.cpp
config.status: creating tools/icuexportdata/icuexportdata.1
c++ -O3  -W -Wall -pedantic -Wpointer-arith -Wwrite-strings -Wno-long-long -std=c++17     -o ../../bin/icuexportdata icuexportdata.o -L../../lib -licutu -L../../lib -licui18n -L../../lib -licuuc -L../../stubdata -licudata -lpthread -lm  
make[2]: Leaving directory '/workspaces/.riftengine/WebkitWasm/third_party/build-deps/icu-host/tools/icuexportdata'
make[1]: Making `all' in `escapesrc'
make[2]: Entering directory '/workspaces/.riftengine/WebkitWasm/third_party/build-deps/icu-host/tools/escapesrc'
   (deps)	 ../../../icu/source/tools/escapesrc/escapesrc.cpp
   c++	 ...  ../../../icu/source/tools/escapesrc/escapesrc.cpp
c++ -O3  -W -Wall -pedantic -Wpointer-arith -Wwrite-strings -Wno-long-long -std=c++17     -o ../../bin/escapesrc escapesrc.o -lpthread -lm  
make[2]: Leaving directory '/workspaces/.riftengine/WebkitWasm/third_party/build-deps/icu-host/tools/escapesrc'
make[2]: Entering directory '/workspaces/.riftengine/WebkitWasm/third_party/build-deps/icu-host/tools'
make[2]: Nothing to be done for 'all-local'.
make[2]: Leaving directory '/workspaces/.riftengine/WebkitWasm/third_party/build-deps/icu-host/tools'
make[1]: Leaving directory '/workspaces/.riftengine/WebkitWasm/third_party/build-deps/icu-host/tools'
make[0]: Making `all' in `data'
make[1]: Entering directory '/workspaces/.riftengine/WebkitWasm/third_party/build-deps/icu-host/data'
make -f pkgdataMakefile
/bin/bash ../../icu/source/mkinstalldirs ./out/tmp ./out/build/icudt77l
make[2]: Entering directory '/workspaces/.riftengine/WebkitWasm/third_party/build-deps/icu-host/data'
rm -rf icupkg.inc
mkdir ./out
mkdir ./out/tmp
mkdir ./out/build
mkdir ./out/build/icudt77l
Unpacking ../../icu/source/data/in/icudt77l.dat and generating out/tmp/icudata.lst (list of data files)
LD_LIBRARY_PATH=../lib:../stubdata:../tools/ctestfw:$LD_LIBRARY_PATH  ../bin/icupkg -d ./out/build/icudt77l --list -x \* ../../icu/source/data/in/icudt77l.dat -o out/tmp/icudata.lst
make[2]: Leaving directory '/workspaces/.riftengine/WebkitWasm/third_party/build-deps/icu-host/data'
echo timestamp > build-local
LD_LIBRARY_PATH=../stubdata:../tools/ctestfw:../lib:$LD_LIBRARY_PATH  ../bin/pkgdata -O ../data/icupkg.inc -q -c -s /workspaces/.riftengine/WebkitWasm/third_party/build-deps/icu-host/data/out/build/icudt77l -d ../lib -e icudt77  -T ./out/tmp -p icudt77l -m dll -r 77.1 -L icudata ./out/tmp/icudata.lst
pkgdata: cc -D_REENTRANT  -DU_HAVE_ELF_H=1 -DU_HAVE_STRTOD_L=1 -DU_HAVE_XLOCALE_H=0  -DU_ALL_IMPLEMENTATION -DU_ATTRIBUTE_DEPRECATED= -O3  -std=c11 -Wall -pedantic -Wshadow -Wpointer-arith -Wmissing-prototypes -Wwrite-strings   -c -I../../icu/source/common -I../common -DPIC -fPIC -o ./out/tmp/icudt77l_dat.o ./out/tmp/icudt77l_dat.S
pkgdata: cc -O3  -std=c11 -Wall -pedantic -Wshadow -Wpointer-arith -Wmissing-prototypes -Wwrite-strings    -shared -Wl,-Bsymbolic -nodefaultlibs -nostdlib -o ../lib/libicudata.so.77.1 ./out/tmp/icudt77l_dat.o -Wl,-soname -Wl,libicudata.so.77  -Wl,-Bsymbolic
pkgdata: cd ../lib/ && rm -f libicudata.so.77 && ln -s libicudata.so.77.1 libicudata.so.77
pkgdata: cd ../lib/ && rm -f libicudata.so && ln -s libicudata.so.77.1 libicudata.so
echo timestamp > packagedata
make[1]: Leaving directory '/workspaces/.riftengine/WebkitWasm/third_party/build-deps/icu-host/data'
make[0]: Making `all' in `extra'
make[1]: Entering directory '/workspaces/.riftengine/WebkitWasm/third_party/build-deps/icu-host/extra'
make[1]: Making `all' in `scrptrun'
make[2]: Entering directory '/workspaces/.riftengine/WebkitWasm/third_party/build-deps/icu-host/extra/scrptrun'
   (deps)	 ../../../icu/source/extra/scrptrun/srtest.cpp
   (deps)	 ../../../icu/source/extra/scrptrun/scrptrun.cpp
   c++	 ...  ../../../icu/source/extra/scrptrun/scrptrun.cpp
   c++	 ...  ../../../icu/source/extra/scrptrun/srtest.cpp
c++ -O3  -W -Wall -pedantic -Wpointer-arith -Wwrite-strings -Wno-long-long -std=c++17     -o srtest scrptrun.o srtest.o -L../../lib -licuuc -L../../stubdata -licudata 
make[2]: Leaving directory '/workspaces/.riftengine/WebkitWasm/third_party/build-deps/icu-host/extra/scrptrun'
make[1]: Making `all' in `uconv'
make[2]: Entering directory '/workspaces/.riftengine/WebkitWasm/third_party/build-deps/icu-host/extra/uconv'
make -f pkgdataMakefile
   c++	 ...  ../../../icu/source/extra/uconv/uconv.cpp
   cc	 ...  ../../../icu/source/extra/uconv/uwmsg.c
mkdir uconvmsg
LD_LIBRARY_PATH=../../lib:../../stubdata:../../tools/ctestfw:$LD_LIBRARY_PATH  ../../bin/genrb -e UTF-8 -s ../../../icu/source/extra/uconv/resources -d uconvmsg root.txt
make[3]: Entering directory '/workspaces/.riftengine/WebkitWasm/third_party/build-deps/icu-host/extra/uconv'
rm -rf pkgdata.inc
LD_LIBRARY_PATH=../../lib:../../stubdata:../../tools/ctestfw:$LD_LIBRARY_PATH  ../../bin/genrb -e UTF-8 -s ../../../icu/source/extra/uconv/resources -d uconvmsg fr.txt
make[3]: Leaving directory '/workspaces/.riftengine/WebkitWasm/third_party/build-deps/icu-host/extra/uconv'
LD_LIBRARY_PATH=../../lib:../../stubdata:../../tools/ctestfw:$LD_LIBRARY_PATH   ../../bin/pkgdata -p uconvmsg -O pkgdata.inc -m static -s uconvmsg -d uconvmsg -T uconvmsg uconvmsg/uconvmsg.lst
cd ../.. \
 && CONFIG_FILES=extra/uconv/uconv.1 CONFIG_HEADERS= /bin/bash ./config.status
config.status: creating extra/uconv/uconv.1
ar: creating uconvmsg/libuconvmsg.a
pkgdata: cc -D_REENTRANT  -DU_HAVE_ELF_H=1 -DU_HAVE_STRTOD_L=1 -DU_HAVE_XLOCALE_H=0  -DU_ALL_IMPLEMENTATION -DU_ATTRIBUTE_DEPRECATED= -O3  -std=c11 -Wall -pedantic -Wshadow -Wpointer-arith -Wmissing-prototypes -Wwrite-strings   -c -I../../../icu/source/common -I../../common -DPIC -fPIC -o uconvmsg/uconvmsg_dat.o uconvmsg/uconvmsg_dat.S
pkgdata: ar r uconvmsg/libuconvmsg.a uconvmsg/uconvmsg_dat.o
pkgdata: ranlib uconvmsg/libuconvmsg.a
c++ -O3  -W -Wall -pedantic -Wpointer-arith -Wwrite-strings -Wno-long-long -std=c++17     -o ../../bin/uconv uconv.o uwmsg.o -L../../lib -licui18n -L../../lib -licuuc -L../../stubdata -licudata -lpthread -lm   uconvmsg/libuconvmsg.a
make[2]: Leaving directory '/workspaces/.riftengine/WebkitWasm/third_party/build-deps/icu-host/extra/uconv'
make[2]: Entering directory '/workspaces/.riftengine/WebkitWasm/third_party/build-deps/icu-host/extra'
make[2]: Nothing to be done for 'all-local'.
make[2]: Leaving directory '/workspaces/.riftengine/WebkitWasm/third_party/build-deps/icu-host/extra'
make[1]: Leaving directory '/workspaces/.riftengine/WebkitWasm/third_party/build-deps/icu-host/extra'
make[1]: Entering directory '/workspaces/.riftengine/WebkitWasm/third_party/build-deps/icu-host'
Note: rebuild with "make VERBOSE=1 all-local" to show all compiler parameters.
make[1]: Leaving directory '/workspaces/.riftengine/WebkitWasm/third_party/build-deps/icu-host'

===== third_party/build-deps/icu-wasm/config.log =====
U_HAVE_TZSET='1'
U_HAVE_WCHAR_H='1'
U_HAVE_WCSCPY='1'
U_IS_BIG_ENDIAN='0'
U_MAKE='/usr/bin/gmake'
U_NL_LANGINFO_CODESET='CODESET'
U_OVERRIDE_CXX_ALLOCATION='1'
U_TIMEZONE='timezone'
U_TZNAME='tzname'
U_TZSET='tzset'
VERSION='77.1'
ac_ct_CC=''
ac_ct_CXX=''
bindir='${exec_prefix}/bin'
build='x86_64-pc-linux-gnu'
build_alias=''
build_cpu='x86_64'
build_os='linux-gnu'
build_vendor='pc'
cross_buildroot='/workspaces/.riftengine/WebkitWasm/third_party/build-deps/icu-host'
cross_compiling='yes'
datadir='${datarootdir}'
datarootdir='${prefix}/share'
docdir='${datarootdir}/doc/${PACKAGE_TARNAME}'
dvidir='${docdir}'
exec_prefix='${prefix}'
host='wasm32-unknown-emscripten'
host_alias='wasm32-unknown-emscripten'
host_cpu='wasm32'
host_os='emscripten'
host_vendor='unknown'
htmldir='${docdir}'
includedir='${prefix}/include'
infodir='${datarootdir}/info'
libdir='${exec_prefix}/lib'
libexecdir='${exec_prefix}/libexec'
localedir='${datarootdir}/locale'
localstatedir='${prefix}/var'
mandir='${datarootdir}/man'
oldincludedir='/usr/include'
pdfdir='${docdir}'
pkgicudatadir='${datarootdir}'
platform='U_UNKNOWN_PLATFORM'
platform_make_fragment='$(top_srcdir)/config/mh-unknown'
platform_make_fragment_name='mh-unknown'
prefix='/workspaces/.riftengine/WebkitWasm/third_party/wasm-sysroot'
program_transform_name='s,x,x,'
psdir='${docdir}'
runstatedir='${localstatedir}/run'
sbindir='${exec_prefix}/sbin'
sharedstatedir='${prefix}/com'
sysconfdir='${prefix}/etc'
target_alias=''
thepkgicudatadir='${prefix}/share'

## ----------- ##
## confdefs.h. ##
## ----------- ##

/* confdefs.h */
#define PACKAGE_NAME "ICU"
#define PACKAGE_TARNAME "icu4c"
#define PACKAGE_VERSION "77.1"
#define PACKAGE_STRING "ICU 77.1"
#define PACKAGE_BUGREPORT "https://icu.unicode.org/bugs"
#define PACKAGE_URL "https://icu.unicode.org/"
#define HAVE_STDIO_H 1
#define HAVE_STDLIB_H 1
#define HAVE_STRING_H 1
#define HAVE_INTTYPES_H 1
#define HAVE_STDINT_H 1
#define HAVE_STRINGS_H 1
#define HAVE_SYS_STAT_H 1
#define HAVE_SYS_TYPES_H 1
#define HAVE_UNISTD_H 1
#define STDC_HEADERS 1
#define SIZEOF_VOID_P 4
#define HAVE_LIBM 1
#define HAVE_ELF_H 1
#define HAVE_GETTIMEOFDAY 1
#define HAVE_LIBPTHREAD 1
#define HAVE_DIRENT_H 1
#define HAVE_WCHAR_H 1
#define SIZEOF_WCHAR_T 4

configure: exit 0

## ---------------------- ##
## Running config.status. ##
## ---------------------- ##

This file was extended by ICU config.status 77.1, which was
generated by GNU Autoconf 2.72.  Invocation command line was

  CONFIG_FILES    = common/Makefile
  CONFIG_HEADERS  = 
  CONFIG_LINKS    = 
  CONFIG_COMMANDS = 
  $ ./config.status 

on codespaces-d8d5bd

config.status:885: creating common/Makefile

## ---------------------- ##
## Running config.status. ##
## ---------------------- ##

This file was extended by ICU config.status 77.1, which was
generated by GNU Autoconf 2.72.  Invocation command line was

  CONFIG_FILES    = ./config/icu-config.1
  CONFIG_HEADERS  = 
  CONFIG_LINKS    = 
  CONFIG_COMMANDS = 
  $ ./config.status 

on codespaces-d8d5bd

config.status:885: creating ./config/icu-config.1

===== third_party/build-deps/icu-wasm/configure-wasm.log =====
checking whether to build static libraries... yes
checking whether we can use static library optimization option... yes
checking whether to enable auto cleanup of libraries... no
checking whether to enable draft APIs... yes
checking for wasm32-unknown-emscripten-ranlib... /workspaces/.riftengine/WebkitWasm/third_party/emsdk/upstream/emscripten/emranlib
checking for a sed that does not truncate output... /usr/bin/sed
checking for wasm32-unknown-emscripten-ar... /workspaces/.riftengine/WebkitWasm/third_party/emsdk/upstream/emscripten/emar
checking whether to enable renaming of symbols... yes
checking whether to enable function and data tracing... no
checking for elf.h... yes
checking whether to enable dynamic loading of plugins. Ignored if plugins disabled.... no
checking for gettimeofday... yes
checking if we have a C++ compiler... Good
checking if we have a C++17 compiler... yes
configure: Adding CXXFLAGS option -std=c++17
checking for pthread_attr_init in -lpthread... yes
checking for mmap... yes
checking for genccode assembly... 
checking for dirent.h... yes
checking whether byte ordering is bigendian... no
checking for nl_langinfo... yes
checking for nl_langinfo's argument to obtain the codeset... CODESET
checking for properly overriding new and delete... yes
checking for placement new and delete... yes
checking for popen... yes
checking for tzset... yes
checking for tzname... yes
checking for timezone... yes
checking for strtod_l... yes
checking for xlocale.h... yes
checking for wchar.h... yes
checking for library containing wcscpy... none required
checking size of wchar_t... 4
checking for UTF-16 string literal support... available
checking for a library suffix to use... none
CPPFLAGS= $(THREADSCPPFLAGS)  -DU_HAVE_ELF_H=1 -DU_ENABLE_DYLOAD=0 -DU_HAVE_STRTOD_L=1 -DU_HAVE_XLOCALE_H=1 
CFLAGS=-O2 -pthread -std=c11 -Wall -pedantic -Wshadow -Wpointer-arith -Wmissing-prototypes -Wwrite-strings $(THREADSCFLAGS) 
CXXFLAGS=-O2 -pthread -W -Wall -pedantic -Wpointer-arith -Wwrite-strings -Wno-long-long -std=c++17 $(THREADSCXXFLAGS) 
configure: creating ./config.status
config.status: creating icudefs.mk
config.status: creating Makefile
config.status: creating data/pkgdataMakefile
config.status: creating config/Makefile.inc
config.status: creating config/icu.pc
config.status: creating config/pkgdataMakefile
config.status: creating data/Makefile
config.status: creating stubdata/Makefile
config.status: creating common/Makefile
config.status: creating i18n/Makefile
config.status: creating layoutex/Makefile
config.status: creating io/Makefile
config.status: creating extra/Makefile
config.status: creating extra/uconv/Makefile
config.status: creating extra/uconv/pkgdataMakefile
config.status: creating extra/scrptrun/Makefile
config.status: creating tools/Makefile
config.status: creating tools/ctestfw/Makefile
config.status: creating tools/toolutil/Makefile
config.status: creating tools/makeconv/Makefile
config.status: creating tools/genrb/Makefile
config.status: creating tools/genccode/Makefile
config.status: creating tools/gencmn/Makefile
config.status: creating tools/gencnval/Makefile
config.status: creating tools/gendict/Makefile
config.status: creating tools/gentest/Makefile
config.status: creating tools/gennorm2/Makefile
config.status: creating tools/genbrk/Makefile
config.status: creating tools/gensprep/Makefile
config.status: creating tools/icuinfo/Makefile
config.status: creating tools/icupkg/Makefile
config.status: creating tools/icuswap/Makefile
config.status: creating tools/pkgdata/Makefile
config.status: creating tools/icuexportdata/Makefile
config.status: creating tools/tzcode/Makefile
config.status: creating tools/gencfu/Makefile
config.status: creating tools/escapesrc/Makefile
config.status: creating test/Makefile
config.status: creating test/compat/Makefile
config.status: creating test/testdata/Makefile
config.status: creating test/testdata/pkgdataMakefile
config.status: creating test/hdrtst/Makefile
config.status: creating test/intltest/Makefile
config.status: creating test/cintltst/Makefile
config.status: creating test/iotest/Makefile
config.status: creating test/letest/Makefile
config.status: creating test/perf/Makefile
config.status: creating test/perf/collationperf/Makefile
config.status: creating test/perf/collperf/Makefile
config.status: creating test/perf/collperf2/Makefile
config.status: creating test/perf/dicttrieperf/Makefile
config.status: creating test/perf/ubrkperf/Makefile
config.status: creating test/perf/charperf/Makefile
config.status: creating test/perf/convperf/Makefile
config.status: creating test/perf/localecanperf/Makefile
config.status: creating test/perf/normperf/Makefile
config.status: creating test/perf/DateFmtPerf/Makefile
config.status: creating test/perf/howExpensiveIs/Makefile
config.status: creating test/perf/strsrchperf/Makefile
config.status: creating test/perf/unisetperf/Makefile
config.status: creating test/perf/usetperf/Makefile
config.status: creating test/perf/ustrperf/Makefile
config.status: creating test/perf/utfperf/Makefile
config.status: creating test/perf/utrie2perf/Makefile
config.status: creating test/fuzzer/Makefile
config.status: creating samples/Makefile
Not rebuilding data/rules.mk, assuming prebuilt data in data/in
Spawning Python to generate test/testdata/rules.mk...

ICU for C/C++ 77.1 is ready to be built.
=== Important Notes: ===
Data Packaging: archive
 This means: ICU data will be stored in a single .dat file.
 To locate data: ICU will look in /workspaces/.riftengine/WebkitWasm/third_party/wasm-sysroot/share/icu/77.1 which is the installation location. Call u_setDataDirectory() or use the ICU_DATA environment variable to override.
Building ICU: Use a GNU make such as /usr/bin/gmake to build ICU.
checking the version of "/usr/bin/gmake"... 4.3 (we wanted at least 3.80)
ok
C   apps may want to build with CFLAGS   =  -std=c11
C++ apps may want to build with CXXFLAGS =  -std=c++17
## Note: you have disabled ICU's tools. This ICU cannot build its own data or tests.
## Expect build failures in the 'data', 'test', and other directories.

===== third_party/build-deps/icu-wasm/install-wasm.log =====
/usr/bin/install -c -m 644 ../../icu/source/i18n/unicode/displayoptions.h /workspaces/.riftengine/WebkitWasm/third_party/wasm-sysroot/include/unicode
/usr/bin/install -c -m 644 ../../icu/source/i18n/unicode/dtfmtsym.h /workspaces/.riftengine/WebkitWasm/third_party/wasm-sysroot/include/unicode
/usr/bin/install -c -m 644 ../../icu/source/i18n/unicode/dtitvfmt.h /workspaces/.riftengine/WebkitWasm/third_party/wasm-sysroot/include/unicode
/usr/bin/install -c -m 644 ../../icu/source/i18n/unicode/dtitvinf.h /workspaces/.riftengine/WebkitWasm/third_party/wasm-sysroot/include/unicode
/usr/bin/install -c -m 644 ../../icu/source/i18n/unicode/dtptngen.h /workspaces/.riftengine/WebkitWasm/third_party/wasm-sysroot/include/unicode
/usr/bin/install -c -m 644 ../../icu/source/i18n/unicode/dtrule.h /workspaces/.riftengine/WebkitWasm/third_party/wasm-sysroot/include/unicode
/usr/bin/install -c -m 644 ../../icu/source/i18n/unicode/fieldpos.h /workspaces/.riftengine/WebkitWasm/third_party/wasm-sysroot/include/unicode
/usr/bin/install -c -m 644 ../../icu/source/i18n/unicode/fmtable.h /workspaces/.riftengine/WebkitWasm/third_party/wasm-sysroot/include/unicode
/usr/bin/install -c -m 644 ../../icu/source/i18n/unicode/format.h /workspaces/.riftengine/WebkitWasm/third_party/wasm-sysroot/include/unicode
/usr/bin/install -c -m 644 ../../icu/source/i18n/unicode/formattednumber.h /workspaces/.riftengine/WebkitWasm/third_party/wasm-sysroot/include/unicode
/usr/bin/install -c -m 644 ../../icu/source/i18n/unicode/formattedvalue.h /workspaces/.riftengine/WebkitWasm/third_party/wasm-sysroot/include/unicode
/usr/bin/install -c -m 644 ../../icu/source/i18n/unicode/fpositer.h /workspaces/.riftengine/WebkitWasm/third_party/wasm-sysroot/include/unicode
/usr/bin/install -c -m 644 ../../icu/source/i18n/unicode/gender.h /workspaces/.riftengine/WebkitWasm/third_party/wasm-sysroot/include/unicode
/usr/bin/install -c -m 644 ../../icu/source/i18n/unicode/gregocal.h /workspaces/.riftengine/WebkitWasm/third_party/wasm-sysroot/include/unicode
/usr/bin/install -c -m 644 ../../icu/source/i18n/unicode/listformatter.h /workspaces/.riftengine/WebkitWasm/third_party/wasm-sysroot/include/unicode
/usr/bin/install -c -m 644 ../../icu/source/i18n/unicode/measfmt.h /workspaces/.riftengine/WebkitWasm/third_party/wasm-sysroot/include/unicode
/usr/bin/install -c -m 644 ../../icu/source/i18n/unicode/measunit.h /workspaces/.riftengine/WebkitWasm/third_party/wasm-sysroot/include/unicode
/usr/bin/install -c -m 644 ../../icu/source/i18n/unicode/measure.h /workspaces/.riftengine/WebkitWasm/third_party/wasm-sysroot/include/unicode
/usr/bin/install -c -m 644 ../../icu/source/i18n/unicode/messageformat2_arguments.h /workspaces/.riftengine/WebkitWasm/third_party/wasm-sysroot/include/unicode
/usr/bin/install -c -m 644 ../../icu/source/i18n/unicode/messageformat2_data_model.h /workspaces/.riftengine/WebkitWasm/third_party/wasm-sysroot/include/unicode
/usr/bin/install -c -m 644 ../../icu/source/i18n/unicode/messageformat2_data_model_names.h /workspaces/.riftengine/WebkitWasm/third_party/wasm-sysroot/include/unicode
/usr/bin/install -c -m 644 ../../icu/source/i18n/unicode/messageformat2_formattable.h /workspaces/.riftengine/WebkitWasm/third_party/wasm-sysroot/include/unicode
/usr/bin/install -c -m 644 ../../icu/source/i18n/unicode/messageformat2_function_registry.h /workspaces/.riftengine/WebkitWasm/third_party/wasm-sysroot/include/unicode
/usr/bin/install -c -m 644 ../../icu/source/i18n/unicode/messageformat2.h /workspaces/.riftengine/WebkitWasm/third_party/wasm-sysroot/include/unicode
/usr/bin/install -c -m 644 ../../icu/source/i18n/unicode/msgfmt.h /workspaces/.riftengine/WebkitWasm/third_party/wasm-sysroot/include/unicode
/usr/bin/install -c -m 644 ../../icu/source/i18n/unicode/nounit.h /workspaces/.riftengine/WebkitWasm/third_party/wasm-sysroot/include/unicode
/usr/bin/install -c -m 644 ../../icu/source/i18n/unicode/numberformatter.h /workspaces/.riftengine/WebkitWasm/third_party/wasm-sysroot/include/unicode
/usr/bin/install -c -m 644 ../../icu/source/i18n/unicode/numberrangeformatter.h /workspaces/.riftengine/WebkitWasm/third_party/wasm-sysroot/include/unicode
/usr/bin/install -c -m 644 ../../icu/source/i18n/unicode/numfmt.h /workspaces/.riftengine/WebkitWasm/third_party/wasm-sysroot/include/unicode
/usr/bin/install -c -m 644 ../../icu/source/i18n/unicode/numsys.h /workspaces/.riftengine/WebkitWasm/third_party/wasm-sysroot/include/unicode
/usr/bin/install -c -m 644 ../../icu/source/i18n/unicode/plurfmt.h /workspaces/.riftengine/WebkitWasm/third_party/wasm-sysroot/include/unicode
/usr/bin/install -c -m 644 ../../icu/source/i18n/unicode/plurrule.h /workspaces/.riftengine/WebkitWasm/third_party/wasm-sysroot/include/unicode
/usr/bin/install -c -m 644 ../../icu/source/i18n/unicode/rbnf.h /workspaces/.riftengine/WebkitWasm/third_party/wasm-sysroot/include/unicode
/usr/bin/install -c -m 644 ../../icu/source/i18n/unicode/rbtz.h /workspaces/.riftengine/WebkitWasm/third_party/wasm-sysroot/include/unicode
/usr/bin/install -c -m 644 ../../icu/source/i18n/unicode/regex.h /workspaces/.riftengine/WebkitWasm/third_party/wasm-sysroot/include/unicode
/usr/bin/install -c -m 644 ../../icu/source/i18n/unicode/region.h /workspaces/.riftengine/WebkitWasm/third_party/wasm-sysroot/include/unicode
/usr/bin/install -c -m 644 ../../icu/source/i18n/unicode/reldatefmt.h /workspaces/.riftengine/WebkitWasm/third_party/wasm-sysroot/include/unicode
/usr/bin/install -c -m 644 ../../icu/source/i18n/unicode/scientificnumberformatter.h /workspaces/.riftengine/WebkitWasm/third_party/wasm-sysroot/include/unicode
/usr/bin/install -c -m 644 ../../icu/source/i18n/unicode/search.h /workspaces/.riftengine/WebkitWasm/third_party/wasm-sysroot/include/unicode
/usr/bin/install -c -m 644 ../../icu/source/i18n/unicode/selfmt.h /workspaces/.riftengine/WebkitWasm/third_party/wasm-sysroot/include/unicode
/usr/bin/install -c -m 644 ../../icu/source/i18n/unicode/simplenumberformatter.h /workspaces/.riftengine/WebkitWasm/third_party/wasm-sysroot/include/unicode
/usr/bin/install -c -m 644 ../../icu/source/i18n/unicode/simpletz.h /workspaces/.riftengine/WebkitWasm/third_party/wasm-sysroot/include/unicode
/usr/bin/install -c -m 644 ../../icu/source/i18n/unicode/smpdtfmt.h /workspaces/.riftengine/WebkitWasm/third_party/wasm-sysroot/include/unicode
/usr/bin/install -c -m 644 ../../icu/source/i18n/unicode/sortkey.h /workspaces/.riftengine/WebkitWasm/third_party/wasm-sysroot/include/unicode
/usr/bin/install -c -m 644 ../../icu/source/i18n/unicode/stsearch.h /workspaces/.riftengine/WebkitWasm/third_party/wasm-sysroot/include/unicode
/usr/bin/install -c -m 644 ../../icu/source/i18n/unicode/tblcoll.h /workspaces/.riftengine/WebkitWasm/third_party/wasm-sysroot/include/unicode
/usr/bin/install -c -m 644 ../../icu/source/i18n/unicode/timezone.h /workspaces/.riftengine/WebkitWasm/third_party/wasm-sysroot/include/unicode
/usr/bin/install -c -m 644 ../../icu/source/i18n/unicode/tmunit.h /workspaces/.riftengine/WebkitWasm/third_party/wasm-sysroot/include/unicode
/usr/bin/install -c -m 644 ../../icu/source/i18n/unicode/tmutamt.h /workspaces/.riftengine/WebkitWasm/third_party/wasm-sysroot/include/unicode
/usr/bin/install -c -m 644 ../../icu/source/i18n/unicode/tmutfmt.h /workspaces/.riftengine/WebkitWasm/third_party/wasm-sysroot/include/unicode
/usr/bin/install -c -m 644 ../../icu/source/i18n/unicode/translit.h /workspaces/.riftengine/WebkitWasm/third_party/wasm-sysroot/include/unicode
/usr/bin/install -c -m 644 ../../icu/source/i18n/unicode/tzfmt.h /workspaces/.riftengine/WebkitWasm/third_party/wasm-sysroot/include/unicode
/usr/bin/install -c -m 644 ../../icu/source/i18n/unicode/tznames.h /workspaces/.riftengine/WebkitWasm/third_party/wasm-sysroot/include/unicode
/usr/bin/install -c -m 644 ../../icu/source/i18n/unicode/tzrule.h /workspaces/.riftengine/WebkitWasm/third_party/wasm-sysroot/include/unicode
/usr/bin/install -c -m 644 ../../icu/source/i18n/unicode/tztrans.h /workspaces/.riftengine/WebkitWasm/third_party/wasm-sysroot/include/unicode
/usr/bin/install -c -m 644 ../../icu/source/i18n/unicode/ucal.h /workspaces/.riftengine/WebkitWasm/third_party/wasm-sysroot/include/unicode
/usr/bin/install -c -m 644 ../../icu/source/i18n/unicode/ucoleitr.h /workspaces/.riftengine/WebkitWasm/third_party/wasm-sysroot/include/unicode
/usr/bin/install -c -m 644 ../../icu/source/i18n/unicode/ucol.h /workspaces/.riftengine/WebkitWasm/third_party/wasm-sysroot/include/unicode
/usr/bin/install -c -m 644 ../../icu/source/i18n/unicode/ucsdet.h /workspaces/.riftengine/WebkitWasm/third_party/wasm-sysroot/include/unicode
/usr/bin/install -c -m 644 ../../icu/source/i18n/unicode/udateintervalformat.h /workspaces/.riftengine/WebkitWasm/third_party/wasm-sysroot/include/unicode
/usr/bin/install -c -m 644 ../../icu/source/i18n/unicode/udat.h /workspaces/.riftengine/WebkitWasm/third_party/wasm-sysroot/include/unicode
/usr/bin/install -c -m 644 ../../icu/source/i18n/unicode/udatpg.h /workspaces/.riftengine/WebkitWasm/third_party/wasm-sysroot/include/unicode
/usr/bin/install -c -m 644 ../../icu/source/i18n/unicode/udisplayoptions.h /workspaces/.riftengine/WebkitWasm/third_party/wasm-sysroot/include/unicode
/usr/bin/install -c -m 644 ../../icu/source/i18n/unicode/ufieldpositer.h /workspaces/.riftengine/WebkitWasm/third_party/wasm-sysroot/include/unicode
/usr/bin/install -c -m 644 ../../icu/source/i18n/unicode/uformattable.h /workspaces/.riftengine/WebkitWasm/third_party/wasm-sysroot/include/unicode
/usr/bin/install -c -m 644 ../../icu/source/i18n/unicode/uformattednumber.h /workspaces/.riftengine/WebkitWasm/third_party/wasm-sysroot/include/unicode
/usr/bin/install -c -m 644 ../../icu/source/i18n/unicode/uformattedvalue.h /workspaces/.riftengine/WebkitWasm/third_party/wasm-sysroot/include/unicode
/usr/bin/install -c -m 644 ../../icu/source/i18n/unicode/ugender.h /workspaces/.riftengine/WebkitWasm/third_party/wasm-sysroot/include/unicode
/usr/bin/install -c -m 644 ../../icu/source/i18n/unicode/ulistformatter.h /workspaces/.riftengine/WebkitWasm/third_party/wasm-sysroot/include/unicode
/usr/bin/install -c -m 644 ../../icu/source/i18n/unicode/ulocdata.h /workspaces/.riftengine/WebkitWasm/third_party/wasm-sysroot/include/unicode
/usr/bin/install -c -m 644 ../../icu/source/i18n/unicode/umsg.h /workspaces/.riftengine/WebkitWasm/third_party/wasm-sysroot/include/unicode
/usr/bin/install -c -m 644 ../../icu/source/i18n/unicode/unirepl.h /workspaces/.riftengine/WebkitWasm/third_party/wasm-sysroot/include/unicode
/usr/bin/install -c -m 644 ../../icu/source/i18n/unicode/unumberformatter.h /workspaces/.riftengine/WebkitWasm/third_party/wasm-sysroot/include/unicode
/usr/bin/install -c -m 644 ../../icu/source/i18n/unicode/unumberoptions.h /workspaces/.riftengine/WebkitWasm/third_party/wasm-sysroot/include/unicode
/usr/bin/install -c -m 644 ../../icu/source/i18n/unicode/unumberrangeformatter.h /workspaces/.riftengine/WebkitWasm/third_party/wasm-sysroot/include/unicode
/usr/bin/install -c -m 644 ../../icu/source/i18n/unicode/unum.h /workspaces/.riftengine/WebkitWasm/third_party/wasm-sysroot/include/unicode
/usr/bin/install -c -m 644 ../../icu/source/i18n/unicode/unumsys.h /workspaces/.riftengine/WebkitWasm/third_party/wasm-sysroot/include/unicode
/usr/bin/install -c -m 644 ../../icu/source/i18n/unicode/upluralrules.h /workspaces/.riftengine/WebkitWasm/third_party/wasm-sysroot/include/unicode
/usr/bin/install -c -m 644 ../../icu/source/i18n/unicode/uregex.h /workspaces/.riftengine/WebkitWasm/third_party/wasm-sysroot/include/unicode
/usr/bin/install -c -m 644 ../../icu/source/i18n/unicode/uregion.h /workspaces/.riftengine/WebkitWasm/third_party/wasm-sysroot/include/unicode
/usr/bin/install -c -m 644 ../../icu/source/i18n/unicode/ureldatefmt.h /workspaces/.riftengine/WebkitWasm/third_party/wasm-sysroot/include/unicode
/usr/bin/install -c -m 644 ../../icu/source/i18n/unicode/usearch.h /workspaces/.riftengine/WebkitWasm/third_party/wasm-sysroot/include/unicode
/usr/bin/install -c -m 644 ../../icu/source/i18n/unicode/usimplenumberformatter.h /workspaces/.riftengine/WebkitWasm/third_party/wasm-sysroot/include/unicode
/usr/bin/install -c -m 644 ../../icu/source/i18n/unicode/uspoof.h /workspaces/.riftengine/WebkitWasm/third_party/wasm-sysroot/include/unicode
/usr/bin/install -c -m 644 ../../icu/source/i18n/unicode/utmscale.h /workspaces/.riftengine/WebkitWasm/third_party/wasm-sysroot/include/unicode
/usr/bin/install -c -m 644 ../../icu/source/i18n/unicode/utrans.h /workspaces/.riftengine/WebkitWasm/third_party/wasm-sysroot/include/unicode
/usr/bin/install -c -m 644 ../../icu/source/i18n/unicode/vtzone.h /workspaces/.riftengine/WebkitWasm/third_party/wasm-sysroot/include/unicode
/bin/bash ../../icu/source/mkinstalldirs /workspaces/.riftengine/WebkitWasm/third_party/wasm-sysroot/lib
/usr/bin/install -c ../lib/libicui18n.a /workspaces/.riftengine/WebkitWasm/third_party/wasm-sysroot/lib
make[1]: Leaving directory '/workspaces/.riftengine/WebkitWasm/third_party/build-deps/icu-wasm/i18n'
make[0]: Making `install' in `io'
make[1]: Entering directory '/workspaces/.riftengine/WebkitWasm/third_party/build-deps/icu-wasm/io'
/bin/bash ../../icu/source/mkinstalldirs /workspaces/.riftengine/WebkitWasm/third_party/wasm-sysroot/include/unicode
/usr/bin/install -c -m 644 ../../icu/source/io/unicode/ustdio.h /workspaces/.riftengine/WebkitWasm/third_party/wasm-sysroot/include/unicode
/usr/bin/install -c -m 644 ../../icu/source/io/unicode/ustream.h /workspaces/.riftengine/WebkitWasm/third_party/wasm-sysroot/include/unicode
/bin/bash ../../icu/source/mkinstalldirs /workspaces/.riftengine/WebkitWasm/third_party/wasm-sysroot/lib
/usr/bin/install -c ../lib/libicuio.a /workspaces/.riftengine/WebkitWasm/third_party/wasm-sysroot/lib
make[1]: Leaving directory '/workspaces/.riftengine/WebkitWasm/third_party/build-deps/icu-wasm/io'
make[0]: Making `install' in `data'
make[1]: Entering directory '/workspaces/.riftengine/WebkitWasm/third_party/build-deps/icu-wasm/data'
/bin/bash ../../icu/source/mkinstalldirs  /workspaces/.riftengine/WebkitWasm/third_party/wasm-sysroot/share/icu/77.1
LD_LIBRARY_PATH=/workspaces/.riftengine/WebkitWasm/third_party/build-deps/icu-host/stubdata:/workspaces/.riftengine/WebkitWasm/third_party/build-deps/icu-host/tools/ctestfw:/workspaces/.riftengine/WebkitWasm/third_party/build-deps/icu-host/lib:$LD_LIBRARY_PATH  /workspaces/.riftengine/WebkitWasm/third_party/build-deps/icu-host/bin/pkgdata -O ../data/icupkg.inc -q -c -s /workspaces/.riftengine/WebkitWasm/third_party/build-deps/icu-wasm/data/out/build/icudt77l -d ./out -m common -r 77.1 -e icudt77  -T ./out/tmp -s ./out/build/icudt77l -p icudt77l  ./out/tmp/icudata.lst -I /workspaces/.riftengine/WebkitWasm/third_party/wasm-sysroot/share/icu/77.1
pkgdata: /usr/bin/install -c ./out/icudt77l.dat /workspaces/.riftengine/WebkitWasm/third_party/wasm-sysroot/share/icu/77.1
make[1]: Leaving directory '/workspaces/.riftengine/WebkitWasm/third_party/build-deps/icu-wasm/data'
make[1]: Entering directory '/workspaces/.riftengine/WebkitWasm/third_party/build-deps/icu-wasm'
/usr/bin/install -c -m 644 ../icu/source/config/mh-unknown /workspaces/.riftengine/WebkitWasm/third_party/wasm-sysroot/share/icu/77.1/config/mh-unknown
/usr/bin/install -c ../icu/source/mkinstalldirs /workspaces/.riftengine/WebkitWasm/third_party/wasm-sysroot/share/icu/77.1/mkinstalldirs
/usr/bin/install -c ../icu/source/install-sh /workspaces/.riftengine/WebkitWasm/third_party/wasm-sysroot/share/icu/77.1/install-sh
/usr/bin/install -c -m 644 ./config/icu-uc.pc ./config/icu-i18n.pc ./config/icu-io.pc /workspaces/.riftengine/WebkitWasm/third_party/wasm-sysroot/lib/pkgconfig/
/usr/bin/install -c -m 644 ../icu/source/../LICENSE /workspaces/.riftengine/WebkitWasm/third_party/wasm-sysroot/share/icu/77.1/LICENSE
/usr/bin/install -c ./config/icu-config /workspaces/.riftengine/WebkitWasm/third_party/wasm-sysroot/bin/icu-config
/usr/bin/install -c -m 644 ./config/Makefile.inc /workspaces/.riftengine/WebkitWasm/third_party/wasm-sysroot/lib/icu/77.1/Makefile.inc
/usr/bin/install -c -m 644 ./config/pkgdata.inc /workspaces/.riftengine/WebkitWasm/third_party/wasm-sysroot/lib/icu/77.1/pkgdata.inc
cd /workspaces/.riftengine/WebkitWasm/third_party/wasm-sysroot/lib/icu/77.1/..; \
    rm -rf current && ln -s 77.1 current; \
    rm -f Makefile.inc && ln -s current/Makefile.inc Makefile.inc; \
    rm -f pkgdata.inc && ln -s current/pkgdata.inc pkgdata.inc
/bin/bash ../icu/source/mkinstalldirs /workspaces/.riftengine/WebkitWasm/third_party/wasm-sysroot/share/man/man1
/usr/bin/install -c -m 644 config/icu-config.1 /workspaces/.riftengine/WebkitWasm/third_party/wasm-sysroot/share/man/man1
make[1]: Leaving directory '/workspaces/.riftengine/WebkitWasm/third_party/build-deps/icu-wasm'

===== third_party/build-deps/icu-wasm/make-wasm.log =====
emmake: "make -j4" in "/workspaces/.riftengine/WebkitWasm/third_party/build-deps/icu-wasm"
rm -rf config/icu-config
rebuilding config/icucross.inc
/usr/bin/install -c ../icu/source/config/icu-config-top config/icu-config
make[0]: Making `all' in `stubdata'
chmod u+w config/icu-config
make[1]: Entering directory '/workspaces/.riftengine/WebkitWasm/third_party/build-deps/icu-wasm/stubdata'
LC_ALL=C /usr/bin/sed -f ../icu/source/config/make2sh.sed < ./config/Makefile.inc | grep -v '#M#' | uniq >> config/icu-config
make[1]: Nothing to be done for 'all'.
make[1]: Leaving directory '/workspaces/.riftengine/WebkitWasm/third_party/build-deps/icu-wasm/stubdata'
make[0]: Making `all' in `common'
LC_ALL=C /usr/bin/sed -f ../icu/source/config/make2sh.sed < ../icu/source/config/mh-unknown | grep -v '#M#' | uniq >> config/icu-config
cat ../icu/source/config/icu-config-bottom >> config/icu-config
chmod u-w config/icu-config
make[1]: Entering directory '/workspaces/.riftengine/WebkitWasm/third_party/build-deps/icu-wasm/common'
Note: rebuild with "make VERBOSE=1 " to show all compiler parameters.
make[1]: Nothing to be done for 'all'.
make[1]: Leaving directory '/workspaces/.riftengine/WebkitWasm/third_party/build-deps/icu-wasm/common'
make[0]: Making `all' in `i18n'
make[1]: Entering directory '/workspaces/.riftengine/WebkitWasm/third_party/build-deps/icu-wasm/i18n'
make[1]: Nothing to be done for 'all'.
make[1]: Leaving directory '/workspaces/.riftengine/WebkitWasm/third_party/build-deps/icu-wasm/i18n'
make[0]: Making `all' in `io'
make[1]: Entering directory '/workspaces/.riftengine/WebkitWasm/third_party/build-deps/icu-wasm/io'
make[1]: Nothing to be done for 'all'.
make[1]: Leaving directory '/workspaces/.riftengine/WebkitWasm/third_party/build-deps/icu-wasm/io'
make[0]: Making `all' in `data'
make[1]: Entering directory '/workspaces/.riftengine/WebkitWasm/third_party/build-deps/icu-wasm/data'
make[1]: Nothing to be done for 'all'.
make[1]: Leaving directory '/workspaces/.riftengine/WebkitWasm/third_party/build-deps/icu-wasm/data'
make[1]: Entering directory '/workspaces/.riftengine/WebkitWasm/third_party/build-deps/icu-wasm'
Note: rebuild with "make VERBOSE=1 all-local" to show all compiler parameters.
make[1]: Leaving directory '/workspaces/.riftengine/WebkitWasm/third_party/build-deps/icu-wasm'

===== third_party/build-deps/libjpeg-turbo-build-build.log =====
[56/145] Building C object CMakeFiles/jpeg-static.dir/jdpostct.c.o
[57/145] Building C object CMakeFiles/jpeg-static.dir/jutils.c.o
[58/145] Building C object CMakeFiles/jpeg-static.dir/jdcolor.c.o
[59/145] Building C object CMakeFiles/jpeg-static.dir/jccoefct.c.o
[60/145] Building C object CMakeFiles/jpeg-static.dir/jcdctmgr.c.o
[61/145] Building C object CMakeFiles/jpeg-static.dir/jfdctfst.c.o
[62/145] Building C object CMakeFiles/jpeg-static.dir/jddctmgr.c.o
[63/145] Building C object CMakeFiles/jpeg-static.dir/jdcoefct.c.o
[64/145] Building C object CMakeFiles/jpeg-static.dir/jfdctint.c.o
[65/145] Building C object CMakeFiles/jpeg-static.dir/jdmerge.c.o
[66/145] Building C object CMakeFiles/jpeg-static.dir/jidctfst.c.o
[67/145] Building C object CMakeFiles/jpeg-static.dir/jidctflt.c.o
[68/145] Building C object CMakeFiles/jpeg-static.dir/jidctred.c.o
[69/145] Building C object CMakeFiles/jpeg-static.dir/jcapimin.c.o
[70/145] Building C object CMakeFiles/jpeg-static.dir/jquant1.c.o
[71/145] Building C object CMakeFiles/jpeg-static.dir/jcicc.c.o
[72/145] Building C object CMakeFiles/jpeg-static.dir/jidctint.c.o
[73/145] Building C object CMakeFiles/jpeg-static.dir/jcinit.c.o
[74/145] Building C object CMakeFiles/jpeg-static.dir/jquant2.c.o
[75/145] Building C object CMakeFiles/jpeg-static.dir/jcomapi.c.o
[76/145] Building C object CMakeFiles/jpeg-static.dir/jclhuff.c.o
[77/145] Building C object CMakeFiles/jpeg-static.dir/jcmarker.c.o
[78/145] Building C object CMakeFiles/jpeg-static.dir/jcmaster.c.o
[79/145] Building C object CMakeFiles/jpeg-static.dir/jcparam.c.o
[80/145] Building C object CMakeFiles/jpeg-static.dir/jdapimin.c.o
[81/145] Building C object CMakeFiles/jpeg-static.dir/jdatasrc.c.o
[82/145] Building C object CMakeFiles/jpeg-static.dir/jctrans.c.o
[83/145] Building C object CMakeFiles/jpeg-static.dir/jdatadst.c.o
[84/145] Building C object CMakeFiles/jpeg-static.dir/jcphuff.c.o
[85/145] Building C object CMakeFiles/jpeg-static.dir/jdinput.c.o
[86/145] Building C object CMakeFiles/jpeg-static.dir/jdicc.c.o
[87/145] Building C object CMakeFiles/jpeg-static.dir/jdlhuff.c.o
[88/145] Building C object CMakeFiles/jpeg-static.dir/jdhuff.c.o
[89/145] Building C object CMakeFiles/jpeg-static.dir/jdtrans.c.o
[90/145] Building C object CMakeFiles/jpeg-static.dir/jdphuff.c.o
[91/145] Building C object CMakeFiles/jpeg-static.dir/jdmarker.c.o
[92/145] Building C object CMakeFiles/jpeg-static.dir/jdmaster.c.o
[93/145] Building C object CMakeFiles/jpeg-static.dir/jerror.c.o
[94/145] Building C object CMakeFiles/jpeg-static.dir/jchuff.c.o
[95/145] Building C object CMakeFiles/jpeg-static.dir/jmemnobs.c.o
[96/145] Building C object CMakeFiles/jpeg-static.dir/jfdctflt.c.o
[97/145] Building C object CMakeFiles/jpeg-static.dir/jaricom.c.o
[98/145] Building C object CMakeFiles/jpeg-static.dir/jpeg_nbits.c.o
[99/145] Building C object CMakeFiles/jpeg-static.dir/jmemmgr.c.o
[100/145] Building C object CMakeFiles/jpeg-static.dir/jcarith.c.o
[101/145] Building C object CMakeFiles/cjpeg12-static.dir/rdgif.c.o
[102/145] Building C object CMakeFiles/cjpeg16-static.dir/rdgif.c.o
[103/145] Building C object CMakeFiles/jpeg-static.dir/jdarith.c.o
[104/145] Building C object CMakeFiles/cjpeg12-static.dir/rdppm.c.o
[105/145] Building C object CMakeFiles/cjpeg16-static.dir/rdppm.c.o
[106/145] Building C object CMakeFiles/cjpeg-static.dir/cjpeg.c.o
[107/145] Building C object CMakeFiles/cjpeg-static.dir/cdjpeg.c.o
[108/145] Linking C static library libjpeg.a
[109/145] Building C object CMakeFiles/cjpeg-static.dir/rdgif.c.o
[110/145] Building C object CMakeFiles/cjpeg-static.dir/rdswitch.c.o
[111/145] Building C object CMakeFiles/cjpeg-static.dir/rdtarga.c.o
[112/145] Building C object CMakeFiles/cjpeg-static.dir/rdbmp.c.o
[113/145] Building C object CMakeFiles/cjpeg-static.dir/rdppm.c.o
[114/145] Building C object CMakeFiles/djpeg12-static.dir/wrppm.c.o
[115/145] Building C object CMakeFiles/djpeg12-static.dir/wrgif.c.o
[116/145] Building C object CMakeFiles/djpeg12-static.dir/rdcolmap.c.o
[117/145] Building C object CMakeFiles/djpeg16-static.dir/wrppm.c.o
[118/145] Building C object CMakeFiles/djpeg-static.dir/rdcolmap.c.o
[119/145] Building C object CMakeFiles/djpeg-static.dir/djpeg.c.o
[120/145] Building C object CMakeFiles/djpeg-static.dir/cdjpeg.c.o
[121/145] Building C object CMakeFiles/djpeg-static.dir/rdswitch.c.o
[122/145] Building C object CMakeFiles/djpeg-static.dir/wrbmp.c.o
[123/145] Building C object CMakeFiles/djpeg-static.dir/wrppm.c.o
[124/145] Building C object CMakeFiles/djpeg-static.dir/wrgif.c.o
[125/145] Building C object CMakeFiles/djpeg-static.dir/wrtarga.c.o
[126/145] Building C object CMakeFiles/jpegtran-static.dir/cdjpeg.c.o
[127/145] Building C object CMakeFiles/jpegtran-static.dir/jpegtran.c.o
[128/145] Building C object CMakeFiles/jpegtran-static.dir/rdswitch.c.o
[129/145] Building C object CMakeFiles/rdjpgcom.dir/rdjpgcom.c.o
[130/145] Building C object CMakeFiles/example-static.dir/example.c.o
[131/145] Building C object CMakeFiles/wrjpgcom.dir/wrjpgcom.c.o
[132/145] Building C object CMakeFiles/jpegtran-static.dir/transupp.c.o
[133/145] Linking C executable rdjpgcom.js
[134/145] Building C object CMakeFiles/strtest.dir/strtest.c.o
[135/145] Linking C executable wrjpgcom.js
[136/145] Building C object md5/CMakeFiles/md5cmp.dir/md5cmp.c.o
[137/145] Building C object md5/CMakeFiles/md5cmp.dir/md5.c.o
[138/145] Building C object md5/CMakeFiles/md5cmp.dir/md5hl.c.o
[139/145] Linking C executable djpeg-static.js
[140/145] Linking C executable cjpeg-static.js
[141/145] Linking C executable example-static.js
[142/145] Linking C executable strtest.js
[143/145] Linking C executable jpegtran-static.js
[144/145] Linking C executable md5/md5cmp.js
[144/145] Install the project...
-- Install configuration: "Release"
-- Installing: /workspaces/.riftengine/WebkitWasm/third_party/wasm-sysroot/lib/libjpeg.a
-- Installing: /workspaces/.riftengine/WebkitWasm/third_party/wasm-sysroot/bin/cjpeg.js
-- Installing: /workspaces/.riftengine/WebkitWasm/third_party/wasm-sysroot/bin/djpeg.js
-- Installing: /workspaces/.riftengine/WebkitWasm/third_party/wasm-sysroot/bin/jpegtran.js
-- Installing: /workspaces/.riftengine/WebkitWasm/third_party/wasm-sysroot/bin/rdjpgcom.js
-- Installing: /workspaces/.riftengine/WebkitWasm/third_party/wasm-sysroot/bin/wrjpgcom.js
-- Installing: /workspaces/.riftengine/WebkitWasm/third_party/wasm-sysroot/share/doc/libjpeg-turbo/README.ijg
-- Installing: /workspaces/.riftengine/WebkitWasm/third_party/wasm-sysroot/share/doc/libjpeg-turbo/README.md
-- Installing: /workspaces/.riftengine/WebkitWasm/third_party/wasm-sysroot/share/doc/libjpeg-turbo/example.c
-- Installing: /workspaces/.riftengine/WebkitWasm/third_party/wasm-sysroot/share/doc/libjpeg-turbo/tjexample.c
-- Installing: /workspaces/.riftengine/WebkitWasm/third_party/wasm-sysroot/share/doc/libjpeg-turbo/libjpeg.txt
-- Installing: /workspaces/.riftengine/WebkitWasm/third_party/wasm-sysroot/share/doc/libjpeg-turbo/structure.txt
-- Installing: /workspaces/.riftengine/WebkitWasm/third_party/wasm-sysroot/share/doc/libjpeg-turbo/usage.txt
-- Installing: /workspaces/.riftengine/WebkitWasm/third_party/wasm-sysroot/share/doc/libjpeg-turbo/wizard.txt
-- Installing: /workspaces/.riftengine/WebkitWasm/third_party/wasm-sysroot/share/doc/libjpeg-turbo/LICENSE.md
-- Installing: /workspaces/.riftengine/WebkitWasm/third_party/wasm-sysroot/share/man/man1/cjpeg.1
-- Installing: /workspaces/.riftengine/WebkitWasm/third_party/wasm-sysroot/share/man/man1/djpeg.1
-- Installing: /workspaces/.riftengine/WebkitWasm/third_party/wasm-sysroot/share/man/man1/jpegtran.1
-- Installing: /workspaces/.riftengine/WebkitWasm/third_party/wasm-sysroot/share/man/man1/rdjpgcom.1
-- Installing: /workspaces/.riftengine/WebkitWasm/third_party/wasm-sysroot/share/man/man1/wrjpgcom.1
-- Installing: /workspaces/.riftengine/WebkitWasm/third_party/wasm-sysroot/lib/pkgconfig/libjpeg.pc
-- Installing: /workspaces/.riftengine/WebkitWasm/third_party/wasm-sysroot/lib/cmake/libjpeg-turbo/libjpeg-turboConfig.cmake
-- Installing: /workspaces/.riftengine/WebkitWasm/third_party/wasm-sysroot/lib/cmake/libjpeg-turbo/libjpeg-turboConfigVersion.cmake
-- Installing: /workspaces/.riftengine/WebkitWasm/third_party/wasm-sysroot/lib/cmake/libjpeg-turbo/libjpeg-turboTargets.cmake
-- Installing: /workspaces/.riftengine/WebkitWasm/third_party/wasm-sysroot/lib/cmake/libjpeg-turbo/libjpeg-turboTargets-release.cmake
-- Installing: /workspaces/.riftengine/WebkitWasm/third_party/wasm-sysroot/include/jconfig.h
-- Installing: /workspaces/.riftengine/WebkitWasm/third_party/wasm-sysroot/include/jerror.h
-- Installing: /workspaces/.riftengine/WebkitWasm/third_party/wasm-sysroot/include/jmorecfg.h
-- Installing: /workspaces/.riftengine/WebkitWasm/third_party/wasm-sysroot/include/jpeglib.h

===== third_party/build-deps/libjpeg-turbo-build/CMakeFiles/CMakeOutput.log =====
Determining size of size_t passed with the following output:
Change Dir: '/workspaces/.riftengine/WebkitWasm/third_party/build-deps/libjpeg-turbo-build/CMakeFiles/CMakeTmp'

Run Build Command(s): /usr/bin/ninja -v cmTC_4317e
[1/2] /workspaces/.riftengine/WebkitWasm/third_party/emsdk/upstream/emscripten/emcc   -O2 -pthread -MD -MT CMakeFiles/cmTC_4317e.dir/SIZE_T.c.o -MF CMakeFiles/cmTC_4317e.dir/SIZE_T.c.o.d -o CMakeFiles/cmTC_4317e.dir/SIZE_T.c.o -c /workspaces/.riftengine/WebkitWasm/third_party/build-deps/libjpeg-turbo-build/CMakeFiles/CheckTypeSize/SIZE_T.c
[2/2] : && /workspaces/.riftengine/WebkitWasm/third_party/emsdk/upstream/emscripten/emcc -O2 -pthread  CMakeFiles/cmTC_4317e.dir/SIZE_T.c.o -o cmTC_4317e.js  --oformat=wasm  -sWASM=1 && :



Determining size of unsigned long passed with the following output:
Change Dir: '/workspaces/.riftengine/WebkitWasm/third_party/build-deps/libjpeg-turbo-build/CMakeFiles/CMakeTmp'

Run Build Command(s): /usr/bin/ninja -v cmTC_f5da6
[1/2] /workspaces/.riftengine/WebkitWasm/third_party/emsdk/upstream/emscripten/emcc   -O2 -pthread -MD -MT CMakeFiles/cmTC_f5da6.dir/UNSIGNED_LONG.c.o -MF CMakeFiles/cmTC_f5da6.dir/UNSIGNED_LONG.c.o.d -o CMakeFiles/cmTC_f5da6.dir/UNSIGNED_LONG.c.o -c /workspaces/.riftengine/WebkitWasm/third_party/build-deps/libjpeg-turbo-build/CMakeFiles/CheckTypeSize/UNSIGNED_LONG.c
[2/2] : && /workspaces/.riftengine/WebkitWasm/third_party/emsdk/upstream/emscripten/emcc -O2 -pthread  CMakeFiles/cmTC_f5da6.dir/UNSIGNED_LONG.c.o -o cmTC_f5da6.js  --oformat=wasm  -sWASM=1 && :




===== third_party/build-deps/libjpeg-turbo-build-configure.log =====
emcmake: cmake -S libjpeg-turbo -B libjpeg-turbo-build -GNinja -DCMAKE_BUILD_TYPE=Release -DCMAKE_INSTALL_PREFIX=/workspaces/.riftengine/WebkitWasm/third_party/wasm-sysroot -DCMAKE_FIND_ROOT_PATH=/workspaces/.riftengine/WebkitWasm/third_party/wasm-sysroot -DBUILD_SHARED_LIBS=OFF -DWITH_SIMD=0 -DENABLE_SHARED=0 -DENABLE_STATIC=1 -DWITH_TURBOJPEG=0 -DCMAKE_TOOLCHAIN_FILE=/workspaces/.riftengine/WebkitWasm/third_party/emsdk/upstream/emscripten/cmake/Modules/Platform/Emscripten.cmake -DCMAKE_CROSSCOMPILING_EMULATOR=/workspaces/.riftengine/WebkitWasm/third_party/emsdk/node/24.19.0_64bit/bin/node in directory /workspaces/.riftengine/WebkitWasm/third_party/build-deps
-- CMAKE_BUILD_TYPE = Release
-- VERSION = 3.0.4, BUILD = 20260829
-- 32-bit build (i386)
-- CMAKE_INSTALL_PREFIX = /workspaces/.riftengine/WebkitWasm/third_party/wasm-sysroot
-- CMAKE_INSTALL_BINDIR = bin (/workspaces/.riftengine/WebkitWasm/third_party/wasm-sysroot/bin)
-- CMAKE_INSTALL_DATAROOTDIR = share (/workspaces/.riftengine/WebkitWasm/third_party/wasm-sysroot/share)
-- CMAKE_INSTALL_DOCDIR = share/doc/libjpeg-turbo (/workspaces/.riftengine/WebkitWasm/third_party/wasm-sysroot/share/doc/libjpeg-turbo)
-- CMAKE_INSTALL_INCLUDEDIR = include (/workspaces/.riftengine/WebkitWasm/third_party/wasm-sysroot/include)
-- CMAKE_INSTALL_LIBDIR = lib (/workspaces/.riftengine/WebkitWasm/third_party/wasm-sysroot/lib)
-- CMAKE_INSTALL_MANDIR = share/man (/workspaces/.riftengine/WebkitWasm/third_party/wasm-sysroot/share/man)
-- Shared libraries disabled (ENABLE_SHARED = 0)
-- Static libraries enabled (ENABLE_STATIC = 1)
-- Arithmetic decoding support enabled (WITH_ARITH_DEC = 1)
-- Arithmetic encoding support enabled (WITH_ARITH_ENC = 1)
-- TurboJPEG API library disabled (WITH_TURBOJPEG = 0)
-- TurboJPEG Java wrapper disabled (WITH_JAVA = 0)
-- Emulating libjpeg API/ABI v6.2 (WITH_JPEG7 = 0, WITH_JPEG8 = 0)
-- libjpeg API shared library version = 62.4.0
-- Compiler flags = -O2 -pthread -O3 -DNDEBUG
-- Linker flags =  
-- Looking for sys/types.h
-- Looking for sys/types.h - found
-- Looking for stdint.h
-- Looking for stdint.h - found
-- Looking for stddef.h
-- Looking for stddef.h - found
-- Check size of size_t
-- Check size of size_t - done
-- Check size of unsigned long
-- Check size of unsigned long - done
-- Performing Test HAVE_BUILTIN_CTZL
-- Performing Test HAVE_BUILTIN_CTZL - Success
-- Performing Test HIDDEN_WORKS
-- Performing Test HIDDEN_WORKS - Success
-- HIDDEN = __attribute__((visibility("hidden")))
-- Performing Test INLINE_WORKS
-- Performing Test INLINE_WORKS - Success
-- INLINE = __inline__ __attribute__((always_inline)) (FORCE_INLINE = 1)
-- Performing Test HAVE_THREAD_LOCAL
-- Performing Test HAVE_THREAD_LOCAL - Success
-- THREAD_LOCAL = __thread
-- Performing Test HAVE_VERSION_SCRIPT
-- Performing Test HAVE_VERSION_SCRIPT - Success
-- Linker supports GNU-style version scripts
-- CMAKE_EXECUTABLE_SUFFIX = .js
-- SIMD extensions: None (WITH_SIMD = 0)
-- FLOATTEST8 = 
-- FLOATTEST12 = 
-- Configuring done (12.1s)
-- Generating done (0.0s)
-- Build files have been written to: /workspaces/.riftengine/WebkitWasm/third_party/build-deps/libjpeg-turbo-build

===== third_party/build-deps/libjpeg-turbo/change.log =====
duplicates of the prior line unless the image height mod 16 was 1 or 2.

Repair minor problems in VMS, BCC, MC6 makefiles.

New configure script based on latest GNU Autoconf.

Correct the list of include files needed by MetroWerks C for ccommand().

Numerous small documentation updates.


Version 6  2-Aug-95
-------------------

Progressive JPEG support: library can read and write full progressive JPEG
files.  A "buffered image" mode supports incremental decoding for on-the-fly
display of progressive images.  Simply recompiling an existing IJG-v5-based
decoder with v6 should allow it to read progressive files, though of course
without any special progressive display.

New "jpegtran" application performs lossless transcoding between different
JPEG formats; primarily, it can be used to convert baseline to progressive
JPEG and vice versa.  In support of jpegtran, the library now allows lossless
reading and writing of JPEG files as DCT coefficient arrays.  This ability
may be of use in other applications.

Notes for programmers:
* We changed jpeg_start_decompress() to be able to suspend; this makes all
decoding modes available to suspending-input applications.  However,
existing applications that use suspending input will need to be changed
to check the return value from jpeg_start_decompress().  You don't need to
do anything if you don't use a suspending data source.
* We changed the interface to the virtual array routines: access_virt_array
routines now take a count of the number of rows to access this time.  The
last parameter to request_virt_array routines is now interpreted as the
maximum number of rows that may be accessed at once, but not necessarily
the height of every access.


Version 5b  15-Mar-95
---------------------

Correct bugs with grayscale images having v_samp_factor > 1.

jpeg_write_raw_data() now supports output suspension.

Correct bugs in "configure" script for case of compiling in
a directory other than the one containing the source files.

Repair bug in jquant1.c: sometimes didn't use as many colors as it could.

Borland C makefile and jconfig file work under either MS-DOS or OS/2.

Miscellaneous improvements to documentation.


Version 5a  7-Dec-94
--------------------

Changed color conversion roundoff behavior so that grayscale values are
represented exactly.  (This causes test image files to change.)

Make ordered dither use 16x16 instead of 4x4 pattern for a small quality
improvement.

New configure script based on latest GNU Autoconf.
Fix configure script to handle CFLAGS correctly.
Rename *.auto files to *.cfg, so that configure script still works if
file names have been truncated for DOS.

Fix bug in rdbmp.c: didn't allow for extra data between header and image.

Modify rdppm.c/wrppm.c to handle 2-byte raw PPM/PGM formats for 12-bit data.

Fix several bugs in rdrle.c.

NEED_SHORT_EXTERNAL_NAMES option was broken.

Revise jerror.h/jerror.c for more flexibility in message table.

Repair oversight in jmemname.c NO_MKTEMP case: file could be there
but unreadable.


Version 5  24-Sep-94
--------------------

Version 5 represents a nearly complete redesign and rewrite of the IJG
software.  Major user-visible changes include:
  * Automatic configuration simplifies installation for most Unix systems.
  * A range of speed vs. image quality tradeoffs are supported.
    This includes resizing of an image during decompression: scaling down
    by a factor of 1/2, 1/4, or 1/8 is handled very efficiently.
  * New programs rdjpgcom and wrjpgcom allow insertion and extraction
    of text comments in a JPEG file.

The application programmer's interface to the library has changed completely.
Notable improvements include:
  * We have eliminated the use of callback routines for handling the
    uncompressed image data.  The application now sees the library as a
    set of routines that it calls to read or write image data on a
    scanline-by-scanline basis.
  * The application image data is represented in a conventional interleaved-
    pixel format, rather than as a separate array for each color channel.
    This can save a copying step in many programs.
  * The handling of compressed data has been cleaned up: the application can
    supply routines to source or sink the compressed data.  It is possible to
    suspend processing on source/sink buffer overrun, although this is not
    supported in all operating modes.
  * All static state has been eliminated from the library, so that multiple
    instances of compression or decompression can be active concurrently.
  * JPEG abbreviated datastream formats are supported, ie, quantization and
    Huffman tables can be stored separately from the image data.
  * And not only that, but the documentation of the library has improved
    considerably!


The last widely used release before the version 5 rewrite was version 4A of
18-Feb-93.  Change logs before that point have been discarded, since they
are not of much interest after the rewrite.

===== third_party/build-deps/libpng-build-build.log =====
ninja: Entering directory `libpng-build'
[1/32] Generating pngprefix.h
[2/32] Generating pnglibconf.c
[3/32] Generating scripts/pnglibconf.c
[4/32] Generating scripts/symbols.out
[5/32] Generating pnglibconf.out
[6/32] Generating scripts/symbols.chk
[7/32] Generating pnglibconf.h
[8/32] Generating scripts/prefix.out
[9/32] Generating scripts/vers.out
[10/32] Generating scripts/sym.out
[11/32] Generating libpng.sym
[12/32] Generating libpng.vers
[13/32] Generating scripts/intprefix.out
[14/32] Building C object CMakeFiles/png_static.dir/pngmem.c.o
[15/32] Building C object CMakeFiles/png_static.dir/pngerror.c.o
[16/32] Building C object CMakeFiles/png_static.dir/pngget.c.o
[17/32] Building C object CMakeFiles/png_static.dir/pngpread.c.o
[18/32] Building C object CMakeFiles/png_static.dir/pngrio.c.o
[19/32] Building C object CMakeFiles/png_static.dir/png.c.o
[20/32] Building C object CMakeFiles/png_static.dir/pngread.c.o
[21/32] Building C object CMakeFiles/png_static.dir/pngwio.c.o
[22/32] Building C object CMakeFiles/png_static.dir/pngtrans.c.o
[23/32] Building C object CMakeFiles/png_static.dir/pngset.c.o
[24/32] Building C object CMakeFiles/png_static.dir/pngrutil.c.o
[25/32] Building C object CMakeFiles/png_static.dir/pngwtran.c.o
[26/32] Building C object CMakeFiles/png_static.dir/pngwrite.c.o
[27/32] Building C object CMakeFiles/png_static.dir/intel/intel_init.c.o
[28/32] Building C object CMakeFiles/png_static.dir/intel/filter_sse2_intrinsics.c.o
[29/32] Building C object CMakeFiles/png_static.dir/pngrtran.c.o
[30/32] Building C object CMakeFiles/png_static.dir/pngwutil.c.o
[31/32] Linking C static library libpng16.a
[31/32] Install the project...
-- Install configuration: "Release"
-- Installing: /workspaces/.riftengine/WebkitWasm/third_party/wasm-sysroot/lib/libpng16.a
-- Installing: /workspaces/.riftengine/WebkitWasm/third_party/wasm-sysroot/lib/libpng.a
-- Installing: /workspaces/.riftengine/WebkitWasm/third_party/wasm-sysroot/include/png.h
-- Installing: /workspaces/.riftengine/WebkitWasm/third_party/wasm-sysroot/include/pngconf.h
-- Installing: /workspaces/.riftengine/WebkitWasm/third_party/wasm-sysroot/include/pnglibconf.h
-- Installing: /workspaces/.riftengine/WebkitWasm/third_party/wasm-sysroot/include/libpng16/png.h
-- Installing: /workspaces/.riftengine/WebkitWasm/third_party/wasm-sysroot/include/libpng16/pngconf.h
-- Installing: /workspaces/.riftengine/WebkitWasm/third_party/wasm-sysroot/include/libpng16/pnglibconf.h
-- Installing: /workspaces/.riftengine/WebkitWasm/third_party/wasm-sysroot/bin/libpng-config
-- Installing: /workspaces/.riftengine/WebkitWasm/third_party/wasm-sysroot/bin/libpng16-config
-- Installing: /workspaces/.riftengine/WebkitWasm/third_party/wasm-sysroot/share/man/man3/libpng.3
-- Installing: /workspaces/.riftengine/WebkitWasm/third_party/wasm-sysroot/share/man/man3/libpngpf.3
-- Installing: /workspaces/.riftengine/WebkitWasm/third_party/wasm-sysroot/share/man/man5/png.5
-- Installing: /workspaces/.riftengine/WebkitWasm/third_party/wasm-sysroot/lib/pkgconfig/libpng.pc
-- Up-to-date: /workspaces/.riftengine/WebkitWasm/third_party/wasm-sysroot/bin/libpng-config
-- Installing: /workspaces/.riftengine/WebkitWasm/third_party/wasm-sysroot/lib/pkgconfig/libpng16.pc
-- Up-to-date: /workspaces/.riftengine/WebkitWasm/third_party/wasm-sysroot/bin/libpng16-config
-- Installing: /workspaces/.riftengine/WebkitWasm/third_party/wasm-sysroot/lib/libpng/libpng16.cmake
-- Installing: /workspaces/.riftengine/WebkitWasm/third_party/wasm-sysroot/lib/libpng/libpng16-release.cmake

===== third_party/build-deps/libpng-build-configure.log =====
emcmake: cmake -S libpng -B libpng-build -GNinja -DCMAKE_BUILD_TYPE=Release -DCMAKE_INSTALL_PREFIX=/workspaces/.riftengine/WebkitWasm/third_party/wasm-sysroot -DCMAKE_FIND_ROOT_PATH=/workspaces/.riftengine/WebkitWasm/third_party/wasm-sysroot -DBUILD_SHARED_LIBS=OFF -DPNG_SHARED=OFF -DPNG_STATIC=ON -DPNG_TESTS=OFF -DPNG_TOOLS=OFF -DZLIB_ROOT=/workspaces/.riftengine/WebkitWasm/third_party/wasm-sysroot -DCMAKE_TOOLCHAIN_FILE=/workspaces/.riftengine/WebkitWasm/third_party/emsdk/upstream/emscripten/cmake/Modules/Platform/Emscripten.cmake -DCMAKE_CROSSCOMPILING_EMULATOR=/workspaces/.riftengine/WebkitWasm/third_party/emsdk/node/24.19.0_64bit/bin/node in directory /workspaces/.riftengine/WebkitWasm/third_party/build-deps
-- The ASM compiler identification is unknown
-- Found assembler: /workspaces/.riftengine/WebkitWasm/third_party/emsdk/upstream/emscripten/emcc
-- Warning: Did not find file Compiler/-ASM
-- Found ZLIB: /workspaces/.riftengine/WebkitWasm/third_party/wasm-sysroot/lib/libz.a (found version "1.3.1")  
-- Performing Test HAVE_LD_VERSION_SCRIPT
-- Performing Test HAVE_LD_VERSION_SCRIPT - Success
-- Found AWK program: /usr/bin/nawk
-- Configuring done (3.7s)
-- Generating done (0.0s)
-- Build files have been written to: /workspaces/.riftengine/WebkitWasm/third_party/build-deps/libpng-build

===== third_party/build-deps/libpsl-build.log =====
    /usr/bin/xgettext --default-domain=libpsl --directory=.. \
      --add-comments=TRANSLATORS: \
      --files-from=./POTFILES.in \
      --copyright-holder='Tim Ruehsen' \
      --package-name="${package_prefix}libpsl" \
      --package-version='0.21.5' \
      --msgid-bugs-address="$msgid_bugs_address" \
      --keyword=_ --keyword=N_  \
    ;; \
esac
test ! -f libpsl.po || { \
  if test -f ./libpsl.pot-header; then \
    sed -e '1,/^#$/d' < libpsl.po > libpsl.1po && \
    cat ./libpsl.pot-header libpsl.1po > libpsl.po && \
    rm -f libpsl.1po \
    || exit 1; \
  fi; \
  if test -f ./libpsl.pot; then \
    sed -f remove-potcdate.sed < ./libpsl.pot > libpsl.1po && \
    sed -f remove-potcdate.sed < libpsl.po > libpsl.2po && \
    if cmp libpsl.1po libpsl.2po >/dev/null 2>&1; then \
      rm -f libpsl.1po libpsl.2po libpsl.po; \
    else \
      rm -f libpsl.1po libpsl.2po ./libpsl.pot && \
      mv libpsl.po ./libpsl.pot; \
    fi; \
  else \
    mv libpsl.po ./libpsl.pot; \
  fi; \
}
make[2]: Leaving directory '/workspaces/.riftengine/WebkitWasm/third_party/build-deps/libpsl/po'
test ! -f ./libpsl.pot || \
  test -z "" || make 
if test "libpsl" = "gettext-tools"; then \
  /usr/bin/mkdir -p /workspaces/.riftengine/WebkitWasm/third_party/wasm-sysroot/share/gettext/po; \
  for file in Makefile.in.in remove-potcdate.sin quot.sed boldquot.sed en@quot.header en@boldquot.header insert-header.sin Rules-quot   Makevars.template; do \
    /usr/bin/install -c -m 644 ./$file \
		    /workspaces/.riftengine/WebkitWasm/third_party/wasm-sysroot/share/gettext/po/$file; \
  done; \
  for file in Makevars; do \
    rm -f /workspaces/.riftengine/WebkitWasm/third_party/wasm-sysroot/share/gettext/po/$file; \
  done; \
else \
  : ; \
fi
make[1]: Leaving directory '/workspaces/.riftengine/WebkitWasm/third_party/build-deps/libpsl/po'
Making install in include
make[1]: Entering directory '/workspaces/.riftengine/WebkitWasm/third_party/build-deps/libpsl/include'
make[2]: Entering directory '/workspaces/.riftengine/WebkitWasm/third_party/build-deps/libpsl/include'
make[2]: Nothing to be done for 'install-exec-am'.
 /usr/bin/mkdir -p '/workspaces/.riftengine/WebkitWasm/third_party/wasm-sysroot/include'
 /usr/bin/install -c -m 644 libpsl.h '/workspaces/.riftengine/WebkitWasm/third_party/wasm-sysroot/include'
make[2]: Leaving directory '/workspaces/.riftengine/WebkitWasm/third_party/build-deps/libpsl/include'
make[1]: Leaving directory '/workspaces/.riftengine/WebkitWasm/third_party/build-deps/libpsl/include'
Making install in src
make[1]: Entering directory '/workspaces/.riftengine/WebkitWasm/third_party/build-deps/libpsl/src'
/usr/bin/python3 ./psl-make-dafsa --output-format=cxx+ "../list/public_suffix_list.dat" suffixes_dafsa.h
make  install-am
make[2]: Entering directory '/workspaces/.riftengine/WebkitWasm/third_party/build-deps/libpsl/src'
  CC       libpsl_la-psl.lo
  CC       libpsl_la-lookup_string_in_fixed_set.lo
  CCLD     libpsl.la
make[3]: Entering directory '/workspaces/.riftengine/WebkitWasm/third_party/build-deps/libpsl/src'
 /usr/bin/mkdir -p '/workspaces/.riftengine/WebkitWasm/third_party/wasm-sysroot/bin'
 /usr/bin/install -c psl-make-dafsa '/workspaces/.riftengine/WebkitWasm/third_party/wasm-sysroot/bin'
 /usr/bin/mkdir -p '/workspaces/.riftengine/WebkitWasm/third_party/wasm-sysroot/lib'
 /usr/bin/mkdir -p '/workspaces/.riftengine/WebkitWasm/third_party/wasm-sysroot/share/man/man1'
 /bin/bash ../libtool   --mode=install /usr/bin/install -c   libpsl.la '/workspaces/.riftengine/WebkitWasm/third_party/wasm-sysroot/lib'
 /usr/bin/install -c -m 644 psl-make-dafsa.1 '/workspaces/.riftengine/WebkitWasm/third_party/wasm-sysroot/share/man/man1'
libtool: install: /usr/bin/install -c .libs/libpsl.lai /workspaces/.riftengine/WebkitWasm/third_party/wasm-sysroot/lib/libpsl.la
libtool: install: /usr/bin/install -c .libs/libpsl.a /workspaces/.riftengine/WebkitWasm/third_party/wasm-sysroot/lib/libpsl.a
libtool: install: chmod 644 /workspaces/.riftengine/WebkitWasm/third_party/wasm-sysroot/lib/libpsl.a
libtool: install: /workspaces/.riftengine/WebkitWasm/third_party/emsdk/upstream/emscripten/emranlib /workspaces/.riftengine/WebkitWasm/third_party/wasm-sysroot/lib/libpsl.a
make[3]: Leaving directory '/workspaces/.riftengine/WebkitWasm/third_party/build-deps/libpsl/src'
make[2]: Leaving directory '/workspaces/.riftengine/WebkitWasm/third_party/build-deps/libpsl/src'
make[1]: Leaving directory '/workspaces/.riftengine/WebkitWasm/third_party/build-deps/libpsl/src'
Making install in tools
make[1]: Entering directory '/workspaces/.riftengine/WebkitWasm/third_party/build-deps/libpsl/tools'
  CC       psl.o
  CCLD     psl
make[2]: Entering directory '/workspaces/.riftengine/WebkitWasm/third_party/build-deps/libpsl/tools'
 /usr/bin/mkdir -p '/workspaces/.riftengine/WebkitWasm/third_party/wasm-sysroot/bin'
 /usr/bin/mkdir -p '/workspaces/.riftengine/WebkitWasm/third_party/wasm-sysroot/share/man/man1'
  /bin/bash ../libtool   --mode=install /usr/bin/install -c psl '/workspaces/.riftengine/WebkitWasm/third_party/wasm-sysroot/bin'
 /usr/bin/install -c -m 644 psl.1 '/workspaces/.riftengine/WebkitWasm/third_party/wasm-sysroot/share/man/man1'
libtool: install: /usr/bin/install -c psl /workspaces/.riftengine/WebkitWasm/third_party/wasm-sysroot/bin/psl
make[2]: Leaving directory '/workspaces/.riftengine/WebkitWasm/third_party/build-deps/libpsl/tools'
make[1]: Leaving directory '/workspaces/.riftengine/WebkitWasm/third_party/build-deps/libpsl/tools'
Making install in fuzz
make[1]: Entering directory '/workspaces/.riftengine/WebkitWasm/third_party/build-deps/libpsl/fuzz'
make[2]: Entering directory '/workspaces/.riftengine/WebkitWasm/third_party/build-deps/libpsl/fuzz'
make[2]: Nothing to be done for 'install-data-am'.
make[2]: Leaving directory '/workspaces/.riftengine/WebkitWasm/third_party/build-deps/libpsl/fuzz'
make[1]: Leaving directory '/workspaces/.riftengine/WebkitWasm/third_party/build-deps/libpsl/fuzz'
Making install in tests
make[1]: Entering directory '/workspaces/.riftengine/WebkitWasm/third_party/build-deps/libpsl/tests'
/usr/bin/python3 ../src/psl-make-dafsa --output-format=binary "../list/public_suffix_list.dat" psl.dafsa
/usr/bin/python3 ../src/psl-make-dafsa --output-format=binary --encoding=ascii "../list/public_suffix_list.dat" psl_ascii.dafsa
make  install-am
make[2]: Entering directory '/workspaces/.riftengine/WebkitWasm/third_party/build-deps/libpsl/tests'
make[3]: Entering directory '/workspaces/.riftengine/WebkitWasm/third_party/build-deps/libpsl/tests'
make[3]: Nothing to be done for 'install-exec-am'.
make[3]: Nothing to be done for 'install-data-am'.
make[3]: Leaving directory '/workspaces/.riftengine/WebkitWasm/third_party/build-deps/libpsl/tests'
make[2]: Leaving directory '/workspaces/.riftengine/WebkitWasm/third_party/build-deps/libpsl/tests'
make[1]: Leaving directory '/workspaces/.riftengine/WebkitWasm/third_party/build-deps/libpsl/tests'
Making install in msvc
make[1]: Entering directory '/workspaces/.riftengine/WebkitWasm/third_party/build-deps/libpsl/msvc'
make[2]: Entering directory '/workspaces/.riftengine/WebkitWasm/third_party/build-deps/libpsl/msvc'
make[2]: Nothing to be done for 'install-exec-am'.
make[2]: Nothing to be done for 'install-data-am'.
make[2]: Leaving directory '/workspaces/.riftengine/WebkitWasm/third_party/build-deps/libpsl/msvc'
make[1]: Leaving directory '/workspaces/.riftengine/WebkitWasm/third_party/build-deps/libpsl/msvc'
make[1]: Entering directory '/workspaces/.riftengine/WebkitWasm/third_party/build-deps/libpsl'
make[2]: Entering directory '/workspaces/.riftengine/WebkitWasm/third_party/build-deps/libpsl'
make[2]: Nothing to be done for 'install-exec-am'.
 /usr/bin/mkdir -p '/workspaces/.riftengine/WebkitWasm/third_party/wasm-sysroot/lib/pkgconfig'
 /usr/bin/install -c -m 644 libpsl.pc '/workspaces/.riftengine/WebkitWasm/third_party/wasm-sysroot/lib/pkgconfig'
make[2]: Leaving directory '/workspaces/.riftengine/WebkitWasm/third_party/build-deps/libpsl'
make[1]: Leaving directory '/workspaces/.riftengine/WebkitWasm/third_party/build-deps/libpsl'

===== third_party/build-deps/libpsl/config.log =====
PSL_TESTFILE='$(top_srcdir)/list/tests/tests.txt'
PYTHON='/usr/bin/python3'
PYTHON_EXEC_PREFIX='${exec_prefix}'
PYTHON_PLATFORM='linux'
PYTHON_PREFIX='${prefix}'
PYTHON_VERSION='3.12'
RANLIB='/workspaces/.riftengine/WebkitWasm/third_party/emsdk/upstream/emscripten/emranlib'
SED='/usr/bin/sed'
SET_MAKE=''
SHELL='/bin/bash'
STRIP='strip'
USE_NLS='yes'
VALGRIND_ENVIRONMENT=''
VERSION='0.21.5'
WITH_LIBICU_FALSE='#'
WITH_LIBICU_TRUE=''
WITH_LIBIDN2_FALSE=''
WITH_LIBIDN2_TRUE='#'
WITH_LIBIDN_FALSE=''
WITH_LIBIDN_TRUE='#'
XGETTEXT='/usr/bin/xgettext'
XGETTEXT_015='/usr/bin/xgettext'
XGETTEXT_EXTRA_OPTIONS=''
XSLTPROC=''
ac_ct_AR=''
ac_ct_CC=''
ac_ct_DUMPBIN=''
am__EXEEXT_FALSE=''
am__EXEEXT_TRUE='#'
am__fastdepCC_FALSE='#'
am__fastdepCC_TRUE=''
am__include='include'
am__isrc=''
am__leading_dot='.'
am__nodep='_no'
am__quote=''
am__tar='$${TAR-tar} chof - "$$tardir"'
am__untar='$${TAR-tar} xf -'
bindir='${exec_prefix}/bin'
build='x86_64-pc-linux-gnu'
build_alias=''
build_cpu='x86_64'
build_os='linux-gnu'
build_vendor='pc'
datadir='${datarootdir}'
datarootdir='${prefix}/share'
docdir='${datarootdir}/doc/${PACKAGE_TARNAME}'
dvidir='${docdir}'
exec_prefix='${prefix}'
host='wasm32-unknown-emscripten'
host_alias='wasm32-unknown-emscripten'
host_cpu='wasm32'
host_os='emscripten'
host_vendor='unknown'
htmldir='${docdir}'
includedir='${prefix}/include'
infodir='${datarootdir}/info'
install_sh='${SHELL} /workspaces/.riftengine/WebkitWasm/third_party/build-deps/libpsl/build-aux/install-sh'
libdir='${exec_prefix}/lib'
libexecdir='${exec_prefix}/libexec'
localedir='${datarootdir}/locale'
localstatedir='${prefix}/var'
mandir='${datarootdir}/man'
mkdir_p='$(MKDIR_P)'
oldincludedir='/usr/include'
pdfdir='${docdir}'
pkgpyexecdir='${pyexecdir}/libpsl'
pkgpythondir='${pythondir}/libpsl'
prefix='/workspaces/.riftengine/WebkitWasm/third_party/wasm-sysroot'
program_transform_name='s,x,x,'
psdir='${docdir}'
pyexecdir='${PYTHON_EXEC_PREFIX}/lib/python3.12/site-packages'
pythondir='${PYTHON_PREFIX}/lib/python3.12/site-packages'
runstatedir='${localstatedir}/run'
sbindir='${exec_prefix}/sbin'
sharedstatedir='${prefix}/com'
sysconfdir='${prefix}/etc'
target_alias=''

## ----------- ##
## confdefs.h. ##
## ----------- ##

/* confdefs.h */
#define PACKAGE_NAME "libpsl"
#define PACKAGE_TARNAME "libpsl"
#define PACKAGE_VERSION "0.21.5"
#define PACKAGE_STRING "libpsl 0.21.5"
#define PACKAGE_BUGREPORT "tim.ruehsen@gmx.de"
#define PACKAGE_URL "https://github.com/rockdaboot/libpsl"
#define HAVE_STDIO_H 1
#define HAVE_STDLIB_H 1
#define HAVE_STRING_H 1
#define HAVE_INTTYPES_H 1
#define HAVE_STDINT_H 1
#define HAVE_STRINGS_H 1
#define HAVE_SYS_STAT_H 1
#define HAVE_SYS_TYPES_H 1
#define HAVE_UNISTD_H 1
#define STDC_HEADERS 1
#define HAVE_DLFCN_H 1
#define LT_OBJDIR ".libs/"
#define HAVE_VISIBILITY 1
#define ENABLE_NLS 1
#define HAVE_GETTEXT 1
#define HAVE_DCGETTEXT 1
#define WITH_LIBICU 1
#define ENABLE_BUILTIN 1
#define HAVE_ICONV 1
#define ICONV_CONST 
#define HAVE_ALLOCA_H 1
#define HAVE_ALLOCA 1
#define HAVE_STRNDUP 1
#define HAVE_CLOCK_GETTIME 1
#define HAVE_FMEMOPEN 1
#define HAVE_NL_LANGINFO 1
#define HAVE_DIRENT_H 1
#define HAVE_STRINGS_H 1

configure: exit 0

===== third_party/build-deps/libpsl-configure.log =====
checking if /workspaces/.riftengine/WebkitWasm/third_party/emsdk/upstream/emscripten/emcc static flag -static works... yes
checking if /workspaces/.riftengine/WebkitWasm/third_party/emsdk/upstream/emscripten/emcc supports -c -o file.o... yes
checking if /workspaces/.riftengine/WebkitWasm/third_party/emsdk/upstream/emscripten/emcc supports -c -o file.o... (cached) yes
checking whether the /workspaces/.riftengine/WebkitWasm/third_party/emsdk/upstream/emscripten/emcc linker (/workspaces/.riftengine/WebkitWasm/third_party/emsdk/upstream/emscripten/emcc) supports shared libraries... emcc (Emscripten gcc/clang-like replacement + linker emulating GNU ld) 6.0.0 (afa15e0c56d1292e073c2c91bafc1d5e0cdf0dd3)
clang version 23.0.0git (https:/github.com/llvm/llvm-project c6c2ad52586c28e74a724570985a48dc0022d250)
Target: wasm32-unknown-emscripten
Thread model: posix
InstalledDir: /workspaces/.riftengine/WebkitWasm/third_party/emsdk/upstream/bin
yes
checking dynamic linker characteristics... no
checking how to hardcode library paths into programs... immediate
checking whether stripping libraries is possible... yes
checking if libtool supports shared libraries... no
checking whether to build shared libraries... no
checking whether to build static libraries... yes
checking whether make supports nested variables... (cached) yes
checking for special C compiler options needed for large files... no
checking for _FILE_OFFSET_BITS value needed for large files... no
checking for inline... inline
checking whether the -Werror option is usable... yes
checking for simple visibility declarations... yes
checking whether NLS is requested... yes
checking for msgfmt... /usr/bin/msgfmt
checking for gmsgfmt... /usr/bin/msgfmt
checking for xgettext... /usr/bin/xgettext
checking for msgmerge... /usr/bin/msgmerge
checking for ld... /workspaces/.riftengine/WebkitWasm/third_party/emsdk/upstream/emscripten/emcc
checking if the linker (/workspaces/.riftengine/WebkitWasm/third_party/emsdk/upstream/emscripten/emcc) is GNU ld... yes
checking for shared library run path origin... done
checking 32-bit host C ABI... unknown
checking how to run the C preprocessor... /workspaces/.riftengine/WebkitWasm/third_party/emsdk/upstream/emscripten/emcc -E
checking for ELF binary format... no
checking for the common suffixes of directories in the library search path... lib,lib32,lib64
checking for CFPreferencesCopyAppValue... no
checking for CFLocaleCopyPreferredLanguages... no
checking for GNU gettext in libc... yes
checking whether to use NLS... yes
checking where the gettext function comes from... libc
checking for wasm32-unknown-emscripten-pkg-config... no
checking for pkg-config... /usr/bin/pkg-config
checking pkg-config is at least version 0.9.0... yes
checking for gtk-doc... no
configure: WARNING:
  You will not be able to create source packages with 'make dist'
  because gtk-doc >= 1.15 is not found.
checking for gtkdoc-check... no
checking for gtkdoc-check... no
checking for gtkdoc-rebase... no
checking for gtkdoc-mkpdf... no
checking whether to build gtk-doc documentation... no
checking for glib-2.0 >= 2.10.0 gobject-2.0  >= 2.10.0... no
checking for a Python interpreter with version >= 2.7... python3
checking for python3... /usr/bin/python3
checking for python3 version... 3.12
checking for python3 platform... linux
checking for GNU default python3 prefix... ${prefix}
checking for GNU default python3 exec_prefix... ${exec_prefix}
checking for python3 script directory (pythondir)... ${PYTHON_PREFIX}/lib/python3.12/site-packages
checking for python3 extension module directory (pyexecdir)... ${PYTHON_EXEC_PREFIX}/lib/python3.12/site-packages
checking for wasm32-unknown-emscripten-pkg-config... /usr/bin/pkg-config
checking pkg-config is at least version 0.9.0... yes
checking for icu-uc... yes
checking for iconv... yes
checking for working iconv... guessing yes
checking for iconv declaration... 
         extern size_t iconv (iconv_t cd, char * *inbuf, size_t *inbytesleft, char * *outbuf, size_t *outbytesleft);
checking for socket in -lsocket... no
checking for library containing clock_gettime... none required
checking for size_t... yes
checking for working alloca.h... yes
checking for alloca... yes
checking for strndup... yes
checking for clock_gettime... yes
checking for fmemopen... yes
checking for nl_langinfo... yes
checking for dirent.h that defines DIR... yes
checking for library containing opendir... none required
checking for strings.h... (cached) yes
checking that generated files are newer than configure... done
configure: creating ./config.status
config.status: creating include/libpsl.h
config.status: creating Makefile
config.status: creating include/Makefile
config.status: creating src/Makefile
config.status: creating tools/Makefile
config.status: creating po/Makefile.in
config.status: creating fuzz/Makefile
config.status: creating tests/Makefile
config.status: creating docs/libpsl/Makefile
config.status: creating docs/libpsl/version.xml
config.status: creating libpsl.pc
config.status: creating msvc/Makefile
config.status: creating msvc/config.h.win32
config.status: creating msvc/config-msvc.mak
config.status: creating config.h
config.status: executing depfiles commands
config.status: executing libtool commands
config.status: executing po-directories commands
config.status: creating po/POTFILES
config.status: creating po/Makefile
configure: Summary of build options:

  Version:           0.21.5
  Host OS:           emscripten
  Install prefix:    /workspaces/.riftengine/WebkitWasm/third_party/wasm-sysroot
  Compiler:          /workspaces/.riftengine/WebkitWasm/third_party/emsdk/upstream/emscripten/emcc
  CFlags:            -I/workspaces/.riftengine/WebkitWasm/third_party/wasm-sysroot/include  -O2 -pthread 
  LDFlags:           
  Libs:              -L/workspaces/.riftengine/WebkitWasm/third_party/wasm-sysroot/lib -licuuc -licudata -lpthread -lm  
  Runtime:           libicu
  Builtin:           yes
  PSL Dist File:     
  PSL File:          $(top_srcdir)/list/public_suffix_list.dat
  PSL Test File:     $(top_srcdir)/list/tests/tests.txt
  Sanitizers:        UBSan no, ASan no, CFI no
  Docs:              no
  Man pages:         no
  Tests:             Valgrind testing not enabled
  Fuzzing build:     no, 


===== third_party/build-deps/libwebp-build-build.log =====
[92/182] Building C object CMakeFiles/webpencode.dir/src/enc/quant_enc.c.o
[93/182] Building C object CMakeFiles/webpencode.dir/src/enc/tree_enc.c.o
[94/182] Building C object CMakeFiles/webpencode.dir/src/enc/webp_enc.c.o
[95/182] Building C object CMakeFiles/webpdsp.dir/src/dsp/cpu.c.o
[96/182] Building C object CMakeFiles/webpdsp.dir/src/dsp/alpha_processing.c.o
[97/182] Building C object CMakeFiles/webpdsp.dir/src/dsp/dec_clip_tables.c.o
[98/182] Building C object CMakeFiles/webpdsp.dir/src/dsp/filters.c.o
[99/182] Building C object CMakeFiles/webpdsp.dir/src/dsp/rescaler.c.o
[100/182] Building C object CMakeFiles/webpdsp.dir/src/dsp/alpha_processing_sse41.c.o
[101/182] Building C object CMakeFiles/webpencode.dir/src/enc/vp8l_enc.c.o
[102/182] Building C object CMakeFiles/webpdsp.dir/src/dsp/dec.c.o
[103/182] Building C object CMakeFiles/webpdsp.dir/src/dsp/lossless.c.o
[104/182] Building C object CMakeFiles/webpdsp.dir/src/dsp/dec_sse41.c.o
[105/182] Building C object CMakeFiles/webpdsp.dir/src/dsp/lossless_sse41.c.o
[106/182] Building C object CMakeFiles/webpdsp.dir/src/dsp/yuv_sse41.c.o
[107/182] Building C object CMakeFiles/webpdsp.dir/src/dsp/yuv.c.o
[108/182] Building C object CMakeFiles/webpdsp.dir/src/dsp/upsampling_sse41.c.o
[109/182] Building C object CMakeFiles/webpdsp.dir/src/dsp/upsampling.c.o
[110/182] Building C object CMakeFiles/webpdsp.dir/src/dsp/alpha_processing_sse2.c.o
[111/182] Building C object CMakeFiles/webpdsp.dir/src/dsp/dec_sse2.c.o
[112/182] Building C object CMakeFiles/webpdsp.dir/src/dsp/lossless_sse2.c.o
[113/182] Building C object CMakeFiles/webpdsp.dir/src/dsp/upsampling_sse2.c.o
[114/182] Building C object CMakeFiles/webpdsp.dir/src/dsp/filters_sse2.c.o
[115/182] Building C object CMakeFiles/webpdsp.dir/src/dsp/rescaler_sse2.c.o
[116/182] Building C object CMakeFiles/webpdsp.dir/src/dsp/yuv_sse2.c.o
[117/182] Building C object CMakeFiles/webpdsp.dir/src/dsp/alpha_processing_neon.c.o
[118/182] Building C object CMakeFiles/webpdsp.dir/src/dsp/rescaler_neon.c.o
[119/182] Building C object CMakeFiles/webpdsp.dir/src/dsp/dec_neon.c.o
[120/182] Building C object CMakeFiles/webpdsp.dir/src/dsp/upsampling_neon.c.o
[121/182] Building C object CMakeFiles/webpdsp.dir/src/dsp/lossless_neon.c.o
[122/182] Building C object CMakeFiles/webpdsp.dir/src/dsp/filters_neon.c.o
[123/182] Building C object CMakeFiles/webpdsp.dir/src/dsp/dec_msa.c.o
[124/182] Building C object CMakeFiles/webpdsp.dir/src/dsp/filters_msa.c.o
[125/182] Building C object CMakeFiles/webpdsp.dir/src/dsp/yuv_neon.c.o
[126/182] Building C object CMakeFiles/webpdsp.dir/src/dsp/lossless_msa.c.o
[127/182] Building C object CMakeFiles/webpdsp.dir/src/dsp/rescaler_msa.c.o
[128/182] Building C object CMakeFiles/webpdsp.dir/src/dsp/upsampling_msa.c.o
[129/182] Building C object CMakeFiles/webpdsp.dir/src/dsp/yuv_mips32.c.o
[130/182] Building C object CMakeFiles/webpdsp.dir/src/dsp/dec_mips32.c.o
[131/182] Building C object CMakeFiles/webpdsp.dir/src/dsp/dec_mips_dsp_r2.c.o
[132/182] Building C object CMakeFiles/webpdsp.dir/src/dsp/rescaler_mips32.c.o
[133/182] Building C object CMakeFiles/webpdsp.dir/src/dsp/alpha_processing_mips_dsp_r2.c.o
[134/182] Building C object CMakeFiles/webpdsp.dir/src/dsp/rescaler_mips_dsp_r2.c.o
[135/182] Building C object CMakeFiles/webpdsp.dir/src/dsp/yuv_mips_dsp_r2.c.o
[136/182] Building C object CMakeFiles/webpdsp.dir/src/dsp/lossless_mips_dsp_r2.c.o
[137/182] Building C object CMakeFiles/webpdsp.dir/src/dsp/filters_mips_dsp_r2.c.o
[138/182] Building C object CMakeFiles/webpdsp.dir/src/dsp/upsampling_mips_dsp_r2.c.o
[139/182] Building C object CMakeFiles/webpdsp.dir/src/dsp/cost.c.o
[140/182] Building C object CMakeFiles/webpdsp.dir/src/dsp/cost_sse2.c.o
[141/182] Building C object CMakeFiles/webpdsp.dir/src/dsp/lossless_enc_sse2.c.o
[142/182] Building C object CMakeFiles/webpdsp.dir/src/dsp/enc_sse2.c.o
[143/182] Building C object CMakeFiles/webpdsp.dir/src/dsp/ssim.c.o
[144/182] Building C object CMakeFiles/webpdsp.dir/src/dsp/lossless_enc.c.o
[145/182] Building C object CMakeFiles/webpdsp.dir/src/dsp/cost_neon.c.o
[146/182] Building C object CMakeFiles/webpdsp.dir/src/dsp/lossless_enc_sse41.c.o
[147/182] Building C object CMakeFiles/webpdsp.dir/src/dsp/ssim_sse2.c.o
[148/182] Building C object CMakeFiles/webpdsp.dir/src/dsp/enc_sse41.c.o
[149/182] Building C object CMakeFiles/webpdsp.dir/src/dsp/enc_neon.c.o
[150/182] Building C object CMakeFiles/webpdsp.dir/src/dsp/lossless_enc_neon.c.o
[151/182] Building C object CMakeFiles/webpdsp.dir/src/dsp/enc.c.o
[152/182] Building C object CMakeFiles/webpdsp.dir/src/dsp/cost_mips32.c.o
[153/182] Building C object CMakeFiles/webpdsp.dir/src/dsp/enc_msa.c.o
[154/182] Building C object CMakeFiles/webpdsp.dir/src/dsp/lossless_enc_msa.c.o
[155/182] Building C object CMakeFiles/webpdsp.dir/src/dsp/enc_mips32.c.o
[156/182] Building C object CMakeFiles/webpdsp.dir/src/dsp/lossless_enc_mips32.c.o
[157/182] Building C object CMakeFiles/webpdsp.dir/src/dsp/enc_mips_dsp_r2.c.o
[158/182] Building C object CMakeFiles/webpdsp.dir/src/dsp/cost_mips_dsp_r2.c.o
[159/182] Building C object CMakeFiles/webpdsp.dir/src/dsp/lossless_enc_mips_dsp_r2.c.o
[160/182] Building C object CMakeFiles/webputils.dir/src/utils/bit_reader_utils.c.o
[161/182] Building C object CMakeFiles/webputils.dir/src/utils/color_cache_utils.c.o
[162/182] Building C object CMakeFiles/webputils.dir/src/utils/filters_utils.c.o
[163/182] Building C object CMakeFiles/webputils.dir/src/utils/huffman_utils.c.o
[164/182] Building C object CMakeFiles/webputils.dir/src/utils/palette.c.o
[165/182] Building C object CMakeFiles/webputils.dir/src/utils/quant_levels_dec_utils.c.o
[166/182] Building C object CMakeFiles/webputils.dir/src/utils/random_utils.c.o
[167/182] Building C object CMakeFiles/webputils.dir/src/utils/thread_utils.c.o
[168/182] Building C object CMakeFiles/webputils.dir/src/utils/rescaler_utils.c.o
[169/182] Building C object CMakeFiles/webputils.dir/src/utils/utils.c.o
[170/182] Building C object CMakeFiles/webputils.dir/src/utils/bit_writer_utils.c.o
[171/182] Building C object CMakeFiles/webputils.dir/src/utils/quant_levels_utils.c.o
[172/182] Building C object CMakeFiles/webputils.dir/src/utils/huffman_encode_utils.c.o
[173/182] Building C object CMakeFiles/webpdemux.dir/src/demux/anim_decode.c.o
[174/182] Building C object CMakeFiles/libwebpmux.dir/src/mux/muxedit.c.o
[175/182] Linking C static library libwebp.a
[176/182] Building C object CMakeFiles/libwebpmux.dir/src/mux/muxinternal.c.o
[177/182] Building C object CMakeFiles/webpdemux.dir/src/demux/demux.c.o
[178/182] Building C object CMakeFiles/libwebpmux.dir/src/mux/muxread.c.o
[179/182] Linking C static library libwebpdemux.a
[180/182] Building C object CMakeFiles/libwebpmux.dir/src/mux/anim_encode.c.o
[181/182] Linking C static library libwebpmux.a
[181/182] Install the project...
-- Install configuration: "Release"
-- Installing: /workspaces/.riftengine/WebkitWasm/third_party/wasm-sysroot/lib/pkgconfig/libsharpyuv.pc
-- Installing: /workspaces/.riftengine/WebkitWasm/third_party/wasm-sysroot/lib/libsharpyuv.a
-- Installing: /workspaces/.riftengine/WebkitWasm/third_party/wasm-sysroot/include/webp/sharpyuv/sharpyuv.h
-- Installing: /workspaces/.riftengine/WebkitWasm/third_party/wasm-sysroot/include/webp/sharpyuv/sharpyuv_csp.h
-- Installing: /workspaces/.riftengine/WebkitWasm/third_party/wasm-sysroot/lib/pkgconfig/libwebpdecoder.pc
-- Installing: /workspaces/.riftengine/WebkitWasm/third_party/wasm-sysroot/lib/pkgconfig/libwebp.pc
-- Installing: /workspaces/.riftengine/WebkitWasm/third_party/wasm-sysroot/lib/pkgconfig/libwebpdemux.pc
-- Installing: /workspaces/.riftengine/WebkitWasm/third_party/wasm-sysroot/lib/pkgconfig/libwebpmux.pc
-- Installing: /workspaces/.riftengine/WebkitWasm/third_party/wasm-sysroot/lib/libwebpdecoder.a
-- Installing: /workspaces/.riftengine/WebkitWasm/third_party/wasm-sysroot/include/webp/decode.h
-- Installing: /workspaces/.riftengine/WebkitWasm/third_party/wasm-sysroot/include/webp/types.h
-- Installing: /workspaces/.riftengine/WebkitWasm/third_party/wasm-sysroot/lib/libwebp.a
-- Up-to-date: /workspaces/.riftengine/WebkitWasm/third_party/wasm-sysroot/include/webp/decode.h
-- Installing: /workspaces/.riftengine/WebkitWasm/third_party/wasm-sysroot/include/webp/encode.h
-- Up-to-date: /workspaces/.riftengine/WebkitWasm/third_party/wasm-sysroot/include/webp/types.h
-- Installing: /workspaces/.riftengine/WebkitWasm/third_party/wasm-sysroot/lib/libwebpdemux.a
-- Up-to-date: /workspaces/.riftengine/WebkitWasm/third_party/wasm-sysroot/include/webp/decode.h
-- Installing: /workspaces/.riftengine/WebkitWasm/third_party/wasm-sysroot/include/webp/demux.h
-- Installing: /workspaces/.riftengine/WebkitWasm/third_party/wasm-sysroot/include/webp/mux_types.h
-- Up-to-date: /workspaces/.riftengine/WebkitWasm/third_party/wasm-sysroot/include/webp/types.h
-- Installing: /workspaces/.riftengine/WebkitWasm/third_party/wasm-sysroot/lib/libwebpmux.a
-- Installing: /workspaces/.riftengine/WebkitWasm/third_party/wasm-sysroot/include/webp/mux.h
-- Up-to-date: /workspaces/.riftengine/WebkitWasm/third_party/wasm-sysroot/include/webp/mux_types.h
-- Up-to-date: /workspaces/.riftengine/WebkitWasm/third_party/wasm-sysroot/include/webp/types.h
-- Installing: /workspaces/.riftengine/WebkitWasm/third_party/wasm-sysroot/share/WebP/cmake/WebPTargets.cmake
-- Installing: /workspaces/.riftengine/WebkitWasm/third_party/wasm-sysroot/share/WebP/cmake/WebPTargets-release.cmake
-- Installing: /workspaces/.riftengine/WebkitWasm/third_party/wasm-sysroot/share/WebP/cmake/WebPConfigVersion.cmake
-- Installing: /workspaces/.riftengine/WebkitWasm/third_party/wasm-sysroot/share/WebP/cmake/WebPConfig.cmake

===== third_party/build-deps/libwebp-build-configure.log =====
emcmake: cmake -S libwebp -B libwebp-build -GNinja -DCMAKE_BUILD_TYPE=Release -DCMAKE_INSTALL_PREFIX=/workspaces/.riftengine/WebkitWasm/third_party/wasm-sysroot -DCMAKE_FIND_ROOT_PATH=/workspaces/.riftengine/WebkitWasm/third_party/wasm-sysroot -DBUILD_SHARED_LIBS=OFF -DWEBP_BUILD_ANIM_UTILS=OFF -DWEBP_BUILD_CWEBP=OFF -DWEBP_BUILD_DWEBP=OFF -DWEBP_BUILD_GIF2WEBP=OFF -DWEBP_BUILD_IMG2WEBP=OFF -DWEBP_BUILD_VWEBP=OFF -DWEBP_BUILD_WEBPINFO=OFF -DWEBP_BUILD_WEBPMUX=OFF -DWEBP_BUILD_EXTRAS=OFF -DCMAKE_TOOLCHAIN_FILE=/workspaces/.riftengine/WebkitWasm/third_party/emsdk/upstream/emscripten/cmake/Modules/Platform/Emscripten.cmake -DCMAKE_CROSSCOMPILING_EMULATOR=/workspaces/.riftengine/WebkitWasm/third_party/emsdk/node/24.19.0_64bit/bin/node in directory /workspaces/.riftengine/WebkitWasm/third_party/build-deps
-- Performing Test HAVE_BUILTIN_BSWAP16
-- Performing Test HAVE_BUILTIN_BSWAP16 - Success
-- Performing Test HAVE_BUILTIN_BSWAP32
-- Performing Test HAVE_BUILTIN_BSWAP32 - Success
-- Performing Test HAVE_BUILTIN_BSWAP64
-- Performing Test HAVE_BUILTIN_BSWAP64 - Success
-- Performing Test CMAKE_HAVE_LIBC_PTHREAD
-- Performing Test CMAKE_HAVE_LIBC_PTHREAD - Success
-- Found Threads: TRUE  
-- Performing Test HAVE_MATH_LIBRARY
-- Performing Test HAVE_MATH_LIBRARY - Success
-- Looking for include file GLUT/glut.h
-- Looking for include file GLUT/glut.h - not found
-- Looking for include file GL/glut.h
-- Looking for include file GL/glut.h - found
-- Looking for include file OpenGL/glut.h
-- Looking for include file OpenGL/glut.h - not found
-- Looking for include file shlwapi.h
-- Looking for include file shlwapi.h - not found
-- Looking for include file unistd.h
-- Looking for include file unistd.h - found
-- Looking for include file wincodec.h
-- Looking for include file wincodec.h - not found
-- Looking for include file windows.h
-- Looking for include file windows.h - not found
-- Disabling SSE41 optimization.
-- Disabling SSE41 optimization.
-- Performing Test HAS_COMPILE_FLAG
-- Performing Test HAS_COMPILE_FLAG - Failed
-- Disabling SSE2 optimization.
-- Disabling SSE2 optimization.
-- Performing Test HAS_COMPILE_FLAG
-- Performing Test HAS_COMPILE_FLAG - Failed
-- Configuring done (13.4s)
-- Generating done (0.0s)
-- Build files have been written to: /workspaces/.riftengine/WebkitWasm/third_party/build-deps/libwebp-build

===== third_party/build-deps/libxml2-build-build.log =====
-- Installing: /workspaces/.riftengine/WebkitWasm/third_party/wasm-sysroot/share/doc/libxml2/examples/parse4.c
-- Installing: /workspaces/.riftengine/WebkitWasm/third_party/wasm-sysroot/share/doc/libxml2/examples/index.html
-- Installing: /workspaces/.riftengine/WebkitWasm/third_party/wasm-sysroot/share/doc/libxml2/examples/io1.c
-- Installing: /workspaces/.riftengine/WebkitWasm/third_party/wasm-sysroot/share/doc/libxml2/xmllint.html
-- Installing: /workspaces/.riftengine/WebkitWasm/third_party/wasm-sysroot/share/doc/libxml2/tutorial
-- Installing: /workspaces/.riftengine/WebkitWasm/third_party/wasm-sysroot/share/doc/libxml2/tutorial/images
-- Installing: /workspaces/.riftengine/WebkitWasm/third_party/wasm-sysroot/share/doc/libxml2/tutorial/images/note.png
-- Installing: /workspaces/.riftengine/WebkitWasm/third_party/wasm-sysroot/share/doc/libxml2/tutorial/images/toc-plus.png
-- Installing: /workspaces/.riftengine/WebkitWasm/third_party/wasm-sysroot/share/doc/libxml2/tutorial/images/next.png
-- Installing: /workspaces/.riftengine/WebkitWasm/third_party/wasm-sysroot/share/doc/libxml2/tutorial/images/warning.png
-- Installing: /workspaces/.riftengine/WebkitWasm/third_party/wasm-sysroot/share/doc/libxml2/tutorial/images/up.png
-- Installing: /workspaces/.riftengine/WebkitWasm/third_party/wasm-sysroot/share/doc/libxml2/tutorial/images/toc-minus.png
-- Installing: /workspaces/.riftengine/WebkitWasm/third_party/wasm-sysroot/share/doc/libxml2/tutorial/images/home.png
-- Installing: /workspaces/.riftengine/WebkitWasm/third_party/wasm-sysroot/share/doc/libxml2/tutorial/images/prev.png
-- Installing: /workspaces/.riftengine/WebkitWasm/third_party/wasm-sysroot/share/doc/libxml2/tutorial/images/caution.png
-- Installing: /workspaces/.riftengine/WebkitWasm/third_party/wasm-sysroot/share/doc/libxml2/tutorial/images/draft.png
-- Installing: /workspaces/.riftengine/WebkitWasm/third_party/wasm-sysroot/share/doc/libxml2/tutorial/images/tip.png
-- Installing: /workspaces/.riftengine/WebkitWasm/third_party/wasm-sysroot/share/doc/libxml2/tutorial/images/important.png
-- Installing: /workspaces/.riftengine/WebkitWasm/third_party/wasm-sysroot/share/doc/libxml2/tutorial/images/blank.png
-- Installing: /workspaces/.riftengine/WebkitWasm/third_party/wasm-sysroot/share/doc/libxml2/tutorial/images/callouts
-- Installing: /workspaces/.riftengine/WebkitWasm/third_party/wasm-sysroot/share/doc/libxml2/tutorial/images/callouts/1.png
-- Installing: /workspaces/.riftengine/WebkitWasm/third_party/wasm-sysroot/share/doc/libxml2/tutorial/images/callouts/5.png
-- Installing: /workspaces/.riftengine/WebkitWasm/third_party/wasm-sysroot/share/doc/libxml2/tutorial/images/callouts/10.png
-- Installing: /workspaces/.riftengine/WebkitWasm/third_party/wasm-sysroot/share/doc/libxml2/tutorial/images/callouts/9.png
-- Installing: /workspaces/.riftengine/WebkitWasm/third_party/wasm-sysroot/share/doc/libxml2/tutorial/images/callouts/7.png
-- Installing: /workspaces/.riftengine/WebkitWasm/third_party/wasm-sysroot/share/doc/libxml2/tutorial/images/callouts/2.png
-- Installing: /workspaces/.riftengine/WebkitWasm/third_party/wasm-sysroot/share/doc/libxml2/tutorial/images/callouts/3.png
-- Installing: /workspaces/.riftengine/WebkitWasm/third_party/wasm-sysroot/share/doc/libxml2/tutorial/images/callouts/8.png
-- Installing: /workspaces/.riftengine/WebkitWasm/third_party/wasm-sysroot/share/doc/libxml2/tutorial/images/callouts/6.png
-- Installing: /workspaces/.riftengine/WebkitWasm/third_party/wasm-sysroot/share/doc/libxml2/tutorial/images/callouts/4.png
-- Installing: /workspaces/.riftengine/WebkitWasm/third_party/wasm-sysroot/share/doc/libxml2/tutorial/images/toc-blank.png
-- Installing: /workspaces/.riftengine/WebkitWasm/third_party/wasm-sysroot/share/doc/libxml2/tutorial/api.html
-- Installing: /workspaces/.riftengine/WebkitWasm/third_party/wasm-sysroot/share/doc/libxml2/tutorial/includekeyword.c
-- Installing: /workspaces/.riftengine/WebkitWasm/third_party/wasm-sysroot/share/doc/libxml2/tutorial/ar01s07.html
-- Installing: /workspaces/.riftengine/WebkitWasm/third_party/wasm-sysroot/share/doc/libxml2/tutorial/apb.html
-- Installing: /workspaces/.riftengine/WebkitWasm/third_party/wasm-sysroot/share/doc/libxml2/tutorial/includeconvert.c
-- Installing: /workspaces/.riftengine/WebkitWasm/third_party/wasm-sysroot/share/doc/libxml2/tutorial/ar01s06.html
-- Installing: /workspaces/.riftengine/WebkitWasm/third_party/wasm-sysroot/share/doc/libxml2/tutorial/ar01s08.html
-- Installing: /workspaces/.riftengine/WebkitWasm/third_party/wasm-sysroot/share/doc/libxml2/tutorial/apg.html
-- Installing: /workspaces/.riftengine/WebkitWasm/third_party/wasm-sysroot/share/doc/libxml2/tutorial/ar01s02.html
-- Installing: /workspaces/.riftengine/WebkitWasm/third_party/wasm-sysroot/share/doc/libxml2/tutorial/includeaddkeyword.c
-- Installing: /workspaces/.riftengine/WebkitWasm/third_party/wasm-sysroot/share/doc/libxml2/tutorial/includeaddattribute.c
-- Installing: /workspaces/.riftengine/WebkitWasm/third_party/wasm-sysroot/share/doc/libxml2/tutorial/ix01.html
-- Installing: /workspaces/.riftengine/WebkitWasm/third_party/wasm-sysroot/share/doc/libxml2/tutorial/apf.html
-- Installing: /workspaces/.riftengine/WebkitWasm/third_party/wasm-sysroot/share/doc/libxml2/tutorial/apd.html
-- Installing: /workspaces/.riftengine/WebkitWasm/third_party/wasm-sysroot/share/doc/libxml2/tutorial/includexpath.c
-- Installing: /workspaces/.riftengine/WebkitWasm/third_party/wasm-sysroot/share/doc/libxml2/tutorial/ape.html
-- Installing: /workspaces/.riftengine/WebkitWasm/third_party/wasm-sysroot/share/doc/libxml2/tutorial/ar01s04.html
-- Installing: /workspaces/.riftengine/WebkitWasm/third_party/wasm-sysroot/share/doc/libxml2/tutorial/aph.html
-- Installing: /workspaces/.riftengine/WebkitWasm/third_party/wasm-sysroot/share/doc/libxml2/tutorial/ar01s09.html
-- Installing: /workspaces/.riftengine/WebkitWasm/third_party/wasm-sysroot/share/doc/libxml2/tutorial/ar01s05.html
-- Installing: /workspaces/.riftengine/WebkitWasm/third_party/wasm-sysroot/share/doc/libxml2/tutorial/apc.html
-- Installing: /workspaces/.riftengine/WebkitWasm/third_party/wasm-sysroot/share/doc/libxml2/tutorial/includegetattribute.c
-- Installing: /workspaces/.riftengine/WebkitWasm/third_party/wasm-sysroot/share/doc/libxml2/tutorial/ar01s03.html
-- Installing: /workspaces/.riftengine/WebkitWasm/third_party/wasm-sysroot/share/doc/libxml2/tutorial/apa.html
-- Installing: /workspaces/.riftengine/WebkitWasm/third_party/wasm-sysroot/share/doc/libxml2/tutorial/index.html
-- Installing: /workspaces/.riftengine/WebkitWasm/third_party/wasm-sysroot/share/doc/libxml2/xmlcatalog.html
-- Installing: /workspaces/.riftengine/WebkitWasm/third_party/wasm-sysroot/share/doc/libxml2/devhelp
-- Installing: /workspaces/.riftengine/WebkitWasm/third_party/wasm-sysroot/share/doc/libxml2/devhelp/libxml2-uri.html
-- Installing: /workspaces/.riftengine/WebkitWasm/third_party/wasm-sysroot/share/doc/libxml2/devhelp/libxml2-xmlIO.html
-- Installing: /workspaces/.riftengine/WebkitWasm/third_party/wasm-sysroot/share/doc/libxml2/devhelp/libxml2-parser.html
-- Installing: /workspaces/.riftengine/WebkitWasm/third_party/wasm-sysroot/share/doc/libxml2/devhelp/libxml2-xmlwriter.html
-- Installing: /workspaces/.riftengine/WebkitWasm/third_party/wasm-sysroot/share/doc/libxml2/devhelp/libxml2-pattern.html
-- Installing: /workspaces/.riftengine/WebkitWasm/third_party/wasm-sysroot/share/doc/libxml2/devhelp/libxml2-HTMLtree.html
-- Installing: /workspaces/.riftengine/WebkitWasm/third_party/wasm-sysroot/share/doc/libxml2/devhelp/libxml2-xmlregexp.html
-- Installing: /workspaces/.riftengine/WebkitWasm/third_party/wasm-sysroot/share/doc/libxml2/devhelp/libxml2-SAX2.html
-- Installing: /workspaces/.riftengine/WebkitWasm/third_party/wasm-sysroot/share/doc/libxml2/devhelp/libxml2-xmlmodule.html
-- Installing: /workspaces/.riftengine/WebkitWasm/third_party/wasm-sysroot/share/doc/libxml2/devhelp/libxml2-xmlversion.html
-- Installing: /workspaces/.riftengine/WebkitWasm/third_party/wasm-sysroot/share/doc/libxml2/devhelp/libxml2-HTMLparser.html
-- Installing: /workspaces/.riftengine/WebkitWasm/third_party/wasm-sysroot/share/doc/libxml2/devhelp/libxml2-hash.html
-- Installing: /workspaces/.riftengine/WebkitWasm/third_party/wasm-sysroot/share/doc/libxml2/devhelp/libxml2-dict.html
-- Installing: /workspaces/.riftengine/WebkitWasm/third_party/wasm-sysroot/share/doc/libxml2/devhelp/libxml2-xmlschemastypes.html
-- Installing: /workspaces/.riftengine/WebkitWasm/third_party/wasm-sysroot/share/doc/libxml2/devhelp/up.png
-- Installing: /workspaces/.riftengine/WebkitWasm/third_party/wasm-sysroot/share/doc/libxml2/devhelp/libxml2-xpath.html
-- Installing: /workspaces/.riftengine/WebkitWasm/third_party/wasm-sysroot/share/doc/libxml2/devhelp/libxml2-schemasInternals.html
-- Installing: /workspaces/.riftengine/WebkitWasm/third_party/wasm-sysroot/share/doc/libxml2/devhelp/libxml2-xpathInternals.html
-- Installing: /workspaces/.riftengine/WebkitWasm/third_party/wasm-sysroot/share/doc/libxml2/devhelp/libxml2-xinclude.html
-- Installing: /workspaces/.riftengine/WebkitWasm/third_party/wasm-sysroot/share/doc/libxml2/devhelp/style.css
-- Installing: /workspaces/.riftengine/WebkitWasm/third_party/wasm-sysroot/share/doc/libxml2/devhelp/libxml2.devhelp2
-- Installing: /workspaces/.riftengine/WebkitWasm/third_party/wasm-sysroot/share/doc/libxml2/devhelp/home.png
-- Installing: /workspaces/.riftengine/WebkitWasm/third_party/wasm-sysroot/share/doc/libxml2/devhelp/libxml2-xpointer.html
-- Installing: /workspaces/.riftengine/WebkitWasm/third_party/wasm-sysroot/share/doc/libxml2/devhelp/libxml2-xmlexports.html
-- Installing: /workspaces/.riftengine/WebkitWasm/third_party/wasm-sysroot/share/doc/libxml2/devhelp/libxml2-nanoftp.html
-- Installing: /workspaces/.riftengine/WebkitWasm/third_party/wasm-sysroot/share/doc/libxml2/devhelp/libxml2-chvalid.html
-- Installing: /workspaces/.riftengine/WebkitWasm/third_party/wasm-sysroot/share/doc/libxml2/devhelp/libxml2-catalog.html
-- Installing: /workspaces/.riftengine/WebkitWasm/third_party/wasm-sysroot/share/doc/libxml2/devhelp/libxml2-c14n.html
-- Installing: /workspaces/.riftengine/WebkitWasm/third_party/wasm-sysroot/share/doc/libxml2/devhelp/right.png
-- Installing: /workspaces/.riftengine/WebkitWasm/third_party/wasm-sysroot/share/doc/libxml2/devhelp/libxml2-threads.html
-- Installing: /workspaces/.riftengine/WebkitWasm/third_party/wasm-sysroot/share/doc/libxml2/devhelp/libxml2-tree.html
-- Installing: /workspaces/.riftengine/WebkitWasm/third_party/wasm-sysroot/share/doc/libxml2/devhelp/libxml2-xmlsave.html
-- Installing: /workspaces/.riftengine/WebkitWasm/third_party/wasm-sysroot/share/doc/libxml2/devhelp/libxml2-xmlreader.html
-- Installing: /workspaces/.riftengine/WebkitWasm/third_party/wasm-sysroot/share/doc/libxml2/devhelp/libxml2-entities.html
-- Installing: /workspaces/.riftengine/WebkitWasm/third_party/wasm-sysroot/share/doc/libxml2/devhelp/libxml2-xmlerror.html
-- Installing: /workspaces/.riftengine/WebkitWasm/third_party/wasm-sysroot/share/doc/libxml2/devhelp/libxml2-relaxng.html
-- Installing: /workspaces/.riftengine/WebkitWasm/third_party/wasm-sysroot/share/doc/libxml2/devhelp/libxml2-debugXML.html
-- Installing: /workspaces/.riftengine/WebkitWasm/third_party/wasm-sysroot/share/doc/libxml2/devhelp/libxml2-xmlunicode.html
-- Installing: /workspaces/.riftengine/WebkitWasm/third_party/wasm-sysroot/share/doc/libxml2/devhelp/libxml2-globals.html
-- Installing: /workspaces/.riftengine/WebkitWasm/third_party/wasm-sysroot/share/doc/libxml2/devhelp/libxml2-xmlschemas.html
-- Installing: /workspaces/.riftengine/WebkitWasm/third_party/wasm-sysroot/share/doc/libxml2/devhelp/libxml2-parserInternals.html
-- Installing: /workspaces/.riftengine/WebkitWasm/third_party/wasm-sysroot/share/doc/libxml2/devhelp/general.html
-- Installing: /workspaces/.riftengine/WebkitWasm/third_party/wasm-sysroot/share/doc/libxml2/devhelp/libxml2-nanohttp.html
-- Installing: /workspaces/.riftengine/WebkitWasm/third_party/wasm-sysroot/share/doc/libxml2/devhelp/libxml2-SAX.html
-- Installing: /workspaces/.riftengine/WebkitWasm/third_party/wasm-sysroot/share/doc/libxml2/devhelp/libxml2-xmlmemory.html
-- Installing: /workspaces/.riftengine/WebkitWasm/third_party/wasm-sysroot/share/doc/libxml2/devhelp/libxml2-xmlstring.html
-- Installing: /workspaces/.riftengine/WebkitWasm/third_party/wasm-sysroot/share/doc/libxml2/devhelp/libxml2-valid.html
-- Installing: /workspaces/.riftengine/WebkitWasm/third_party/wasm-sysroot/share/doc/libxml2/devhelp/libxml2-xmlautomata.html
-- Installing: /workspaces/.riftengine/WebkitWasm/third_party/wasm-sysroot/share/doc/libxml2/devhelp/libxml2-xlink.html
-- Installing: /workspaces/.riftengine/WebkitWasm/third_party/wasm-sysroot/share/doc/libxml2/devhelp/index.html
-- Installing: /workspaces/.riftengine/WebkitWasm/third_party/wasm-sysroot/share/doc/libxml2/devhelp/libxml2-list.html
-- Installing: /workspaces/.riftengine/WebkitWasm/third_party/wasm-sysroot/share/doc/libxml2/devhelp/libxml2-encoding.html
-- Installing: /workspaces/.riftengine/WebkitWasm/third_party/wasm-sysroot/share/doc/libxml2/devhelp/libxml2-schematron.html
-- Installing: /workspaces/.riftengine/WebkitWasm/third_party/wasm-sysroot/share/doc/libxml2/devhelp/left.png
-- Installing: /workspaces/.riftengine/WebkitWasm/third_party/wasm-sysroot/lib/cmake/libxml2-2.12.9/libxml2-config.cmake
-- Installing: /workspaces/.riftengine/WebkitWasm/third_party/wasm-sysroot/lib/cmake/libxml2-2.12.9/libxml2-config-version.cmake
-- Installing: /workspaces/.riftengine/WebkitWasm/third_party/wasm-sysroot/lib/cmake/libxml2-2.12.9/libxml2-export.cmake
-- Installing: /workspaces/.riftengine/WebkitWasm/third_party/wasm-sysroot/lib/cmake/libxml2-2.12.9/libxml2-export-release.cmake
-- Installing: /workspaces/.riftengine/WebkitWasm/third_party/wasm-sysroot/include/libxml2/libxml/xmlversion.h
-- Installing: /workspaces/.riftengine/WebkitWasm/third_party/wasm-sysroot/lib/pkgconfig/libxml-2.0.pc
-- Installing: /workspaces/.riftengine/WebkitWasm/third_party/wasm-sysroot/bin/xml2-config
-- Installing: /workspaces/.riftengine/WebkitWasm/third_party/wasm-sysroot/share/aclocal/libxml.m4

===== third_party/build-deps/libxml2-build-configure.log =====
emcmake: cmake -S libxml2 -B libxml2-build -GNinja -DCMAKE_BUILD_TYPE=Release -DCMAKE_INSTALL_PREFIX=/workspaces/.riftengine/WebkitWasm/third_party/wasm-sysroot -DCMAKE_FIND_ROOT_PATH=/workspaces/.riftengine/WebkitWasm/third_party/wasm-sysroot -DBUILD_SHARED_LIBS=OFF -DLIBXML2_WITH_PYTHON=OFF -DLIBXML2_WITH_LZMA=OFF -DLIBXML2_WITH_ZLIB=ON -DLIBXML2_WITH_ICU=ON -DLIBXML2_WITH_TESTS=OFF -DLIBXML2_WITH_PROGRAMS=OFF -DZLIB_ROOT=/workspaces/.riftengine/WebkitWasm/third_party/wasm-sysroot -DICU_ROOT=/workspaces/.riftengine/WebkitWasm/third_party/wasm-sysroot -DCMAKE_TOOLCHAIN_FILE=/workspaces/.riftengine/WebkitWasm/third_party/emsdk/upstream/emscripten/cmake/Modules/Platform/Emscripten.cmake -DCMAKE_CROSSCOMPILING_EMULATOR=/workspaces/.riftengine/WebkitWasm/third_party/emsdk/node/24.19.0_64bit/bin/node in directory /workspaces/.riftengine/WebkitWasm/third_party/build-deps
-- Found PkgConfig: /usr/bin/pkg-config (found version "1.8.1") 
-- Performing Test Iconv_IS_BUILT_IN
-- Performing Test Iconv_IS_BUILT_IN - Success
-- Found Iconv: built in to C library  
-- Found the following ICU libraries:
--   data (required): /workspaces/.riftengine/WebkitWasm/third_party/wasm-sysroot/lib/libicudata.a
--   i18n (required): /workspaces/.riftengine/WebkitWasm/third_party/wasm-sysroot/lib/libicui18n.a
--   uc (required): /workspaces/.riftengine/WebkitWasm/third_party/wasm-sysroot/lib/libicuuc.a
-- Found ICU: /workspaces/.riftengine/WebkitWasm/third_party/wasm-sysroot/include (found version "77.1") 
-- Performing Test CMAKE_HAVE_LIBC_PTHREAD
-- Performing Test CMAKE_HAVE_LIBC_PTHREAD - Success
-- Found Threads: TRUE  
-- Found ZLIB: /workspaces/.riftengine/WebkitWasm/third_party/wasm-sysroot/lib/libz.a (found version "1.3.1")  
-- Performing Test HAVE_ATTRIBUTE_DESTRUCTOR
-- Performing Test HAVE_ATTRIBUTE_DESTRUCTOR - Success
-- Looking for include file arpa/inet.h
-- Looking for include file arpa/inet.h - found
-- Looking for class
-- Looking for class - not found
-- Looking for include file dlfcn.h
-- Looking for include file dlfcn.h - found
-- Looking for dlopen in dl
-- Looking for dlopen in dl - found
-- Looking for include file dl.h
-- Looking for include file dl.h - not found
-- Looking for include file fcntl.h
-- Looking for include file fcntl.h - found
-- Looking for fpclass
-- Looking for fpclass - not found
-- Looking for ftime
-- Looking for ftime - found
-- Looking for gettimeofday
-- Looking for gettimeofday - found
-- Looking for include file inttypes.h
-- Looking for include file inttypes.h - found
-- Looking for isascii
-- Looking for isascii - found
-- Looking for append_history in history
-- Looking for append_history in history - not found
-- Looking for readline in readline
-- Looking for readline in readline - not found
-- Looking for mmap
-- Looking for mmap - found
-- Looking for munmap
-- Looking for munmap - found
-- Looking for include file netdb.h
-- Looking for include file netdb.h - found
-- Looking for include file netinet/in.h
-- Looking for include file netinet/in.h - found
-- Looking for include file poll.h
-- Looking for include file poll.h - found
-- Looking for shl_load in dld
-- Looking for shl_load in dld - not found
-- Looking for stat
-- Looking for stat - found
-- Looking for include file stdint.h
-- Looking for include file stdint.h - found
-- Looking for include file sys/mman.h
-- Looking for include file sys/mman.h - found
-- Looking for include file sys/select.h
-- Looking for include file sys/select.h - found
-- Looking for include file sys/socket.h
-- Looking for include file sys/socket.h - found
-- Looking for include file sys/stat.h
-- Looking for include file sys/stat.h - found
-- Looking for include file sys/timeb.h
-- Looking for include file sys/timeb.h - found
-- Looking for include file sys/time.h
-- Looking for include file sys/time.h - found
-- Looking for include file unistd.h
-- Looking for include file unistd.h - found
-- Looking for va_copy
-- Looking for va_copy - found
-- Looking for __va_copy
-- Looking for __va_copy - found
-- Performing Test VA_LIST_IS_ARRAY_TEST
-- Performing Test VA_LIST_IS_ARRAY_TEST - Success
-- Performing Test XML_SOCKLEN_T_SOCKLEN_T
-- Performing Test XML_SOCKLEN_T_SOCKLEN_T - Success
-- Looking for include file pthread.h
-- Looking for include file pthread.h - found
-- Checking for module 'icu-i18n'
--   Package 'icu-i18n', required by 'virtual:world', not found
-- Checking for module 'zlib'
--   Package 'zlib', required by 'virtual:world', not found
-- Configuring done (42.2s)
-- Generating done (0.0s)
-- Build files have been written to: /workspaces/.riftengine/WebkitWasm/third_party/build-deps/libxml2-build

===== third_party/build-deps/nghttp2-build-build.log =====
ninja: Entering directory `nghttp2-build'
[1/28] Building C object lib/CMakeFiles/nghttp2_static.dir/nghttp2_queue.c.o
[2/28] Building C object lib/CMakeFiles/nghttp2_static.dir/nghttp2_pq.c.o
[3/28] Building C object lib/CMakeFiles/nghttp2_static.dir/nghttp2_buf.c.o
[4/28] Building C object lib/CMakeFiles/nghttp2_static.dir/nghttp2_map.c.o
[5/28] Building C object lib/CMakeFiles/nghttp2_static.dir/nghttp2_stream.c.o
[6/28] Building C object lib/CMakeFiles/nghttp2_static.dir/nghttp2_frame.c.o
[7/28] Building C object lib/CMakeFiles/nghttp2_static.dir/nghttp2_outbound_item.c.o
[8/28] Building C object lib/CMakeFiles/nghttp2_static.dir/nghttp2_submit.c.o
[9/28] Building C object lib/CMakeFiles/nghttp2_static.dir/nghttp2_helper.c.o
[10/28] Building C object lib/CMakeFiles/nghttp2_static.dir/nghttp2_alpn.c.o
[11/28] Building C object lib/CMakeFiles/nghttp2_static.dir/nghttp2_hd_huffman_data.c.o
[12/28] Building C object lib/CMakeFiles/nghttp2_static.dir/nghttp2_hd_huffman.c.o
[13/28] Building C object lib/CMakeFiles/nghttp2_static.dir/nghttp2_version.c.o
[14/28] Building C object lib/CMakeFiles/nghttp2_static.dir/nghttp2_priority_spec.c.o
[15/28] Building C object lib/CMakeFiles/nghttp2_static.dir/nghttp2_callbacks.c.o
[16/28] Building C object lib/CMakeFiles/nghttp2_static.dir/nghttp2_mem.c.o
[17/28] Building C object lib/CMakeFiles/nghttp2_static.dir/nghttp2_option.c.o
[18/28] Building C object lib/CMakeFiles/nghttp2_static.dir/nghttp2_extpri.c.o
[19/28] Building C object lib/CMakeFiles/nghttp2_static.dir/nghttp2_hd.c.o
[20/28] Building C object lib/CMakeFiles/nghttp2_static.dir/nghttp2_rcbuf.c.o
[21/28] Building C object lib/CMakeFiles/nghttp2_static.dir/nghttp2_ratelim.c.o
[22/28] Building C object lib/CMakeFiles/nghttp2_static.dir/nghttp2_http.c.o
[23/28] Building C object lib/CMakeFiles/nghttp2_static.dir/nghttp2_debug.c.o
[24/28] Building C object lib/CMakeFiles/nghttp2_static.dir/nghttp2_time.c.o
[25/28] Building C object lib/CMakeFiles/nghttp2_static.dir/sfparse.c.o
[26/28] Building C object lib/CMakeFiles/nghttp2_static.dir/nghttp2_session.c.o
[27/28] Linking C static library lib/libnghttp2.a
[27/28] Install the project...
-- Install configuration: "Release"
-- Installing: /workspaces/.riftengine/WebkitWasm/third_party/wasm-sysroot/share/doc/nghttp2/README.rst
-- Installing: /workspaces/.riftengine/WebkitWasm/third_party/wasm-sysroot/include/nghttp2/nghttp2.h
-- Installing: /workspaces/.riftengine/WebkitWasm/third_party/wasm-sysroot/include/nghttp2/nghttp2ver.h
-- Installing: /workspaces/.riftengine/WebkitWasm/third_party/wasm-sysroot/lib/libnghttp2.a
-- Installing: /workspaces/.riftengine/WebkitWasm/third_party/wasm-sysroot/lib/pkgconfig/libnghttp2.pc
-- Installing: /workspaces/.riftengine/WebkitWasm/third_party/wasm-sysroot/lib/cmake/nghttp2/nghttp2-targets.cmake
-- Installing: /workspaces/.riftengine/WebkitWasm/third_party/wasm-sysroot/lib/cmake/nghttp2/nghttp2-targets-release.cmake
-- Installing: /workspaces/.riftengine/WebkitWasm/third_party/wasm-sysroot/share/nghttp2/fetch-ocsp-response

===== third_party/build-deps/nghttp2-build/CMakeFiles/CMakeOutput.log =====
Determining size of ssize_t passed with the following output:
Change Dir: '/workspaces/.riftengine/WebkitWasm/third_party/build-deps/nghttp2-build/CMakeFiles/CMakeTmp'

Run Build Command(s): /usr/bin/ninja -v cmTC_a7fd5
[1/2] /workspaces/.riftengine/WebkitWasm/third_party/emsdk/upstream/emscripten/emcc   -O2 -pthread -MD -MT CMakeFiles/cmTC_a7fd5.dir/SIZEOF_SSIZE_T.c.o -MF CMakeFiles/cmTC_a7fd5.dir/SIZEOF_SSIZE_T.c.o.d -o CMakeFiles/cmTC_a7fd5.dir/SIZEOF_SSIZE_T.c.o -c /workspaces/.riftengine/WebkitWasm/third_party/build-deps/nghttp2-build/CMakeFiles/CheckTypeSize/SIZEOF_SSIZE_T.c
[2/2] : && /workspaces/.riftengine/WebkitWasm/third_party/emsdk/upstream/emscripten/emcc -O2 -pthread  CMakeFiles/cmTC_a7fd5.dir/SIZEOF_SSIZE_T.c.o -o cmTC_a7fd5.js  --oformat=wasm  -sWASM=1 && :




===== third_party/build-deps/nghttp2-build-configure.log =====
-- Found Python3: /usr/bin/python3 (found version "3.12.3") found components: Interpreter 
-- Found OpenSSL: /workspaces/.riftengine/WebkitWasm/third_party/wasm-sysroot/lib/libcrypto.a (found suitable version "3.5.0", minimum required is "1.1.1")  
-- Could NOT find Libngtcp2 (missing: LIBNGTCP2_LIBRARY LIBNGTCP2_INCLUDE_DIR) (Required is at least version "1.0.0")
-- Could NOT find Libngtcp2_crypto_quictls (missing: LIBNGTCP2_CRYPTO_QUICTLS_LIBRARY LIBNGTCP2_CRYPTO_QUICTLS_INCLUDE_DIR) (Required is at least version "1.0.0")
-- Could NOT find Libnghttp3 (missing: LIBNGHTTP3_LIBRARY LIBNGHTTP3_INCLUDE_DIR) (Required is at least version "1.1.0")
-- Could NOT find Systemd (missing: SYSTEMD_INCLUDE_DIRS SYSTEMD_LIBRARIES) (Required is at least version "209")
-- Could NOT find Jansson (missing: JANSSON_LIBRARY JANSSON_INCLUDE_DIR) (Required is at least version "2.5")
-- Could NOT find Libevent (missing: LIBEVENT_CORE_LIBRARY LIBEVENT_EXTRA_LIBRARY LIBEVENT_OPENSSL_LIBRARY LIBEVENT_INCLUDE_DIR core extra openssl) (Required is at least version "2.0.8")
-- Found LibXml2: /workspaces/.riftengine/WebkitWasm/third_party/wasm-sysroot/lib/libxml2.a (found suitable version "2.12.9", minimum required is "2.6.26") 
-- Could NOT find Jemalloc (missing: JEMALLOC_LIBRARY JEMALLOC_INCLUDE_DIR) 
-- Performing Test CMAKE_HAVE_LIBC_PTHREAD
-- Performing Test CMAKE_HAVE_LIBC_PTHREAD - Success
-- Found Threads: TRUE  
-- Looking for arpa/inet.h
-- Looking for arpa/inet.h - found
-- Looking for fcntl.h
-- Looking for fcntl.h - found
-- Looking for inttypes.h
-- Looking for inttypes.h - found
-- Looking for limits.h
-- Looking for limits.h - found
-- Looking for netdb.h
-- Looking for netdb.h - found
-- Looking for netinet/in.h
-- Looking for netinet/in.h - found
-- Looking for netinet/ip.h
-- Looking for netinet/ip.h - found
-- Looking for pwd.h
-- Looking for pwd.h - found
-- Looking for sys/socket.h
-- Looking for sys/socket.h - found
-- Looking for sys/time.h
-- Looking for sys/time.h - found
-- Looking for syslog.h
-- Looking for syslog.h - found
-- Looking for unistd.h
-- Looking for unistd.h - found
-- Looking for windows.h
-- Looking for windows.h - not found
-- Looking for sys/types.h
-- Looking for sys/types.h - found
-- Looking for stdint.h
-- Looking for stdint.h - found
-- Looking for stddef.h
-- Looking for stddef.h - found
-- Check size of ssize_t
-- Check size of ssize_t - done
-- Performing Test HAVE_STRUCT_TM_TM_GMTOFF
-- Performing Test HAVE_STRUCT_TM_TM_GMTOFF - Success
-- Looking for _Exit
-- Looking for _Exit - found
-- Looking for accept4
-- Looking for accept4 - found
-- Looking for clock_gettime
-- Looking for clock_gettime - found
-- Looking for mkostemp
-- Looking for mkostemp - found
-- Looking for pipe2
-- Looking for pipe2 - found
-- Looking for GetTickCount64
-- Looking for GetTickCount64 - not found
-- Looking for initgroups
-- Looking for initgroups - not found
-- Looking for initgroups
-- Looking for initgroups - not found
-- Looking for CLOCK_MONOTONIC
-- Looking for CLOCK_MONOTONIC - found
-- summary of build options:

    Package version: 1.64.0
    Library version: 42:3:28
    Install prefix:  /workspaces/.riftengine/WebkitWasm/third_party/wasm-sysroot
    Target system:   Emscripten
    Compiler:
      Build type:     Release
      C compiler:     /workspaces/.riftengine/WebkitWasm/third_party/emsdk/upstream/emscripten/emcc
      CFLAGS:         -O3  -O2 -pthread
      C++ compiler:   /workspaces/.riftengine/WebkitWasm/third_party/emsdk/upstream/emscripten/em++
      CXXFLAGS:        
      WARNCFLAGS:       -Wextra -Wall -Wconversion -Winline -Wmissing-declarations -Wmissing-prototypes -Wnested-externs -Wpointer-arith -Wshadow -Wundef -Wwrite-strings -Waddress -Wattributes -Wcast-align -Wdeclaration-after-statement -Wdiv-by-zero -Wempty-body -Wendif-labels -Wfloat-equal -Wformat-nonliteral -Wformat-security -Wmissing-field-initializers -Wmissing-noreturn -Wno-format-nonliteral -Wredundant-decls -Wsign-conversion -Wstrict-prototypes -Wunreachable-code -Wunused-parameter -Wvla -Wshorten-64-to-32 -Wlanguage-extension-token -Wpragmas -Wunreachable-code-break -Wheader-guard -Wmissing-variable-declarations
      CXX1XCXXFLAGS:  
      WARNCXXFLAGS:     -Wall -Wformat-security
    Python:
      Python:          /usr/bin/python3
      Python3_VERSION: 3.12.3
    Test:
      Failmalloc:     ON
      Build Test:     ON
    Libs:
      OpenSSL:        TRUE (LIBS='')
      wolfSSL:         (LIBS='')
      Libxml2:        TRUE (LIBS='/workspaces/.riftengine/WebkitWasm/third_party/wasm-sysroot/lib/libxml2.a')
      Libev:           (LIBS='')
      Libc-ares:       (LIBS='')
      Libngtcp2:       (LIBS='')
      Libngtcp2_crypto_quictls:  (LIBS='')
      Libngtcp2_crypto_wolfssl:  (LIBS='')
      Libnghttp3:      (LIBS='')
      Libbpf:          (LIBS='')
      Libevent(SSL):  FALSE (LIBS='')
      Jansson:        FALSE (LIBS='')
      Jemalloc:       FALSE (LIBS='')
      Zlib:            (LIBS='')
      Systemd:        FALSE (LIBS='SYSTEMD_LIBRARIES-NOTFOUND')
      Libbrotlienc:    (LIBS='')
      Libbrotlidec:    (LIBS='')
    Third-party:
      http-parser:    
      MRuby:          0
      Neverbleed:     0
    Features:
      Applications:   OFF
      HPACK tools:    OFF
      Examples:       OFF
      Threading:      ON
      HTTP/3(EXPERIMENTAL): OFF

-- Configuring done (32.4s)
-- Generating done (0.0s)
-- Build files have been written to: /workspaces/.riftengine/WebkitWasm/third_party/build-deps/nghttp2-build

===== third_party/build-deps/openssl-build.log =====
install ./include/openssl/core_dispatch.h -> /workspaces/.riftengine/WebkitWasm/third_party/wasm-sysroot/include/openssl/core_dispatch.h
install ./include/openssl/core_names.h -> /workspaces/.riftengine/WebkitWasm/third_party/wasm-sysroot/include/openssl/core_names.h
install ./include/openssl/core_object.h -> /workspaces/.riftengine/WebkitWasm/third_party/wasm-sysroot/include/openssl/core_object.h
install ./include/openssl/crmf.h -> /workspaces/.riftengine/WebkitWasm/third_party/wasm-sysroot/include/openssl/crmf.h
install ./include/openssl/crmferr.h -> /workspaces/.riftengine/WebkitWasm/third_party/wasm-sysroot/include/openssl/crmferr.h
install ./include/openssl/crypto.h -> /workspaces/.riftengine/WebkitWasm/third_party/wasm-sysroot/include/openssl/crypto.h
install ./include/openssl/cryptoerr.h -> /workspaces/.riftengine/WebkitWasm/third_party/wasm-sysroot/include/openssl/cryptoerr.h
install ./include/openssl/cryptoerr_legacy.h -> /workspaces/.riftengine/WebkitWasm/third_party/wasm-sysroot/include/openssl/cryptoerr_legacy.h
install ./include/openssl/ct.h -> /workspaces/.riftengine/WebkitWasm/third_party/wasm-sysroot/include/openssl/ct.h
install ./include/openssl/cterr.h -> /workspaces/.riftengine/WebkitWasm/third_party/wasm-sysroot/include/openssl/cterr.h
install ./include/openssl/decoder.h -> /workspaces/.riftengine/WebkitWasm/third_party/wasm-sysroot/include/openssl/decoder.h
install ./include/openssl/decodererr.h -> /workspaces/.riftengine/WebkitWasm/third_party/wasm-sysroot/include/openssl/decodererr.h
install ./include/openssl/des.h -> /workspaces/.riftengine/WebkitWasm/third_party/wasm-sysroot/include/openssl/des.h
install ./include/openssl/dh.h -> /workspaces/.riftengine/WebkitWasm/third_party/wasm-sysroot/include/openssl/dh.h
install ./include/openssl/dherr.h -> /workspaces/.riftengine/WebkitWasm/third_party/wasm-sysroot/include/openssl/dherr.h
install ./include/openssl/dsa.h -> /workspaces/.riftengine/WebkitWasm/third_party/wasm-sysroot/include/openssl/dsa.h
install ./include/openssl/dsaerr.h -> /workspaces/.riftengine/WebkitWasm/third_party/wasm-sysroot/include/openssl/dsaerr.h
install ./include/openssl/dtls1.h -> /workspaces/.riftengine/WebkitWasm/third_party/wasm-sysroot/include/openssl/dtls1.h
install ./include/openssl/e_os2.h -> /workspaces/.riftengine/WebkitWasm/third_party/wasm-sysroot/include/openssl/e_os2.h
install ./include/openssl/e_ostime.h -> /workspaces/.riftengine/WebkitWasm/third_party/wasm-sysroot/include/openssl/e_ostime.h
install ./include/openssl/ebcdic.h -> /workspaces/.riftengine/WebkitWasm/third_party/wasm-sysroot/include/openssl/ebcdic.h
install ./include/openssl/ec.h -> /workspaces/.riftengine/WebkitWasm/third_party/wasm-sysroot/include/openssl/ec.h
install ./include/openssl/ecdh.h -> /workspaces/.riftengine/WebkitWasm/third_party/wasm-sysroot/include/openssl/ecdh.h
install ./include/openssl/ecdsa.h -> /workspaces/.riftengine/WebkitWasm/third_party/wasm-sysroot/include/openssl/ecdsa.h
install ./include/openssl/ecerr.h -> /workspaces/.riftengine/WebkitWasm/third_party/wasm-sysroot/include/openssl/ecerr.h
install ./include/openssl/encoder.h -> /workspaces/.riftengine/WebkitWasm/third_party/wasm-sysroot/include/openssl/encoder.h
install ./include/openssl/encodererr.h -> /workspaces/.riftengine/WebkitWasm/third_party/wasm-sysroot/include/openssl/encodererr.h
install ./include/openssl/engine.h -> /workspaces/.riftengine/WebkitWasm/third_party/wasm-sysroot/include/openssl/engine.h
install ./include/openssl/engineerr.h -> /workspaces/.riftengine/WebkitWasm/third_party/wasm-sysroot/include/openssl/engineerr.h
install ./include/openssl/err.h -> /workspaces/.riftengine/WebkitWasm/third_party/wasm-sysroot/include/openssl/err.h
install ./include/openssl/ess.h -> /workspaces/.riftengine/WebkitWasm/third_party/wasm-sysroot/include/openssl/ess.h
install ./include/openssl/esserr.h -> /workspaces/.riftengine/WebkitWasm/third_party/wasm-sysroot/include/openssl/esserr.h
install ./include/openssl/evp.h -> /workspaces/.riftengine/WebkitWasm/third_party/wasm-sysroot/include/openssl/evp.h
install ./include/openssl/evperr.h -> /workspaces/.riftengine/WebkitWasm/third_party/wasm-sysroot/include/openssl/evperr.h
install ./include/openssl/fips_names.h -> /workspaces/.riftengine/WebkitWasm/third_party/wasm-sysroot/include/openssl/fips_names.h
install ./include/openssl/fipskey.h -> /workspaces/.riftengine/WebkitWasm/third_party/wasm-sysroot/include/openssl/fipskey.h
install ./include/openssl/hmac.h -> /workspaces/.riftengine/WebkitWasm/third_party/wasm-sysroot/include/openssl/hmac.h
install ./include/openssl/hpke.h -> /workspaces/.riftengine/WebkitWasm/third_party/wasm-sysroot/include/openssl/hpke.h
install ./include/openssl/http.h -> /workspaces/.riftengine/WebkitWasm/third_party/wasm-sysroot/include/openssl/http.h
install ./include/openssl/httperr.h -> /workspaces/.riftengine/WebkitWasm/third_party/wasm-sysroot/include/openssl/httperr.h
install ./include/openssl/idea.h -> /workspaces/.riftengine/WebkitWasm/third_party/wasm-sysroot/include/openssl/idea.h
install ./include/openssl/indicator.h -> /workspaces/.riftengine/WebkitWasm/third_party/wasm-sysroot/include/openssl/indicator.h
install ./include/openssl/kdf.h -> /workspaces/.riftengine/WebkitWasm/third_party/wasm-sysroot/include/openssl/kdf.h
install ./include/openssl/kdferr.h -> /workspaces/.riftengine/WebkitWasm/third_party/wasm-sysroot/include/openssl/kdferr.h
install ./include/openssl/lhash.h -> /workspaces/.riftengine/WebkitWasm/third_party/wasm-sysroot/include/openssl/lhash.h
install ./include/openssl/macros.h -> /workspaces/.riftengine/WebkitWasm/third_party/wasm-sysroot/include/openssl/macros.h
install ./include/openssl/md2.h -> /workspaces/.riftengine/WebkitWasm/third_party/wasm-sysroot/include/openssl/md2.h
install ./include/openssl/md4.h -> /workspaces/.riftengine/WebkitWasm/third_party/wasm-sysroot/include/openssl/md4.h
install ./include/openssl/md5.h -> /workspaces/.riftengine/WebkitWasm/third_party/wasm-sysroot/include/openssl/md5.h
install ./include/openssl/mdc2.h -> /workspaces/.riftengine/WebkitWasm/third_party/wasm-sysroot/include/openssl/mdc2.h
install ./include/openssl/ml_kem.h -> /workspaces/.riftengine/WebkitWasm/third_party/wasm-sysroot/include/openssl/ml_kem.h
install ./include/openssl/modes.h -> /workspaces/.riftengine/WebkitWasm/third_party/wasm-sysroot/include/openssl/modes.h
install ./include/openssl/obj_mac.h -> /workspaces/.riftengine/WebkitWasm/third_party/wasm-sysroot/include/openssl/obj_mac.h
install ./include/openssl/objects.h -> /workspaces/.riftengine/WebkitWasm/third_party/wasm-sysroot/include/openssl/objects.h
install ./include/openssl/objectserr.h -> /workspaces/.riftengine/WebkitWasm/third_party/wasm-sysroot/include/openssl/objectserr.h
install ./include/openssl/ocsp.h -> /workspaces/.riftengine/WebkitWasm/third_party/wasm-sysroot/include/openssl/ocsp.h
install ./include/openssl/ocsperr.h -> /workspaces/.riftengine/WebkitWasm/third_party/wasm-sysroot/include/openssl/ocsperr.h
install ./include/openssl/opensslconf.h -> /workspaces/.riftengine/WebkitWasm/third_party/wasm-sysroot/include/openssl/opensslconf.h
install ./include/openssl/opensslv.h -> /workspaces/.riftengine/WebkitWasm/third_party/wasm-sysroot/include/openssl/opensslv.h
install ./include/openssl/ossl_typ.h -> /workspaces/.riftengine/WebkitWasm/third_party/wasm-sysroot/include/openssl/ossl_typ.h
install ./include/openssl/param_build.h -> /workspaces/.riftengine/WebkitWasm/third_party/wasm-sysroot/include/openssl/param_build.h
install ./include/openssl/params.h -> /workspaces/.riftengine/WebkitWasm/third_party/wasm-sysroot/include/openssl/params.h
install ./include/openssl/pem.h -> /workspaces/.riftengine/WebkitWasm/third_party/wasm-sysroot/include/openssl/pem.h
install ./include/openssl/pem2.h -> /workspaces/.riftengine/WebkitWasm/third_party/wasm-sysroot/include/openssl/pem2.h
install ./include/openssl/pemerr.h -> /workspaces/.riftengine/WebkitWasm/third_party/wasm-sysroot/include/openssl/pemerr.h
install ./include/openssl/pkcs12.h -> /workspaces/.riftengine/WebkitWasm/third_party/wasm-sysroot/include/openssl/pkcs12.h
install ./include/openssl/pkcs12err.h -> /workspaces/.riftengine/WebkitWasm/third_party/wasm-sysroot/include/openssl/pkcs12err.h
install ./include/openssl/pkcs7.h -> /workspaces/.riftengine/WebkitWasm/third_party/wasm-sysroot/include/openssl/pkcs7.h
install ./include/openssl/pkcs7err.h -> /workspaces/.riftengine/WebkitWasm/third_party/wasm-sysroot/include/openssl/pkcs7err.h
install ./include/openssl/prov_ssl.h -> /workspaces/.riftengine/WebkitWasm/third_party/wasm-sysroot/include/openssl/prov_ssl.h
install ./include/openssl/proverr.h -> /workspaces/.riftengine/WebkitWasm/third_party/wasm-sysroot/include/openssl/proverr.h
install ./include/openssl/provider.h -> /workspaces/.riftengine/WebkitWasm/third_party/wasm-sysroot/include/openssl/provider.h
install ./include/openssl/quic.h -> /workspaces/.riftengine/WebkitWasm/third_party/wasm-sysroot/include/openssl/quic.h
install ./include/openssl/rand.h -> /workspaces/.riftengine/WebkitWasm/third_party/wasm-sysroot/include/openssl/rand.h
install ./include/openssl/randerr.h -> /workspaces/.riftengine/WebkitWasm/third_party/wasm-sysroot/include/openssl/randerr.h
install ./include/openssl/rc2.h -> /workspaces/.riftengine/WebkitWasm/third_party/wasm-sysroot/include/openssl/rc2.h
install ./include/openssl/rc4.h -> /workspaces/.riftengine/WebkitWasm/third_party/wasm-sysroot/include/openssl/rc4.h
install ./include/openssl/rc5.h -> /workspaces/.riftengine/WebkitWasm/third_party/wasm-sysroot/include/openssl/rc5.h
install ./include/openssl/ripemd.h -> /workspaces/.riftengine/WebkitWasm/third_party/wasm-sysroot/include/openssl/ripemd.h
install ./include/openssl/rsa.h -> /workspaces/.riftengine/WebkitWasm/third_party/wasm-sysroot/include/openssl/rsa.h
install ./include/openssl/rsaerr.h -> /workspaces/.riftengine/WebkitWasm/third_party/wasm-sysroot/include/openssl/rsaerr.h
install ./include/openssl/safestack.h -> /workspaces/.riftengine/WebkitWasm/third_party/wasm-sysroot/include/openssl/safestack.h
install ./include/openssl/seed.h -> /workspaces/.riftengine/WebkitWasm/third_party/wasm-sysroot/include/openssl/seed.h
install ./include/openssl/self_test.h -> /workspaces/.riftengine/WebkitWasm/third_party/wasm-sysroot/include/openssl/self_test.h
install ./include/openssl/sha.h -> /workspaces/.riftengine/WebkitWasm/third_party/wasm-sysroot/include/openssl/sha.h
install ./include/openssl/srp.h -> /workspaces/.riftengine/WebkitWasm/third_party/wasm-sysroot/include/openssl/srp.h
install ./include/openssl/srtp.h -> /workspaces/.riftengine/WebkitWasm/third_party/wasm-sysroot/include/openssl/srtp.h
install ./include/openssl/ssl.h -> /workspaces/.riftengine/WebkitWasm/third_party/wasm-sysroot/include/openssl/ssl.h
install ./include/openssl/ssl2.h -> /workspaces/.riftengine/WebkitWasm/third_party/wasm-sysroot/include/openssl/ssl2.h
install ./include/openssl/ssl3.h -> /workspaces/.riftengine/WebkitWasm/third_party/wasm-sysroot/include/openssl/ssl3.h
install ./include/openssl/sslerr.h -> /workspaces/.riftengine/WebkitWasm/third_party/wasm-sysroot/include/openssl/sslerr.h
install ./include/openssl/sslerr_legacy.h -> /workspaces/.riftengine/WebkitWasm/third_party/wasm-sysroot/include/openssl/sslerr_legacy.h
install ./include/openssl/stack.h -> /workspaces/.riftengine/WebkitWasm/third_party/wasm-sysroot/include/openssl/stack.h
install ./include/openssl/store.h -> /workspaces/.riftengine/WebkitWasm/third_party/wasm-sysroot/include/openssl/store.h
install ./include/openssl/storeerr.h -> /workspaces/.riftengine/WebkitWasm/third_party/wasm-sysroot/include/openssl/storeerr.h
install ./include/openssl/symhacks.h -> /workspaces/.riftengine/WebkitWasm/third_party/wasm-sysroot/include/openssl/symhacks.h
install ./include/openssl/thread.h -> /workspaces/.riftengine/WebkitWasm/third_party/wasm-sysroot/include/openssl/thread.h
install ./include/openssl/tls1.h -> /workspaces/.riftengine/WebkitWasm/third_party/wasm-sysroot/include/openssl/tls1.h
install ./include/openssl/trace.h -> /workspaces/.riftengine/WebkitWasm/third_party/wasm-sysroot/include/openssl/trace.h
install ./include/openssl/ts.h -> /workspaces/.riftengine/WebkitWasm/third_party/wasm-sysroot/include/openssl/ts.h
install ./include/openssl/tserr.h -> /workspaces/.riftengine/WebkitWasm/third_party/wasm-sysroot/include/openssl/tserr.h
install ./include/openssl/txt_db.h -> /workspaces/.riftengine/WebkitWasm/third_party/wasm-sysroot/include/openssl/txt_db.h
install ./include/openssl/types.h -> /workspaces/.riftengine/WebkitWasm/third_party/wasm-sysroot/include/openssl/types.h
install ./include/openssl/ui.h -> /workspaces/.riftengine/WebkitWasm/third_party/wasm-sysroot/include/openssl/ui.h
install ./include/openssl/uierr.h -> /workspaces/.riftengine/WebkitWasm/third_party/wasm-sysroot/include/openssl/uierr.h
install ./include/openssl/whrlpool.h -> /workspaces/.riftengine/WebkitWasm/third_party/wasm-sysroot/include/openssl/whrlpool.h
install ./include/openssl/x509.h -> /workspaces/.riftengine/WebkitWasm/third_party/wasm-sysroot/include/openssl/x509.h
install ./include/openssl/x509_acert.h -> /workspaces/.riftengine/WebkitWasm/third_party/wasm-sysroot/include/openssl/x509_acert.h
install ./include/openssl/x509_vfy.h -> /workspaces/.riftengine/WebkitWasm/third_party/wasm-sysroot/include/openssl/x509_vfy.h
install ./include/openssl/x509err.h -> /workspaces/.riftengine/WebkitWasm/third_party/wasm-sysroot/include/openssl/x509err.h
install ./include/openssl/x509v3.h -> /workspaces/.riftengine/WebkitWasm/third_party/wasm-sysroot/include/openssl/x509v3.h
install ./include/openssl/x509v3err.h -> /workspaces/.riftengine/WebkitWasm/third_party/wasm-sysroot/include/openssl/x509v3err.h
install libcrypto.a -> /workspaces/.riftengine/WebkitWasm/third_party/wasm-sysroot/lib/libcrypto.a
install libssl.a -> /workspaces/.riftengine/WebkitWasm/third_party/wasm-sysroot/lib/libssl.a
install exporters/libcrypto.pc -> /workspaces/.riftengine/WebkitWasm/third_party/wasm-sysroot/lib/pkgconfig/libcrypto.pc
install exporters/libssl.pc -> /workspaces/.riftengine/WebkitWasm/third_party/wasm-sysroot/lib/pkgconfig/libssl.pc
install exporters/openssl.pc -> /workspaces/.riftengine/WebkitWasm/third_party/wasm-sysroot/lib/pkgconfig/openssl.pc
created directory `/workspaces/.riftengine/WebkitWasm/third_party/wasm-sysroot/lib/cmake/OpenSSL'
install exporters/OpenSSLConfig.cmake -> /workspaces/.riftengine/WebkitWasm/third_party/wasm-sysroot/lib/cmake/OpenSSL/OpenSSLConfig.cmake
install exporters/OpenSSLConfigVersion.cmake -> /workspaces/.riftengine/WebkitWasm/third_party/wasm-sysroot/lib/cmake/OpenSSL/OpenSSLConfigVersion.cmake

===== third_party/build-deps/openssl-configure.log =====
emconfigure: ./Configure linux-generic32 no-asm no-engine no-afalgeng no-hw no-dso no-shared no-async no-tests no-apps no-docs threads --prefix=/workspaces/.riftengine/WebkitWasm/third_party/wasm-sysroot --libdir=lib --openssldir=/etc/ssl -O2 -pthread in directory /workspaces/.riftengine/WebkitWasm/third_party/build-deps/openssl
***** Deprecated options: no-hw
Configuring OpenSSL version 3.5.0 for target linux-generic32
Using os-specific seed configuration
Created configdata.pm
Running configdata.pm
Created Makefile.in
Created Makefile
Created include/openssl/configuration.h

**********************************************************************
***                                                                ***
***   OpenSSL has been successfully configured                     ***
***                                                                ***
***   If you encounter a problem while building, please open an    ***
***   issue on GitHub <https://github.com/openssl/openssl/issues>  ***
***   and include the output from the following command:           ***
***                                                                ***
***       perl configdata.pm --dump                                ***
***                                                                ***
***   (If you are new to OpenSSL, you might want to consult the    ***
***   'Troubleshooting' section in the INSTALL.md file first)      ***
***                                                                ***
**********************************************************************

===== third_party/build-deps/zlib-build-build.log =====
ninja: Entering directory `zlib-build'
[1/34] Building C object CMakeFiles/zlib.dir/gzclose.c.o
[2/34] Building C object CMakeFiles/zlib.dir/compress.c.o
[3/34] Building C object CMakeFiles/zlib.dir/adler32.c.o
[4/34] Building C object CMakeFiles/zlib.dir/crc32.c.o
[5/34] Building C object CMakeFiles/zlib.dir/gzlib.c.o
[6/34] Building C object CMakeFiles/zlib.dir/gzread.c.o
[7/34] Building C object CMakeFiles/zlib.dir/deflate.c.o
[8/34] Building C object CMakeFiles/zlib.dir/gzwrite.c.o
[9/34] Building C object CMakeFiles/zlib.dir/inftrees.c.o
[10/34] Building C object CMakeFiles/zlib.dir/inffast.c.o
[11/34] Building C object CMakeFiles/zlib.dir/uncompr.c.o
[12/34] Building C object CMakeFiles/zlib.dir/infback.c.o
[13/34] Building C object CMakeFiles/zlib.dir/zutil.c.o
[14/34] Building C object CMakeFiles/zlib.dir/inflate.c.o
[15/34] Building C object CMakeFiles/zlib.dir/trees.c.o
[16/34] Building C object CMakeFiles/zlibstatic.dir/compress.c.o
[17/34] Building C object CMakeFiles/zlibstatic.dir/adler32.c.o
[18/34] Building C object CMakeFiles/zlibstatic.dir/gzclose.c.o
[19/34] Building C object CMakeFiles/zlibstatic.dir/crc32.c.o
[20/34] Building C object CMakeFiles/zlibstatic.dir/gzread.c.o
[21/34] Building C object CMakeFiles/zlibstatic.dir/gzlib.c.o
[22/34] Building C object CMakeFiles/zlibstatic.dir/gzwrite.c.o
[23/34] Building C object CMakeFiles/zlibstatic.dir/deflate.c.o
[24/34] Building C object CMakeFiles/zlibstatic.dir/inffast.c.o
[25/34] Building C object CMakeFiles/zlibstatic.dir/inftrees.c.o
[26/34] Building C object CMakeFiles/zlibstatic.dir/infback.c.o
[27/34] Linking C shared library libz.so.1.3.1
emcc: warning: ignoring unsupported linker flag: `--version-script` [-Wlinkflags]
cache:INFO: generating system asset: sysroot/lib/wasm32-emscripten/pic/crtbegin-mt.o... (this will be cached in "/workspaces/.riftengine/WebkitWasm/third_party/emsdk/upstream/emscripten/cache/sysroot/lib/wasm32-emscripten/pic/crtbegin-mt.o" for subsequent builds)
system_libs:INFO: compiled 1 inputs in 0.37s
cache:INFO:  - ok
[28/34] Building C object CMakeFiles/zlibstatic.dir/uncompr.c.o
[29/34] Creating library symlink libz.so.1 libz.so
[30/34] Building C object CMakeFiles/zlibstatic.dir/trees.c.o
[31/34] Building C object CMakeFiles/zlibstatic.dir/inflate.c.o
[32/34] Building C object CMakeFiles/zlibstatic.dir/zutil.c.o
[33/34] Linking C static library libz.a
[33/34] Install the project...
-- Install configuration: "Release"
-- Installing: /workspaces/.riftengine/WebkitWasm/third_party/wasm-sysroot/lib/libz.so.1.3.1
-- Installing: /workspaces/.riftengine/WebkitWasm/third_party/wasm-sysroot/lib/libz.so.1
-- Installing: /workspaces/.riftengine/WebkitWasm/third_party/wasm-sysroot/lib/libz.so
-- Installing: /workspaces/.riftengine/WebkitWasm/third_party/wasm-sysroot/lib/libz.a
-- Installing: /workspaces/.riftengine/WebkitWasm/third_party/wasm-sysroot/include/zconf.h
-- Installing: /workspaces/.riftengine/WebkitWasm/third_party/wasm-sysroot/include/zlib.h
-- Installing: /workspaces/.riftengine/WebkitWasm/third_party/wasm-sysroot/share/man/man3/zlib.3
-- Installing: /workspaces/.riftengine/WebkitWasm/third_party/wasm-sysroot/share/pkgconfig/zlib.pc

===== third_party/build-deps/zlib-build/CMakeFiles/CMakeOutput.log =====
Determining size of off64_t passed with the following output:
Change Dir: '/workspaces/.riftengine/WebkitWasm/third_party/build-deps/zlib-build/CMakeFiles/CMakeTmp'

Run Build Command(s): /usr/bin/ninja -v cmTC_ac524
[1/2] /workspaces/.riftengine/WebkitWasm/third_party/emsdk/upstream/emscripten/emcc -DHAVE_STDDEF_H -DHAVE_STDINT_H -DHAVE_SYS_TYPES_H -D_LARGEFILE64_SOURCE=1  -O2 -pthread -MD -MT CMakeFiles/cmTC_ac524.dir/OFF64_T.c.o -MF CMakeFiles/cmTC_ac524.dir/OFF64_T.c.o.d -o CMakeFiles/cmTC_ac524.dir/OFF64_T.c.o -c /workspaces/.riftengine/WebkitWasm/third_party/build-deps/zlib-build/CMakeFiles/CheckTypeSize/OFF64_T.c
[2/2] : && /workspaces/.riftengine/WebkitWasm/third_party/emsdk/upstream/emscripten/emcc -O2 -pthread  CMakeFiles/cmTC_ac524.dir/OFF64_T.c.o -o cmTC_ac524.js  --oformat=wasm  -sWASM=1 && :




===== third_party/build-deps/zlib-build-configure.log =====
emcmake: cmake -S zlib -B zlib-build -GNinja -DCMAKE_BUILD_TYPE=Release -DCMAKE_INSTALL_PREFIX=/workspaces/.riftengine/WebkitWasm/third_party/wasm-sysroot -DCMAKE_FIND_ROOT_PATH=/workspaces/.riftengine/WebkitWasm/third_party/wasm-sysroot -DBUILD_SHARED_LIBS=OFF -DZLIB_BUILD_EXAMPLES=OFF -DCMAKE_TOOLCHAIN_FILE=/workspaces/.riftengine/WebkitWasm/third_party/emsdk/upstream/emscripten/cmake/Modules/Platform/Emscripten.cmake -DCMAKE_CROSSCOMPILING_EMULATOR=/workspaces/.riftengine/WebkitWasm/third_party/emsdk/node/24.19.0_64bit/bin/node in directory /workspaces/.riftengine/WebkitWasm/third_party/build-deps
-- Looking for sys/types.h
-- Looking for sys/types.h - found
-- Looking for stdint.h
-- Looking for stdint.h - found
-- Looking for stddef.h
-- Looking for stddef.h - found
-- Check size of off64_t
-- Check size of off64_t - done
-- Looking for fseeko
-- Looking for fseeko - found
-- Looking for unistd.h
-- Looking for unistd.h - found
-- Renaming
--     /workspaces/.riftengine/WebkitWasm/third_party/build-deps/zlib/zconf.h
-- to 'zconf.h.included' because this file is included with zlib
-- but CMake generates it automatically in the build directory.
-- Configuring done (8.4s)
-- Generating done (0.0s)
-- Build files have been written to: /workspaces/.riftengine/WebkitWasm/third_party/build-deps/zlib-build

Full transcript: /workspaces/.riftengine/riftengine-build.log
